"GEOID","NAME","H1_001N"
"06001400100","Census Tract 4001, Alameda County, California",1395
"06001400200","Census Tract 4002, Alameda County, California",892
"06001400300","Census Tract 4003, Alameda County, California",2764
"06001400400","Census Tract 4004, Alameda County, California",1958
"06001400500","Census Tract 4005, Alameda County, California",1694
"06001400600","Census Tract 4006, Alameda County, California",772
"06001400700","Census Tract 4007, Alameda County, California",2067
"06001400800","Census Tract 4008, Alameda County, California",1835
"06001400900","Census Tract 4009, Alameda County, California",1201
"06001401000","Census Tract 4010, Alameda County, California",2703
"06001401100","Census Tract 4011, Alameda County, California",2727
"06001401200","Census Tract 4012, Alameda County, California",1512
"06001401300","Census Tract 4013, Alameda County, California",2853
"06001401400","Census Tract 4014, Alameda County, California",1795
"06001401500","Census Tract 4015, Alameda County, California",1221
"06001401600","Census Tract 4016, Alameda County, California",1017
"06001401700","Census Tract 4017, Alameda County, California",1947
"06001401800","Census Tract 4018, Alameda County, California",848
"06001402200","Census Tract 4022, Alameda County, California",1050
"06001402400","Census Tract 4024, Alameda County, California",1163
"06001402500","Census Tract 4025, Alameda County, California",785
"06001402600","Census Tract 4026, Alameda County, California",673
"06001402700","Census Tract 4027, Alameda County, California",810
"06001402801","Census Tract 4028.01, Alameda County, California",1445
"06001402802","Census Tract 4028.02, Alameda County, California",958
"06001402900","Census Tract 4029, Alameda County, California",1502
"06001403000","Census Tract 4030, Alameda County, California",1763
"06001403100","Census Tract 4031, Alameda County, California",986
"06001403301","Census Tract 4033.01, Alameda County, California",831
"06001403302","Census Tract 4033.02, Alameda County, California",1859
"06001403401","Census Tract 4034.01, Alameda County, California",2085
"06001403402","Census Tract 4034.02, Alameda County, California",965
"06001403501","Census Tract 4035.01, Alameda County, California",3721
"06001403502","Census Tract 4035.02, Alameda County, California",1307
"06001403600","Census Tract 4036, Alameda County, California",2765
"06001403701","Census Tract 4037.01, Alameda County, California",1682
"06001403702","Census Tract 4037.02, Alameda County, California",1299
"06001403800","Census Tract 4038, Alameda County, California",1978
"06001403900","Census Tract 4039, Alameda County, California",2314
"06001404000","Census Tract 4040, Alameda County, California",1857
"06001404101","Census Tract 4041.01, Alameda County, California",1836
"06001404102","Census Tract 4041.02, Alameda County, California",1712
"06001404200","Census Tract 4042, Alameda County, California",1446
"06001404300","Census Tract 4043, Alameda County, California",1409
"06001404400","Census Tract 4044, Alameda County, California",2420
"06001404501","Census Tract 4045.01, Alameda County, California",710
"06001404502","Census Tract 4045.02, Alameda County, California",2565
"06001404600","Census Tract 4046, Alameda County, California",1902
"06001404700","Census Tract 4047, Alameda County, California",829
"06001404800","Census Tract 4048, Alameda County, California",1301
"06001404900","Census Tract 4049, Alameda County, California",2145
"06001405000","Census Tract 4050, Alameda County, California",1596
"06001405100","Census Tract 4051, Alameda County, California",1635
"06001405200","Census Tract 4052, Alameda County, California",2589
"06001405301","Census Tract 4053.01, Alameda County, California",1691
"06001405302","Census Tract 4053.02, Alameda County, California",1643
"06001405401","Census Tract 4054.01, Alameda County, California",1744
"06001405402","Census Tract 4054.02, Alameda County, California",1260
"06001405500","Census Tract 4055, Alameda County, California",1683
"06001405600","Census Tract 4056, Alameda County, California",1510
"06001405700","Census Tract 4057, Alameda County, California",1430
"06001405800","Census Tract 4058, Alameda County, California",1427
"06001405901","Census Tract 4059.01, Alameda County, California",1219
"06001405902","Census Tract 4059.02, Alameda County, California",1034
"06001406000","Census Tract 4060, Alameda County, California",2064
"06001406100","Census Tract 4061, Alameda County, California",1987
"06001406201","Census Tract 4062.01, Alameda County, California",1564
"06001406202","Census Tract 4062.02, Alameda County, California",1431
"06001406300","Census Tract 4063, Alameda County, California",1350
"06001406400","Census Tract 4064, Alameda County, California",750
"06001406500","Census Tract 4065, Alameda County, California",2031
"06001406601","Census Tract 4066.01, Alameda County, California",1831
"06001406602","Census Tract 4066.02, Alameda County, California",970
"06001406700","Census Tract 4067, Alameda County, California",2374
"06001406800","Census Tract 4068, Alameda County, California",1460
"06001406900","Census Tract 4069, Alameda County, California",1567
"06001407000","Census Tract 4070, Alameda County, California",2236
"06001407101","Census Tract 4071.01, Alameda County, California",1160
"06001407102","Census Tract 4071.02, Alameda County, California",1384
"06001407200","Census Tract 4072, Alameda County, California",2044
"06001407300","Census Tract 4073, Alameda County, California",878
"06001407400","Census Tract 4074, Alameda County, California",1278
"06001407500","Census Tract 4075, Alameda County, California",1402
"06001407600","Census Tract 4076, Alameda County, California",2260
"06001407700","Census Tract 4077, Alameda County, California",1844
"06001407800","Census Tract 4078, Alameda County, California",808
"06001407900","Census Tract 4079, Alameda County, California",1233
"06001408000","Census Tract 4080, Alameda County, California",1056
"06001408100","Census Tract 4081, Alameda County, California",2906
"06001408200","Census Tract 4082, Alameda County, California",1838
"06001408300","Census Tract 4083, Alameda County, California",1873
"06001408400","Census Tract 4084, Alameda County, California",1271
"06001408500","Census Tract 4085, Alameda County, California",1701
"06001408600","Census Tract 4086, Alameda County, California",1921
"06001408700","Census Tract 4087, Alameda County, California",2553
"06001408800","Census Tract 4088, Alameda County, California",2237
"06001408900","Census Tract 4089, Alameda County, California",1099
"06001409000","Census Tract 4090, Alameda County, California",1111
"06001409100","Census Tract 4091, Alameda County, California",677
"06001409200","Census Tract 4092, Alameda County, California",965
"06001409300","Census Tract 4093, Alameda County, California",1635
"06001409400","Census Tract 4094, Alameda County, California",1353
"06001409500","Census Tract 4095, Alameda County, California",1123
"06001409600","Census Tract 4096, Alameda County, California",1585
"06001409700","Census Tract 4097, Alameda County, California",1749
"06001409800","Census Tract 4098, Alameda County, California",1268
"06001409900","Census Tract 4099, Alameda County, California",1425
"06001410000","Census Tract 4100, Alameda County, California",1182
"06001410100","Census Tract 4101, Alameda County, California",1098
"06001410200","Census Tract 4102, Alameda County, California",1234
"06001410300","Census Tract 4103, Alameda County, California",1067
"06001410400","Census Tract 4104, Alameda County, California",1361
"06001410500","Census Tract 4105, Alameda County, California",915
"06001420100","Census Tract 4201, Alameda County, California",954
"06001420200","Census Tract 4202, Alameda County, California",1306
"06001420301","Census Tract 4203.01, Alameda County, California",1140
"06001420302","Census Tract 4203.02, Alameda County, California",1010
"06001420401","Census Tract 4204.01, Alameda County, California",478
"06001420402","Census Tract 4204.02, Alameda County, California",661
"06001420500","Census Tract 4205, Alameda County, California",1004
"06001420600","Census Tract 4206, Alameda County, California",1354
"06001421100","Census Tract 4211, Alameda County, California",879
"06001421200","Census Tract 4212, Alameda County, California",1520
"06001421300","Census Tract 4213, Alameda County, California",1726
"06001421400","Census Tract 4214, Alameda County, California",686
"06001421500","Census Tract 4215, Alameda County, California",1649
"06001421600","Census Tract 4216, Alameda County, California",1701
"06001421700","Census Tract 4217, Alameda County, California",1696
"06001421800","Census Tract 4218, Alameda County, California",939
"06001421900","Census Tract 4219, Alameda County, California",1793
"06001422000","Census Tract 4220, Alameda County, California",1390
"06001422100","Census Tract 4221, Alameda County, California",1372
"06001422200","Census Tract 4222, Alameda County, California",1678
"06001422300","Census Tract 4223, Alameda County, California",1956
"06001422400","Census Tract 4224, Alameda County, California",2320
"06001422500","Census Tract 4225, Alameda County, California",1783
"06001422700","Census Tract 4227, Alameda County, California",1308
"06001422800","Census Tract 4228, Alameda County, California",2325
"06001422901","Census Tract 4229.01, Alameda County, California",1254
"06001422902","Census Tract 4229.02, Alameda County, California",1421
"06001423000","Census Tract 4230, Alameda County, California",2293
"06001423100","Census Tract 4231, Alameda County, California",2076
"06001423200","Census Tract 4232, Alameda County, California",1252
"06001423300","Census Tract 4233, Alameda County, California",1683
"06001423400","Census Tract 4234, Alameda County, California",2242
"06001423500","Census Tract 4235, Alameda County, California",1618
"06001423601","Census Tract 4236.01, Alameda County, California",1348
"06001423602","Census Tract 4236.02, Alameda County, California",2853
"06001423700","Census Tract 4237, Alameda County, California",1564
"06001423800","Census Tract 4238, Alameda County, California",1449
"06001423901","Census Tract 4239.01, Alameda County, California",960
"06001423902","Census Tract 4239.02, Alameda County, California",749
"06001424001","Census Tract 4240.01, Alameda County, California",1667
"06001424002","Census Tract 4240.02, Alameda County, California",1086
"06001425101","Census Tract 4251.01, Alameda County, California",1353
"06001425102","Census Tract 4251.02, Alameda County, California",2324
"06001425103","Census Tract 4251.03, Alameda County, California",1533
"06001425104","Census Tract 4251.04, Alameda County, California",2315
"06001426100","Census Tract 4261, Alameda County, California",2207
"06001426200","Census Tract 4262, Alameda County, California",1745
"06001427100","Census Tract 4271, Alameda County, California",1509
"06001427200","Census Tract 4272, Alameda County, California",1772
"06001427300","Census Tract 4273, Alameda County, California",2357
"06001427600","Census Tract 4276, Alameda County, California",1866
"06001427700","Census Tract 4277, Alameda County, California",2573
"06001427800","Census Tract 4278, Alameda County, California",2168
"06001427900","Census Tract 4279, Alameda County, California",2228
"06001428000","Census Tract 4280, Alameda County, California",1447
"06001428100","Census Tract 4281, Alameda County, California",2118
"06001428200","Census Tract 4282, Alameda County, California",2788
"06001428301","Census Tract 4283.01, Alameda County, California",2546
"06001428302","Census Tract 4283.02, Alameda County, California",2690
"06001428400","Census Tract 4284, Alameda County, California",2037
"06001428500","Census Tract 4285, Alameda County, California",1564
"06001428600","Census Tract 4286, Alameda County, California",1640
"06001428700","Census Tract 4287, Alameda County, California",1706
"06001430101","Census Tract 4301.01, Alameda County, California",2309
"06001430102","Census Tract 4301.02, Alameda County, California",949
"06001430200","Census Tract 4302, Alameda County, California",2546
"06001430300","Census Tract 4303, Alameda County, California",1384
"06001430400","Census Tract 4304, Alameda County, California",767
"06001430500","Census Tract 4305, Alameda County, California",2256
"06001430600","Census Tract 4306, Alameda County, California",2199
"06001430700","Census Tract 4307, Alameda County, California",1440
"06001430800","Census Tract 4308, Alameda County, California",2268
"06001430900","Census Tract 4309, Alameda County, California",1925
"06001431000","Census Tract 4310, Alameda County, California",1264
"06001431100","Census Tract 4311, Alameda County, California",1403
"06001431200","Census Tract 4312, Alameda County, California",2696
"06001432100","Census Tract 4321, Alameda County, California",1498
"06001432200","Census Tract 4322, Alameda County, California",1811
"06001432300","Census Tract 4323, Alameda County, California",1720
"06001432400","Census Tract 4324, Alameda County, California",1953
"06001432501","Census Tract 4325.01, Alameda County, California",1525
"06001432502","Census Tract 4325.02, Alameda County, California",1486
"06001432601","Census Tract 4326.01, Alameda County, California",1890
"06001432602","Census Tract 4326.02, Alameda County, California",1405
"06001432700","Census Tract 4327, Alameda County, California",1081
"06001432800","Census Tract 4328, Alameda County, California",1532
"06001433000","Census Tract 4330, Alameda County, California",1483
"06001433102","Census Tract 4331.02, Alameda County, California",1403
"06001433103","Census Tract 4331.03, Alameda County, California",1551
"06001433104","Census Tract 4331.04, Alameda County, California",1925
"06001433200","Census Tract 4332, Alameda County, California",2892
"06001433300","Census Tract 4333, Alameda County, California",2245
"06001433400","Census Tract 4334, Alameda County, California",2393
"06001433500","Census Tract 4335, Alameda County, California",1439
"06001433600","Census Tract 4336, Alameda County, California",2175
"06001433700","Census Tract 4337, Alameda County, California",1102
"06001433801","Census Tract 4338.01, Alameda County, California",1236
"06001433802","Census Tract 4338.02, Alameda County, California",1393
"06001433900","Census Tract 4339, Alameda County, California",2406
"06001434000","Census Tract 4340, Alameda County, California",1887
"06001435102","Census Tract 4351.02, Alameda County, California",1767
"06001435103","Census Tract 4351.03, Alameda County, California",2550
"06001435104","Census Tract 4351.04, Alameda County, California",2940
"06001435200","Census Tract 4352, Alameda County, California",1477
"06001435300","Census Tract 4353, Alameda County, California",1772
"06001435400","Census Tract 4354, Alameda County, California",2187
"06001435500","Census Tract 4355, Alameda County, California",1540
"06001435601","Census Tract 4356.01, Alameda County, California",1718
"06001435602","Census Tract 4356.02, Alameda County, California",1775
"06001435700","Census Tract 4357, Alameda County, California",1523
"06001435800","Census Tract 4358, Alameda County, California",1767
"06001435900","Census Tract 4359, Alameda County, California",1702
"06001436000","Census Tract 4360, Alameda County, California",1568
"06001436100","Census Tract 4361, Alameda County, California",1817
"06001436200","Census Tract 4362, Alameda County, California",1336
"06001436301","Census Tract 4363.01, Alameda County, California",1800
"06001436302","Census Tract 4363.02, Alameda County, California",1350
"06001436402","Census Tract 4364.02, Alameda County, California",1102
"06001436403","Census Tract 4364.03, Alameda County, California",1860
"06001436404","Census Tract 4364.04, Alameda County, California",1265
"06001436500","Census Tract 4365, Alameda County, California",1936
"06001436601","Census Tract 4366.01, Alameda County, California",1956
"06001436602","Census Tract 4366.02, Alameda County, California",1878
"06001436700","Census Tract 4367, Alameda County, California",1134
"06001436800","Census Tract 4368, Alameda County, California",1426
"06001436900","Census Tract 4369, Alameda County, California",1970
"06001437000","Census Tract 4370, Alameda County, California",1279
"06001437101","Census Tract 4371.01, Alameda County, California",2162
"06001437102","Census Tract 4371.02, Alameda County, California",1540
"06001437200","Census Tract 4372, Alameda County, California",2992
"06001437300","Census Tract 4373, Alameda County, California",952
"06001437400","Census Tract 4374, Alameda County, California",956
"06001437500","Census Tract 4375, Alameda County, California",1241
"06001437600","Census Tract 4376, Alameda County, California",958
"06001437701","Census Tract 4377.01, Alameda County, California",1134
"06001437702","Census Tract 4377.02, Alameda County, California",1132
"06001437800","Census Tract 4378, Alameda County, California",1400
"06001437900","Census Tract 4379, Alameda County, California",731
"06001438000","Census Tract 4380, Alameda County, California",1107
"06001438100","Census Tract 4381, Alameda County, California",2210
"06001438201","Census Tract 4382.01, Alameda County, California",1260
"06001438203","Census Tract 4382.03, Alameda County, California",1273
"06001438204","Census Tract 4382.04, Alameda County, California",1957
"06001438300","Census Tract 4383, Alameda County, California",928
"06001438400","Census Tract 4384, Alameda County, California",742
"06001440100","Census Tract 4401, Alameda County, California",1161
"06001440200","Census Tract 4402, Alameda County, California",1495
"06001440301","Census Tract 4403.01, Alameda County, California",2234
"06001440304","Census Tract 4403.04, Alameda County, California",1363
"06001440305","Census Tract 4403.05, Alameda County, California",1026
"06001440306","Census Tract 4403.06, Alameda County, California",1062
"06001440307","Census Tract 4403.07, Alameda County, California",1695
"06001440308","Census Tract 4403.08, Alameda County, California",1931
"06001440331","Census Tract 4403.31, Alameda County, California",950
"06001440332","Census Tract 4403.32, Alameda County, California",878
"06001440333","Census Tract 4403.33, Alameda County, California",833
"06001440334","Census Tract 4403.34, Alameda County, California",1084
"06001440336","Census Tract 4403.36, Alameda County, California",1483
"06001440337","Census Tract 4403.37, Alameda County, California",751
"06001440338","Census Tract 4403.38, Alameda County, California",1835
"06001441100","Census Tract 4411, Alameda County, California",1600
"06001441200","Census Tract 4412, Alameda County, California",2633
"06001441301","Census Tract 4413.01, Alameda County, California",1209
"06001441302","Census Tract 4413.02, Alameda County, California",1876
"06001441401","Census Tract 4414.01, Alameda County, California",2414
"06001441402","Census Tract 4414.02, Alameda County, California",1751
"06001441501","Census Tract 4415.01, Alameda County, California",1773
"06001441503","Census Tract 4415.03, Alameda County, California",2426
"06001441521","Census Tract 4415.21, Alameda County, California",1806
"06001441522","Census Tract 4415.22, Alameda County, California",1466
"06001441523","Census Tract 4415.23, Alameda County, California",1405
"06001441524","Census Tract 4415.24, Alameda County, California",1328
"06001441525","Census Tract 4415.25, Alameda County, California",835
"06001441601","Census Tract 4416.01, Alameda County, California",1450
"06001441602","Census Tract 4416.02, Alameda County, California",2323
"06001441701","Census Tract 4417.01, Alameda County, California",1148
"06001441702","Census Tract 4417.02, Alameda County, California",2011
"06001441800","Census Tract 4418, Alameda County, California",2420
"06001441921","Census Tract 4419.21, Alameda County, California",1298
"06001441923","Census Tract 4419.23, Alameda County, California",2650
"06001441924","Census Tract 4419.24, Alameda County, California",2947
"06001441926","Census Tract 4419.26, Alameda County, California",1514
"06001441927","Census Tract 4419.27, Alameda County, California",1700
"06001441928","Census Tract 4419.28, Alameda County, California",1499
"06001441929","Census Tract 4419.29, Alameda County, California",1589
"06001442000","Census Tract 4420, Alameda County, California",1075
"06001442100","Census Tract 4421, Alameda County, California",1700
"06001442200","Census Tract 4422, Alameda County, California",2295
"06001442301","Census Tract 4423.01, Alameda County, California",1605
"06001442302","Census Tract 4423.02, Alameda County, California",2302
"06001442400","Census Tract 4424, Alameda County, California",1974
"06001442501","Census Tract 4425.01, Alameda County, California",1054
"06001442502","Census Tract 4425.02, Alameda County, California",1183
"06001442601","Census Tract 4426.01, Alameda County, California",1284
"06001442602","Census Tract 4426.02, Alameda County, California",1770
"06001442700","Census Tract 4427, Alameda County, California",1072
"06001442800","Census Tract 4428, Alameda County, California",953
"06001442900","Census Tract 4429, Alameda County, California",2398
"06001443001","Census Tract 4430.01, Alameda County, California",816
"06001443002","Census Tract 4430.02, Alameda County, California",1947
"06001443102","Census Tract 4431.02, Alameda County, California",1498
"06001443103","Census Tract 4431.03, Alameda County, California",1235
"06001443104","Census Tract 4431.04, Alameda County, California",1892
"06001443105","Census Tract 4431.05, Alameda County, California",1482
"06001443200","Census Tract 4432, Alameda County, California",1178
"06001443301","Census Tract 4433.01, Alameda County, California",1234
"06001443321","Census Tract 4433.21, Alameda County, California",1212
"06001443322","Census Tract 4433.22, Alameda County, California",972
"06001444100","Census Tract 4441, Alameda County, California",2606
"06001444200","Census Tract 4442, Alameda County, California",1970
"06001444301","Census Tract 4443.01, Alameda County, California",1165
"06001444303","Census Tract 4443.03, Alameda County, California",1
"06001444304","Census Tract 4443.04, Alameda County, California",2298
"06001444400","Census Tract 4444, Alameda County, California",1519
"06001444500","Census Tract 4445, Alameda County, California",2004
"06001444601","Census Tract 4446.01, Alameda County, California",1907
"06001444602","Census Tract 4446.02, Alameda County, California",1902
"06001450101","Census Tract 4501.01, Alameda County, California",2935
"06001450102","Census Tract 4501.02, Alameda County, California",1845
"06001450200","Census Tract 4502, Alameda County, California",2889
"06001450300","Census Tract 4503, Alameda County, California",1947
"06001450400","Census Tract 4504, Alameda County, California",2853
"06001450501","Census Tract 4505.01, Alameda County, California",1283
"06001450502","Census Tract 4505.02, Alameda County, California",1911
"06001450601","Census Tract 4506.01, Alameda County, California",1358
"06001450603","Census Tract 4506.03, Alameda County, California",1559
"06001450604","Census Tract 4506.04, Alameda County, California",1704
"06001450605","Census Tract 4506.05, Alameda County, California",1412
"06001450606","Census Tract 4506.06, Alameda County, California",2110
"06001450607","Census Tract 4506.07, Alameda County, California",2557
"06001450608","Census Tract 4506.08, Alameda County, California",1445
"06001450609","Census Tract 4506.09, Alameda County, California",1845
"06001450701","Census Tract 4507.01, Alameda County, California",2764
"06001450741","Census Tract 4507.41, Alameda County, California",2093
"06001450742","Census Tract 4507.42, Alameda County, California",2276
"06001450743","Census Tract 4507.43, Alameda County, California",3582
"06001450744","Census Tract 4507.44, Alameda County, California",2286
"06001450745","Census Tract 4507.45, Alameda County, California",2239
"06001450746","Census Tract 4507.46, Alameda County, California",1232
"06001450750","Census Tract 4507.50, Alameda County, California",2702
"06001450751","Census Tract 4507.51, Alameda County, California",3497
"06001450752","Census Tract 4507.52, Alameda County, California",2867
"06001451102","Census Tract 4511.02, Alameda County, California",1372
"06001451103","Census Tract 4511.03, Alameda County, California",502
"06001451104","Census Tract 4511.04, Alameda County, California",2504
"06001451201","Census Tract 4512.01, Alameda County, California",2790
"06001451202","Census Tract 4512.02, Alameda County, California",2167
"06001451300","Census Tract 4513, Alameda County, California",2345
"06001451401","Census Tract 4514.01, Alameda County, California",2412
"06001451403","Census Tract 4514.03, Alameda County, California",783
"06001451404","Census Tract 4514.04, Alameda County, California",2275
"06001451501","Census Tract 4515.01, Alameda County, California",1932
"06001451503","Census Tract 4515.03, Alameda County, California",2418
"06001451504","Census Tract 4515.04, Alameda County, California",600
"06001451505","Census Tract 4515.05, Alameda County, California",1154
"06001451506","Census Tract 4515.06, Alameda County, California",1111
"06001451601","Census Tract 4516.01, Alameda County, California",1964
"06001451602","Census Tract 4516.02, Alameda County, California",2844
"06001451701","Census Tract 4517.01, Alameda County, California",1113
"06001451703","Census Tract 4517.03, Alameda County, California",1337
"06001451704","Census Tract 4517.04, Alameda County, California",1694
"06001981900","Census Tract 9819, Alameda County, California",25
"06001982000","Census Tract 9820, Alameda County, California",41
"06001982100","Census Tract 9821, Alameda County, California",95
"06001983200","Census Tract 9832, Alameda County, California",554
"06001990000","Census Tract 9900, Alameda County, California",0
"06003010000","Census Tract 100, Alpine County, California",1540
"06005000101","Census Tract 1.01, Amador County, California",2651
"06005000102","Census Tract 1.02, Amador County, California",1651
"06005000201","Census Tract 2.01, Amador County, California",1627
"06005000202","Census Tract 2.02, Amador County, California",986
"06005000301","Census Tract 3.01, Amador County, California",779
"06005000303","Census Tract 3.03, Amador County, California",2800
"06005000304","Census Tract 3.04, Amador County, California",1786
"06005000401","Census Tract 4.01, Amador County, California",2662
"06005000402","Census Tract 4.02, Amador County, California",2327
"06005000500","Census Tract 5, Amador County, California",1536
"06007000102","Census Tract 1.02, Butte County, California",1822
"06007000103","Census Tract 1.03, Butte County, California",2291
"06007000104","Census Tract 1.04, Butte County, California",2605
"06007000201","Census Tract 2.01, Butte County, California",2058
"06007000202","Census Tract 2.02, Butte County, California",2048
"06007000300","Census Tract 3, Butte County, California",2075
"06007000401","Census Tract 4.01, Butte County, California",2012
"06007000403","Census Tract 4.03, Butte County, California",1580
"06007000404","Census Tract 4.04, Butte County, California",1624
"06007000501","Census Tract 5.01, Butte County, California",1937
"06007000502","Census Tract 5.02, Butte County, California",2146
"06007000601","Census Tract 6.01, Butte County, California",1421
"06007000603","Census Tract 6.03, Butte County, California",1144
"06007000604","Census Tract 6.04, Butte County, California",1982
"06007000700","Census Tract 7, Butte County, California",2590
"06007000800","Census Tract 8, Butte County, California",2342
"06007000901","Census Tract 9.01, Butte County, California",1197
"06007000903","Census Tract 9.03, Butte County, California",3134
"06007000904","Census Tract 9.04, Butte County, California",2988
"06007001000","Census Tract 10, Butte County, California",2534
"06007001100","Census Tract 11, Butte County, California",2054
"06007001200","Census Tract 12, Butte County, California",1691
"06007001300","Census Tract 13, Butte County, California",1598
"06007001400","Census Tract 14, Butte County, California",2317
"06007001500","Census Tract 15, Butte County, California",2157
"06007001601","Census Tract 16.01, Butte County, California",1094
"06007001602","Census Tract 16.02, Butte County, California",1760
"06007001702","Census Tract 17.02, Butte County, California",1648
"06007001703","Census Tract 17.03, Butte County, California",769
"06007001704","Census Tract 17.04, Butte County, California",1449
"06007001800","Census Tract 18, Butte County, California",435
"06007001900","Census Tract 19, Butte County, California",370
"06007002000","Census Tract 20, Butte County, California",445
"06007002100","Census Tract 21, Butte County, California",524
"06007002200","Census Tract 22, Butte County, California",817
"06007002300","Census Tract 23, Butte County, California",854
"06007002401","Census Tract 24.01, Butte County, California",880
"06007002402","Census Tract 24.02, Butte County, California",2090
"06007002500","Census Tract 25, Butte County, California",1716
"06007002601","Census Tract 26.01, Butte County, California",1186
"06007002602","Census Tract 26.02, Butte County, California",1840
"06007002700","Census Tract 27, Butte County, California",2358
"06007002800","Census Tract 28, Butte County, California",2099
"06007002900","Census Tract 29, Butte County, California",1038
"06007003001","Census Tract 30.01, Butte County, California",1170
"06007003002","Census Tract 30.02, Butte County, California",1257
"06007003100","Census Tract 31, Butte County, California",1806
"06007003200","Census Tract 32, Butte County, California",1679
"06007003300","Census Tract 33, Butte County, California",2063
"06007003400","Census Tract 34, Butte County, California",1115
"06007003501","Census Tract 35.01, Butte County, California",1333
"06007003502","Census Tract 35.02, Butte County, California",1724
"06007003600","Census Tract 36, Butte County, California",1315
"06007003700","Census Tract 37, Butte County, California",1952
"06009000121","Census Tract 1.21, Calaveras County, California",2226
"06009000122","Census Tract 1.22, Calaveras County, California",2094
"06009000123","Census Tract 1.23, Calaveras County, California",1838
"06009000124","Census Tract 1.24, Calaveras County, California",1143
"06009000220","Census Tract 2.20, Calaveras County, California",2322
"06009000221","Census Tract 2.21, Calaveras County, California",2399
"06009000222","Census Tract 2.22, Calaveras County, California",1773
"06009000301","Census Tract 3.01, Calaveras County, California",1993
"06009000302","Census Tract 3.02, Calaveras County, California",1229
"06009000400","Census Tract 4, Calaveras County, California",2282
"06009000501","Census Tract 5.01, Calaveras County, California",2632
"06009000504","Census Tract 5.04, Calaveras County, California",2205
"06009000505","Census Tract 5.05, Calaveras County, California",1693
"06009000506","Census Tract 5.06, Calaveras County, California",1593
"06011000100","Census Tract 1, Colusa County, California",1787
"06011000200","Census Tract 2, Colusa County, California",1940
"06011000301","Census Tract 3.01, Colusa County, California",1436
"06011000302","Census Tract 3.02, Colusa County, California",680
"06011000400","Census Tract 4, Colusa County, California",1144
"06011000500","Census Tract 5, Colusa County, California",1112
"06013301000","Census Tract 3010, Contra Costa County, California",2413
"06013302005","Census Tract 3020.05, Contra Costa County, California",2576
"06013302006","Census Tract 3020.06, Contra Costa County, California",1307
"06013302007","Census Tract 3020.07, Contra Costa County, California",2249
"06013302009","Census Tract 3020.09, Contra Costa County, California",2321
"06013302011","Census Tract 3020.11, Contra Costa County, California",1557
"06013302012","Census Tract 3020.12, Contra Costa County, California",1529
"06013302013","Census Tract 3020.13, Contra Costa County, California",1076
"06013302014","Census Tract 3020.14, Contra Costa County, California",2334
"06013303104","Census Tract 3031.04, Contra Costa County, California",1992
"06013303105","Census Tract 3031.05, Contra Costa County, California",1079
"06013303106","Census Tract 3031.06, Contra Costa County, California",2220
"06013303107","Census Tract 3031.07, Contra Costa County, California",2179
"06013303202","Census Tract 3032.02, Contra Costa County, California",2746
"06013303204","Census Tract 3032.04, Contra Costa County, California",1706
"06013303206","Census Tract 3032.06, Contra Costa County, California",1402
"06013303207","Census Tract 3032.07, Contra Costa County, California",1988
"06013303208","Census Tract 3032.08, Contra Costa County, California",1524
"06013303209","Census Tract 3032.09, Contra Costa County, California",1510
"06013303210","Census Tract 3032.10, Contra Costa County, California",2025
"06013303211","Census Tract 3032.11, Contra Costa County, California",1555
"06013304001","Census Tract 3040.01, Contra Costa County, California",2226
"06013304002","Census Tract 3040.02, Contra Costa County, California",434
"06013304003","Census Tract 3040.03, Contra Costa County, California",1770
"06013304004","Census Tract 3040.04, Contra Costa County, California",1770
"06013304006","Census Tract 3040.06, Contra Costa County, California",1299
"06013304007","Census Tract 3040.07, Contra Costa County, California",1397
"06013305000","Census Tract 3050, Contra Costa County, California",2524
"06013306002","Census Tract 3060.02, Contra Costa County, California",1209
"06013306003","Census Tract 3060.03, Contra Costa County, California",1825
"06013306004","Census Tract 3060.04, Contra Costa County, California",1251
"06013307101","Census Tract 3071.01, Contra Costa County, California",1738
"06013307102","Census Tract 3071.02, Contra Costa County, California",1846
"06013307201","Census Tract 3072.01, Contra Costa County, California",1169
"06013307202","Census Tract 3072.02, Contra Costa County, California",1638
"06013307204","Census Tract 3072.04, Contra Costa County, California",1366
"06013307205","Census Tract 3072.05, Contra Costa County, California",2796
"06013308001","Census Tract 3080.01, Contra Costa County, California",2624
"06013308002","Census Tract 3080.02, Contra Costa County, California",1607
"06013309000","Census Tract 3090, Contra Costa County, California",1425
"06013310000","Census Tract 3100, Contra Costa County, California",1855
"06013311000","Census Tract 3110, Contra Costa County, California",1629
"06013312000","Census Tract 3120, Contra Costa County, California",961
"06013313102","Census Tract 3131.02, Contra Costa County, California",1570
"06013313104","Census Tract 3131.04, Contra Costa County, California",1065
"06013313105","Census Tract 3131.05, Contra Costa County, California",2322
"06013313106","Census Tract 3131.06, Contra Costa County, California",1929
"06013313107","Census Tract 3131.07, Contra Costa County, California",945
"06013313203","Census Tract 3132.03, Contra Costa County, California",1023
"06013313204","Census Tract 3132.04, Contra Costa County, California",1885
"06013313205","Census Tract 3132.05, Contra Costa County, California",524
"06013313206","Census Tract 3132.06, Contra Costa County, California",1724
"06013314102","Census Tract 3141.02, Contra Costa County, California",1936
"06013314103","Census Tract 3141.03, Contra Costa County, California",1630
"06013314105","Census Tract 3141.05, Contra Costa County, California",1474
"06013314106","Census Tract 3141.06, Contra Costa County, California",1100
"06013314200","Census Tract 3142, Contra Costa County, California",1841
"06013315000","Census Tract 3150, Contra Costa County, California",1223
"06013316000","Census Tract 3160, Contra Costa County, California",561
"06013317000","Census Tract 3170, Contra Costa County, California",1081
"06013318000","Census Tract 3180, Contra Costa County, California",1590
"06013319001","Census Tract 3190.01, Contra Costa County, California",1695
"06013319002","Census Tract 3190.02, Contra Costa County, California",1680
"06013320001","Census Tract 3200.01, Contra Costa County, California",1259
"06013320003","Census Tract 3200.03, Contra Costa County, California",1051
"06013320004","Census Tract 3200.04, Contra Costa County, California",2826
"06013321101","Census Tract 3211.01, Contra Costa County, California",2577
"06013321102","Census Tract 3211.02, Contra Costa County, California",2795
"06013321103","Census Tract 3211.03, Contra Costa County, California",1913
"06013321200","Census Tract 3212, Contra Costa County, California",2422
"06013322000","Census Tract 3220, Contra Costa County, California",2625
"06013323000","Census Tract 3230, Contra Costa County, California",1763
"06013324002","Census Tract 3240.02, Contra Costa County, California",2601
"06013324003","Census Tract 3240.03, Contra Costa County, California",1889
"06013324004","Census Tract 3240.04, Contra Costa County, California",1469
"06013325000","Census Tract 3250, Contra Costa County, California",2232
"06013326000","Census Tract 3260, Contra Costa County, California",1415
"06013327001","Census Tract 3270.01, Contra Costa County, California",1280
"06013327002","Census Tract 3270.02, Contra Costa County, California",1722
"06013328000","Census Tract 3280, Contra Costa County, California",1465
"06013329000","Census Tract 3290, Contra Costa County, California",2366
"06013330000","Census Tract 3300, Contra Costa County, California",2021
"06013331000","Census Tract 3310, Contra Costa County, California",2834
"06013332000","Census Tract 3320, Contra Costa County, California",2872
"06013333101","Census Tract 3331.01, Contra Costa County, California",1523
"06013333102","Census Tract 3331.02, Contra Costa County, California",1575
"06013333200","Census Tract 3332, Contra Costa County, California",2239
"06013334001","Census Tract 3340.01, Contra Costa County, California",1591
"06013334006","Census Tract 3340.06, Contra Costa County, California",1736
"06013334007","Census Tract 3340.07, Contra Costa County, California",1758
"06013334008","Census Tract 3340.08, Contra Costa County, California",1634
"06013334200","Census Tract 3342, Contra Costa County, California",2914
"06013335000","Census Tract 3350, Contra Costa County, California",1277
"06013336101","Census Tract 3361.01, Contra Costa County, California",1635
"06013336103","Census Tract 3361.03, Contra Costa County, California",1474
"06013336104","Census Tract 3361.04, Contra Costa County, California",1236
"06013336201","Census Tract 3362.01, Contra Costa County, California",1263
"06013336202","Census Tract 3362.02, Contra Costa County, California",1719
"06013337100","Census Tract 3371, Contra Costa County, California",1251
"06013337201","Census Tract 3372.01, Contra Costa County, California",1127
"06013337202","Census Tract 3372.02, Contra Costa County, California",2024
"06013337300","Census Tract 3373, Contra Costa County, California",2360
"06013338101","Census Tract 3381.01, Contra Costa County, California",1889
"06013338102","Census Tract 3381.02, Contra Costa County, California",1375
"06013338201","Census Tract 3382.01, Contra Costa County, California",1466
"06013338203","Census Tract 3382.03, Contra Costa County, California",2755
"06013338204","Census Tract 3382.04, Contra Costa County, California",2969
"06013338301","Census Tract 3383.01, Contra Costa County, California",1064
"06013338302","Census Tract 3383.02, Contra Costa County, California",2199
"06013339001","Census Tract 3390.01, Contra Costa County, California",2084
"06013339003","Census Tract 3390.03, Contra Costa County, California",2634
"06013339004","Census Tract 3390.04, Contra Costa County, California",1988
"06013340001","Census Tract 3400.01, Contra Costa County, California",2587
"06013340003","Census Tract 3400.03, Contra Costa County, California",1563
"06013340004","Census Tract 3400.04, Contra Costa County, California",1582
"06013341000","Census Tract 3410, Contra Costa County, California",2177
"06013343001","Census Tract 3430.01, Contra Costa County, California",2233
"06013343002","Census Tract 3430.02, Contra Costa County, California",2103
"06013343003","Census Tract 3430.03, Contra Costa County, California",1550
"06013345101","Census Tract 3451.01, Contra Costa County, California",2176
"06013345102","Census Tract 3451.02, Contra Costa County, California",1379
"06013345103","Census Tract 3451.03, Contra Costa County, California",1992
"06013345105","Census Tract 3451.05, Contra Costa County, California",2255
"06013345111","Census Tract 3451.11, Contra Costa County, California",2284
"06013345112","Census Tract 3451.12, Contra Costa County, California",3022
"06013345113","Census Tract 3451.13, Contra Costa County, California",1595
"06013345114","Census Tract 3451.14, Contra Costa County, California",2624
"06013345115","Census Tract 3451.15, Contra Costa County, California",2100
"06013345116","Census Tract 3451.16, Contra Costa County, California",971
"06013345117","Census Tract 3451.17, Contra Costa County, California",1749
"06013345118","Census Tract 3451.18, Contra Costa County, California",1802
"06013345203","Census Tract 3452.03, Contra Costa County, California",2948
"06013345204","Census Tract 3452.04, Contra Costa County, California",1335
"06013345205","Census Tract 3452.05, Contra Costa County, California",2420
"06013345206","Census Tract 3452.06, Contra Costa County, California",1246
"06013346101","Census Tract 3461.01, Contra Costa County, California",1337
"06013346102","Census Tract 3461.02, Contra Costa County, California",2030
"06013346203","Census Tract 3462.03, Contra Costa County, California",1458
"06013346204","Census Tract 3462.04, Contra Costa County, California",2606
"06013346205","Census Tract 3462.05, Contra Costa County, California",1519
"06013346206","Census Tract 3462.06, Contra Costa County, California",1262
"06013347000","Census Tract 3470, Contra Costa County, California",2379
"06013348000","Census Tract 3480, Contra Costa County, California",1748
"06013349000","Census Tract 3490, Contra Costa County, California",2192
"06013350000","Census Tract 3500, Contra Costa County, California",2708
"06013351101","Census Tract 3511.01, Contra Costa County, California",2204
"06013351103","Census Tract 3511.03, Contra Costa County, California",1504
"06013351104","Census Tract 3511.04, Contra Costa County, California",1596
"06013351105","Census Tract 3511.05, Contra Costa County, California",1457
"06013351200","Census Tract 3512, Contra Costa County, California",2091
"06013352101","Census Tract 3521.01, Contra Costa County, California",927
"06013352102","Census Tract 3521.02, Contra Costa County, California",1879
"06013352201","Census Tract 3522.01, Contra Costa County, California",2435
"06013352202","Census Tract 3522.02, Contra Costa County, California",1088
"06013353001","Census Tract 3530.01, Contra Costa County, California",1524
"06013353002","Census Tract 3530.02, Contra Costa County, California",1542
"06013354001","Census Tract 3540.01, Contra Costa County, California",751
"06013354002","Census Tract 3540.02, Contra Costa County, California",2814
"06013355107","Census Tract 3551.07, Contra Costa County, California",1794
"06013355109","Census Tract 3551.09, Contra Costa County, California",2221
"06013355110","Census Tract 3551.10, Contra Costa County, California",1251
"06013355111","Census Tract 3551.11, Contra Costa County, California",2017
"06013355112","Census Tract 3551.12, Contra Costa County, California",2170
"06013355113","Census Tract 3551.13, Contra Costa County, California",1728
"06013355115","Census Tract 3551.15, Contra Costa County, California",3636
"06013355118","Census Tract 3551.18, Contra Costa County, California",1252
"06013355119","Census Tract 3551.19, Contra Costa County, California",1272
"06013355120","Census Tract 3551.20, Contra Costa County, California",1202
"06013355121","Census Tract 3551.21, Contra Costa County, California",2205
"06013355122","Census Tract 3551.22, Contra Costa County, California",1483
"06013355123","Census Tract 3551.23, Contra Costa County, California",758
"06013355124","Census Tract 3551.24, Contra Costa County, California",1204
"06013355125","Census Tract 3551.25, Contra Costa County, California",1229
"06013355126","Census Tract 3551.26, Contra Costa County, California",1538
"06013355201","Census Tract 3552.01, Contra Costa County, California",2613
"06013355202","Census Tract 3552.02, Contra Costa County, California",1406
"06013355302","Census Tract 3553.02, Contra Costa County, California",1229
"06013355306","Census Tract 3553.06, Contra Costa County, California",1859
"06013355307","Census Tract 3553.07, Contra Costa County, California",1741
"06013355308","Census Tract 3553.08, Contra Costa County, California",1401
"06013355309","Census Tract 3553.09, Contra Costa County, California",1625
"06013355310","Census Tract 3553.10, Contra Costa County, California",1248
"06013356001","Census Tract 3560.01, Contra Costa County, California",1209
"06013356002","Census Tract 3560.02, Contra Costa County, California",2102
"06013357000","Census Tract 3570, Contra Costa County, California",1650
"06013358000","Census Tract 3580, Contra Costa County, California",2224
"06013359102","Census Tract 3591.02, Contra Costa County, California",2005
"06013359103","Census Tract 3591.03, Contra Costa County, California",2082
"06013359104","Census Tract 3591.04, Contra Costa County, California",961
"06013359105","Census Tract 3591.05, Contra Costa County, California",1985
"06013359202","Census Tract 3592.02, Contra Costa County, California",2311
"06013359203","Census Tract 3592.03, Contra Costa County, California",2401
"06013359204","Census Tract 3592.04, Contra Costa County, California",1539
"06013360101","Census Tract 3601.01, Contra Costa County, California",1732
"06013360102","Census Tract 3601.02, Contra Costa County, California",1556
"06013360200","Census Tract 3602, Contra Costa County, California",1892
"06013361000","Census Tract 3610, Contra Costa County, California",1828
"06013362000","Census Tract 3620, Contra Costa County, California",1240
"06013363000","Census Tract 3630, Contra Costa County, California",2832
"06013364002","Census Tract 3640.02, Contra Costa County, California",1937
"06013365002","Census Tract 3650.02, Contra Costa County, California",1553
"06013365003","Census Tract 3650.03, Contra Costa County, California",2420
"06013366001","Census Tract 3660.01, Contra Costa County, California",1326
"06013366002","Census Tract 3660.02, Contra Costa County, California",1852
"06013367100","Census Tract 3671, Contra Costa County, California",2154
"06013367200","Census Tract 3672, Contra Costa County, California",1746
"06013368001","Census Tract 3680.01, Contra Costa County, California",1430
"06013368002","Census Tract 3680.02, Contra Costa County, California",1134
"06013369001","Census Tract 3690.01, Contra Costa County, California",2512
"06013369002","Census Tract 3690.02, Contra Costa County, California",1126
"06013370000","Census Tract 3700, Contra Costa County, California",1166
"06013371000","Census Tract 3710, Contra Costa County, California",2056
"06013372000","Census Tract 3720, Contra Costa County, California",2400
"06013373000","Census Tract 3730, Contra Costa County, California",1230
"06013374000","Census Tract 3740, Contra Costa County, California",1856
"06013375000","Census Tract 3750, Contra Costa County, California",1302
"06013376000","Census Tract 3760, Contra Costa County, California",2037
"06013377000","Census Tract 3770, Contra Costa County, California",2513
"06013378000","Census Tract 3780, Contra Costa County, California",2090
"06013379000","Census Tract 3790, Contra Costa County, California",2073
"06013380001","Census Tract 3800.01, Contra Costa County, California",2054
"06013380002","Census Tract 3800.02, Contra Costa County, California",1312
"06013381000","Census Tract 3810, Contra Costa County, California",2266
"06013382000","Census Tract 3820, Contra Costa County, California",2850
"06013383000","Census Tract 3830, Contra Costa County, California",2111
"06013384000","Census Tract 3840, Contra Costa County, California",1739
"06013385100","Census Tract 3851, Contra Costa County, California",1197
"06013385200","Census Tract 3852, Contra Costa County, California",593
"06013386000","Census Tract 3860, Contra Costa County, California",1530
"06013387000","Census Tract 3870, Contra Costa County, California",1272
"06013388000","Census Tract 3880, Contra Costa County, California",1217
"06013389100","Census Tract 3891, Contra Costa County, California",1068
"06013389200","Census Tract 3892, Contra Costa County, California",806
"06013390100","Census Tract 3901, Contra Costa County, California",981
"06013390200","Census Tract 3902, Contra Costa County, California",799
"06013391000","Census Tract 3910, Contra Costa County, California",1167
"06013392000","Census Tract 3920, Contra Costa County, California",1133
"06013392201","Census Tract 3922.01, Contra Costa County, California",1775
"06013392202","Census Tract 3922.02, Contra Costa County, California",1508
"06013392300","Census Tract 3923, Contra Costa County, California",1074
"06013980000","Census Tract 9800, Contra Costa County, California",1
"06013990000","Census Tract 9900, Contra Costa County, California",0
"06015000101","Census Tract 1.01, Del Norte County, California",1730
"06015000102","Census Tract 1.02, Del Norte County, California",1551
"06015000104","Census Tract 1.04, Del Norte County, California",860
"06015000106","Census Tract 1.06, Del Norte County, California",1482
"06015000107","Census Tract 1.07, Del Norte County, California",1474
"06015000201","Census Tract 2.01, Del Norte County, California",1496
"06015000202","Census Tract 2.02, Del Norte County, California",1909
"06015000203","Census Tract 2.03, Del Norte County, California",588
"06015990000","Census Tract 9900, Del Norte County, California",0
"06017030201","Census Tract 302.01, El Dorado County, California",1631
"06017030202","Census Tract 302.02, El Dorado County, California",1431
"06017030301","Census Tract 303.01, El Dorado County, California",1658
"06017030302","Census Tract 303.02, El Dorado County, California",2200
"06017030402","Census Tract 304.02, El Dorado County, California",2403
"06017030403","Census Tract 304.03, El Dorado County, California",1856
"06017030404","Census Tract 304.04, El Dorado County, California",1426
"06017030502","Census Tract 305.02, El Dorado County, California",1973
"06017030504","Census Tract 305.04, El Dorado County, California",2174
"06017030506","Census Tract 305.06, El Dorado County, California",846
"06017030507","Census Tract 305.07, El Dorado County, California",1382
"06017030601","Census Tract 306.01, El Dorado County, California",2221
"06017030603","Census Tract 306.03, El Dorado County, California",2117
"06017030604","Census Tract 306.04, El Dorado County, California",457
"06017030605","Census Tract 306.05, El Dorado County, California",797
"06017030606","Census Tract 306.06, El Dorado County, California",1811
"06017030701","Census Tract 307.01, El Dorado County, California",2251
"06017030706","Census Tract 307.06, El Dorado County, California",2431
"06017030709","Census Tract 307.09, El Dorado County, California",1742
"06017030710","Census Tract 307.10, El Dorado County, California",2180
"06017030711","Census Tract 307.11, El Dorado County, California",2904
"06017030712","Census Tract 307.12, El Dorado County, California",1750
"06017030801","Census Tract 308.01, El Dorado County, California",1658
"06017030804","Census Tract 308.04, El Dorado County, California",2624
"06017030807","Census Tract 308.07, El Dorado County, California",1510
"06017030808","Census Tract 308.08, El Dorado County, California",2540
"06017030809","Census Tract 308.09, El Dorado County, California",1031
"06017030810","Census Tract 308.10, El Dorado County, California",1490
"06017030811","Census Tract 308.11, El Dorado County, California",824
"06017030812","Census Tract 308.12, El Dorado County, California",2374
"06017030901","Census Tract 309.01, El Dorado County, California",1305
"06017030902","Census Tract 309.02, El Dorado County, California",1930
"06017031000","Census Tract 310, El Dorado County, California",2762
"06017031100","Census Tract 311, El Dorado County, California",2573
"06017031200","Census Tract 312, El Dorado County, California",2287
"06017031301","Census Tract 313.01, El Dorado County, California",1555
"06017031302","Census Tract 313.02, El Dorado County, California",2332
"06017031404","Census Tract 314.04, El Dorado County, California",1017
"06017031405","Census Tract 314.05, El Dorado County, California",1204
"06017031406","Census Tract 314.06, El Dorado County, California",2656
"06017031407","Census Tract 314.07, El Dorado County, California",639
"06017031408","Census Tract 314.08, El Dorado County, California",1028
"06017031409","Census Tract 314.09, El Dorado County, California",1393
"06017031503","Census Tract 315.03, El Dorado County, California",1207
"06017031504","Census Tract 315.04, El Dorado County, California",2397
"06017031505","Census Tract 315.05, El Dorado County, California",1441
"06017031506","Census Tract 315.06, El Dorado County, California",1259
"06017031601","Census Tract 316.01, El Dorado County, California",1845
"06017031602","Census Tract 316.02, El Dorado County, California",1524
"06017031700","Census Tract 317, El Dorado County, California",1144
"06017031800","Census Tract 318, El Dorado County, California",2198
"06017031900","Census Tract 319, El Dorado County, California",1237
"06017032001","Census Tract 320.01, El Dorado County, California",1293
"06017032002","Census Tract 320.02, El Dorado County, California",1549
"06017990000","Census Tract 9900, El Dorado County, California",0
"06019000100","Census Tract 1, Fresno County, California",773
"06019000200","Census Tract 2, Fresno County, California",863
"06019000300","Census Tract 3, Fresno County, California",1155
"06019000400","Census Tract 4, Fresno County, California",1417
"06019000501","Census Tract 5.01, Fresno County, California",844
"06019000502","Census Tract 5.02, Fresno County, California",1101
"06019000601","Census Tract 6.01, Fresno County, California",1927
"06019000602","Census Tract 6.02, Fresno County, California",548
"06019000701","Census Tract 7.01, Fresno County, California",810
"06019000702","Census Tract 7.02, Fresno County, California",430
"06019000901","Census Tract 9.01, Fresno County, California",727
"06019000902","Census Tract 9.02, Fresno County, California",1558
"06019001000","Census Tract 10, Fresno County, California",1082
"06019001100","Census Tract 11, Fresno County, California",845
"06019001201","Census Tract 12.01, Fresno County, California",1524
"06019001202","Census Tract 12.02, Fresno County, California",1237
"06019001301","Census Tract 13.01, Fresno County, California",1492
"06019001303","Census Tract 13.03, Fresno County, California",616
"06019001304","Census Tract 13.04, Fresno County, California",1455
"06019001407","Census Tract 14.07, Fresno County, California",1844
"06019001408","Census Tract 14.08, Fresno County, California",1199
"06019001409","Census Tract 14.09, Fresno County, California",767
"06019001411","Census Tract 14.11, Fresno County, California",2197
"06019001412","Census Tract 14.12, Fresno County, California",882
"06019001413","Census Tract 14.13, Fresno County, California",2259
"06019001415","Census Tract 14.15, Fresno County, California",1459
"06019001416","Census Tract 14.16, Fresno County, California",1687
"06019001417","Census Tract 14.17, Fresno County, California",1758
"06019001418","Census Tract 14.18, Fresno County, California",813
"06019001500","Census Tract 15, Fresno County, California",650
"06019001600","Census Tract 16, Fresno County, California",1766
"06019001700","Census Tract 17, Fresno County, California",1839
"06019001800","Census Tract 18, Fresno County, California",1393
"06019002000","Census Tract 20, Fresno County, California",1963
"06019002100","Census Tract 21, Fresno County, California",2208
"06019002200","Census Tract 22, Fresno County, California",1681
"06019002300","Census Tract 23, Fresno County, California",1455
"06019002400","Census Tract 24, Fresno County, California",1473
"06019002501","Census Tract 25.01, Fresno County, California",1472
"06019002502","Census Tract 25.02, Fresno County, California",1291
"06019002601","Census Tract 26.01, Fresno County, California",1457
"06019002602","Census Tract 26.02, Fresno County, California",1016
"06019002701","Census Tract 27.01, Fresno County, California",1259
"06019002702","Census Tract 27.02, Fresno County, California",1504
"06019002800","Census Tract 28, Fresno County, California",1356
"06019002903","Census Tract 29.03, Fresno County, California",1297
"06019002904","Census Tract 29.04, Fresno County, California",806
"06019002905","Census Tract 29.05, Fresno County, California",988
"06019002906","Census Tract 29.06, Fresno County, California",1612
"06019003001","Census Tract 30.01, Fresno County, California",895
"06019003003","Census Tract 30.03, Fresno County, California",1318
"06019003004","Census Tract 30.04, Fresno County, California",772
"06019003102","Census Tract 31.02, Fresno County, California",2912
"06019003103","Census Tract 31.03, Fresno County, California",2254
"06019003104","Census Tract 31.04, Fresno County, California",1694
"06019003201","Census Tract 32.01, Fresno County, California",1491
"06019003202","Census Tract 32.02, Fresno County, California",1738
"06019003301","Census Tract 33.01, Fresno County, California",1175
"06019003302","Census Tract 33.02, Fresno County, California",1593
"06019003401","Census Tract 34.01, Fresno County, California",1134
"06019003402","Census Tract 34.02, Fresno County, California",791
"06019003500","Census Tract 35, Fresno County, California",2245
"06019003600","Census Tract 36, Fresno County, California",1783
"06019003701","Census Tract 37.01, Fresno County, California",1136
"06019003702","Census Tract 37.02, Fresno County, California",1664
"06019003804","Census Tract 38.04, Fresno County, California",1731
"06019003805","Census Tract 38.05, Fresno County, California",2310
"06019003807","Census Tract 38.07, Fresno County, California",1165
"06019003808","Census Tract 38.08, Fresno County, California",1470
"06019003809","Census Tract 38.09, Fresno County, California",1722
"06019003810","Census Tract 38.10, Fresno County, California",1624
"06019003811","Census Tract 38.11, Fresno County, California",2243
"06019003812","Census Tract 38.12, Fresno County, California",767
"06019003900","Census Tract 39, Fresno County, California",1603
"06019004003","Census Tract 40.03, Fresno County, California",1300
"06019004004","Census Tract 40.04, Fresno County, California",1217
"06019004005","Census Tract 40.05, Fresno County, California",1264
"06019004006","Census Tract 40.06, Fresno County, California",994
"06019004100","Census Tract 41, Fresno County, California",946
"06019004205","Census Tract 42.05, Fresno County, California",2097
"06019004208","Census Tract 42.08, Fresno County, California",2502
"06019004210","Census Tract 42.10, Fresno County, California",1563
"06019004211","Census Tract 42.11, Fresno County, California",2288
"06019004212","Census Tract 42.12, Fresno County, California",5324
"06019004213","Census Tract 42.13, Fresno County, California",1308
"06019004214","Census Tract 42.14, Fresno County, California",1943
"06019004215","Census Tract 42.15, Fresno County, California",1460
"06019004216","Census Tract 42.16, Fresno County, California",1490
"06019004217","Census Tract 42.17, Fresno County, California",1110
"06019004218","Census Tract 42.18, Fresno County, California",2137
"06019004301","Census Tract 43.01, Fresno County, California",1890
"06019004302","Census Tract 43.02, Fresno County, California",2091
"06019004303","Census Tract 43.03, Fresno County, California",1990
"06019004404","Census Tract 44.04, Fresno County, California",1271
"06019004405","Census Tract 44.05, Fresno County, California",1541
"06019004406","Census Tract 44.06, Fresno County, California",2425
"06019004409","Census Tract 44.09, Fresno County, California",1473
"06019004410","Census Tract 44.10, Fresno County, California",1115
"06019004411","Census Tract 44.11, Fresno County, California",764
"06019004503","Census Tract 45.03, Fresno County, California",2138
"06019004504","Census Tract 45.04, Fresno County, California",2265
"06019004505","Census Tract 45.05, Fresno County, California",2342
"06019004506","Census Tract 45.06, Fresno County, California",1599
"06019004601","Census Tract 46.01, Fresno County, California",1170
"06019004602","Census Tract 46.02, Fresno County, California",1096
"06019004703","Census Tract 47.03, Fresno County, California",1328
"06019004704","Census Tract 47.04, Fresno County, California",1675
"06019004705","Census Tract 47.05, Fresno County, California",827
"06019004706","Census Tract 47.06, Fresno County, California",1667
"06019004801","Census Tract 48.01, Fresno County, California",1628
"06019004802","Census Tract 48.02, Fresno County, California",1682
"06019004901","Census Tract 49.01, Fresno County, California",1634
"06019004902","Census Tract 49.02, Fresno County, California",719
"06019005000","Census Tract 50, Fresno County, California",1547
"06019005100","Census Tract 51, Fresno County, California",2236
"06019005202","Census Tract 52.02, Fresno County, California",1274
"06019005203","Census Tract 52.03, Fresno County, California",1666
"06019005204","Census Tract 52.04, Fresno County, California",1436
"06019005301","Census Tract 53.01, Fresno County, California",1951
"06019005302","Census Tract 53.02, Fresno County, California",2120
"06019005304","Census Tract 53.04, Fresno County, California",2243
"06019005305","Census Tract 53.05, Fresno County, California",1208
"06019005403","Census Tract 54.03, Fresno County, California",1687
"06019005405","Census Tract 54.05, Fresno County, California",1614
"06019005406","Census Tract 54.06, Fresno County, California",1484
"06019005407","Census Tract 54.07, Fresno County, California",1252
"06019005408","Census Tract 54.08, Fresno County, California",417
"06019005409","Census Tract 54.09, Fresno County, California",1611
"06019005410","Census Tract 54.10, Fresno County, California",1254
"06019005503","Census Tract 55.03, Fresno County, California",2843
"06019005504","Census Tract 55.04, Fresno County, California",1202
"06019005505","Census Tract 55.05, Fresno County, California",2326
"06019005507","Census Tract 55.07, Fresno County, California",2525
"06019005508","Census Tract 55.08, Fresno County, California",2177
"06019005509","Census Tract 55.09, Fresno County, California",2074
"06019005512","Census Tract 55.12, Fresno County, California",1899
"06019005513","Census Tract 55.13, Fresno County, California",1025
"06019005514","Census Tract 55.14, Fresno County, California",1494
"06019005515","Census Tract 55.15, Fresno County, California",642
"06019005516","Census Tract 55.16, Fresno County, California",2763
"06019005518","Census Tract 55.18, Fresno County, California",2462
"06019005520","Census Tract 55.20, Fresno County, California",1092
"06019005522","Census Tract 55.22, Fresno County, California",1528
"06019005524","Census Tract 55.24, Fresno County, California",1661
"06019005525","Census Tract 55.25, Fresno County, California",454
"06019005526","Census Tract 55.26, Fresno County, California",789
"06019005527","Census Tract 55.27, Fresno County, California",1542
"06019005528","Census Tract 55.28, Fresno County, California",689
"06019005529","Census Tract 55.29, Fresno County, California",2065
"06019005602","Census Tract 56.02, Fresno County, California",2508
"06019005605","Census Tract 56.05, Fresno County, California",533
"06019005606","Census Tract 56.06, Fresno County, California",1487
"06019005607","Census Tract 56.07, Fresno County, California",2131
"06019005608","Census Tract 56.08, Fresno County, California",1471
"06019005701","Census Tract 57.01, Fresno County, California",1478
"06019005702","Census Tract 57.02, Fresno County, California",2067
"06019005703","Census Tract 57.03, Fresno County, California",1838
"06019005704","Census Tract 57.04, Fresno County, California",1850
"06019005801","Census Tract 58.01, Fresno County, California",2561
"06019005802","Census Tract 58.02, Fresno County, California",1604
"06019005804","Census Tract 58.04, Fresno County, California",2132
"06019005805","Census Tract 58.05, Fresno County, California",2563
"06019005904","Census Tract 59.04, Fresno County, California",2142
"06019005906","Census Tract 59.06, Fresno County, California",822
"06019005907","Census Tract 59.07, Fresno County, California",1172
"06019005911","Census Tract 59.11, Fresno County, California",2328
"06019005912","Census Tract 59.12, Fresno County, California",3747
"06019005913","Census Tract 59.13, Fresno County, California",936
"06019005914","Census Tract 59.14, Fresno County, California",1413
"06019005915","Census Tract 59.15, Fresno County, California",1601
"06019005916","Census Tract 59.16, Fresno County, California",979
"06019006001","Census Tract 60.01, Fresno County, California",1836
"06019006002","Census Tract 60.02, Fresno County, California",1504
"06019006101","Census Tract 61.01, Fresno County, California",849
"06019006102","Census Tract 61.02, Fresno County, California",1474
"06019006201","Census Tract 62.01, Fresno County, California",727
"06019006202","Census Tract 62.02, Fresno County, California",1906
"06019006301","Census Tract 63.01, Fresno County, California",1555
"06019006302","Census Tract 63.02, Fresno County, California",871
"06019006405","Census Tract 64.05, Fresno County, California",2217
"06019006406","Census Tract 64.06, Fresno County, California",900
"06019006407","Census Tract 64.07, Fresno County, California",1266
"06019006408","Census Tract 64.08, Fresno County, California",661
"06019006409","Census Tract 64.09, Fresno County, California",3493
"06019006410","Census Tract 64.10, Fresno County, California",1170
"06019006411","Census Tract 64.11, Fresno County, California",2081
"06019006501","Census Tract 65.01, Fresno County, California",1628
"06019006502","Census Tract 65.02, Fresno County, California",1195
"06019006602","Census Tract 66.02, Fresno County, California",1688
"06019006603","Census Tract 66.03, Fresno County, California",668
"06019006605","Census Tract 66.05, Fresno County, California",516
"06019006606","Census Tract 66.06, Fresno County, California",1362
"06019006700","Census Tract 67, Fresno County, California",2240
"06019006802","Census Tract 68.02, Fresno County, California",1098
"06019006900","Census Tract 69, Fresno County, California",853
"06019007002","Census Tract 70.02, Fresno County, California",1538
"06019007003","Census Tract 70.03, Fresno County, California",2250
"06019007004","Census Tract 70.04, Fresno County, California",1933
"06019007101","Census Tract 71.01, Fresno County, California",1618
"06019007102","Census Tract 71.02, Fresno County, California",565
"06019007202","Census Tract 72.02, Fresno County, California",1822
"06019007203","Census Tract 72.03, Fresno County, California",634
"06019007204","Census Tract 72.04, Fresno County, California",2363
"06019007300","Census Tract 73, Fresno County, California",1362
"06019007400","Census Tract 74, Fresno County, California",991
"06019007500","Census Tract 75, Fresno County, California",1514
"06019007600","Census Tract 76, Fresno County, California",1353
"06019007700","Census Tract 77, Fresno County, California",1641
"06019007801","Census Tract 78.01, Fresno County, California",663
"06019007802","Census Tract 78.02, Fresno County, California",1268
"06019007903","Census Tract 79.03, Fresno County, California",869
"06019008000","Census Tract 80, Fresno County, California",1870
"06019008100","Census Tract 81, Fresno County, California",2265
"06019008200","Census Tract 82, Fresno County, California",1761
"06019008301","Census Tract 83.01, Fresno County, California",1373
"06019008303","Census Tract 83.03, Fresno County, California",812
"06019008304","Census Tract 83.04, Fresno County, California",948
"06019008402","Census Tract 84.02, Fresno County, California",348
"06019008403","Census Tract 84.03, Fresno County, California",474
"06019008404","Census Tract 84.04, Fresno County, California",1039
"06019008405","Census Tract 84.05, Fresno County, California",859
"06019008501","Census Tract 85.01, Fresno County, California",1178
"06019008503","Census Tract 85.03, Fresno County, California",1270
"06019008504","Census Tract 85.04, Fresno County, California",844
"06019008600","Census Tract 86, Fresno County, California",1385
"06021010101","Census Tract 101.01, Glenn County, California",1649
"06021010102","Census Tract 101.02, Glenn County, California",1653
"06021010200","Census Tract 102, Glenn County, California",1799
"06021010300","Census Tract 103, Glenn County, California",972
"06021010401","Census Tract 104.01, Glenn County, California",609
"06021010402","Census Tract 104.02, Glenn County, California",2471
"06021010501","Census Tract 105.01, Glenn County, California",1084
"06021010502","Census Tract 105.02, Glenn County, California",658
"06023000100","Census Tract 1, Humboldt County, California",2213
"06023000200","Census Tract 2, Humboldt County, California",2581
"06023000300","Census Tract 3, Humboldt County, California",2329
"06023000400","Census Tract 4, Humboldt County, California",1722
"06023000500","Census Tract 5, Humboldt County, California",1903
"06023000600","Census Tract 6, Humboldt County, California",2168
"06023000700","Census Tract 7, Humboldt County, California",2397
"06023000800","Census Tract 8, Humboldt County, California",2209
"06023000900","Census Tract 9, Humboldt County, California",2348
"06023001001","Census Tract 10.01, Humboldt County, California",1572
"06023001002","Census Tract 10.02, Humboldt County, California",1213
"06023001102","Census Tract 11.02, Humboldt County, California",2355
"06023001103","Census Tract 11.03, Humboldt County, California",822
"06023001200","Census Tract 12, Humboldt County, California",2202
"06023001300","Census Tract 13, Humboldt County, California",656
"06023010102","Census Tract 101.02, Humboldt County, California",1576
"06023010200","Census Tract 102, Humboldt County, California",1731
"06023010300","Census Tract 103, Humboldt County, California",1648
"06023010400","Census Tract 104, Humboldt County, California",1570
"06023010502","Census Tract 105.02, Humboldt County, California",2504
"06023010503","Census Tract 105.03, Humboldt County, California",1683
"06023010504","Census Tract 105.04, Humboldt County, California",1558
"06023010600","Census Tract 106, Humboldt County, California",848
"06023010701","Census Tract 107.01, Humboldt County, California",1792
"06023010702","Census Tract 107.02, Humboldt County, California",1188
"06023010800","Census Tract 108, Humboldt County, California",2095
"06023010901","Census Tract 109.01, Humboldt County, California",1992
"06023010902","Census Tract 109.02, Humboldt County, California",1942
"06023011000","Census Tract 110, Humboldt County, California",1935
"06023011100","Census Tract 111, Humboldt County, California",2031
"06023011200","Census Tract 112, Humboldt County, California",1631
"06023011501","Census Tract 115.01, Humboldt County, California",1302
"06023011502","Census Tract 115.02, Humboldt County, California",1235
"06023011600","Census Tract 116, Humboldt County, California",2125
"06023940000","Census Tract 9400, Humboldt County, California",1044
"06023990100","Census Tract 9901, Humboldt County, California",0
"06025010101","Census Tract 101.01, Imperial County, California",161
"06025010102","Census Tract 101.02, Imperial County, California",1591
"06025010200","Census Tract 102, Imperial County, California",779
"06025010300","Census Tract 103, Imperial County, California",297
"06025010401","Census Tract 104.01, Imperial County, California",802
"06025010402","Census Tract 104.02, Imperial County, California",1408
"06025010500","Census Tract 105, Imperial County, California",2176
"06025010600","Census Tract 106, Imperial County, California",2744
"06025010700","Census Tract 107, Imperial County, California",1492
"06025010800","Census Tract 108, Imperial County, California",472
"06025010900","Census Tract 109, Imperial County, California",2059
"06025011001","Census Tract 110.01, Imperial County, California",1860
"06025011002","Census Tract 110.02, Imperial County, California",2999
"06025011100","Census Tract 111, Imperial County, California",1232
"06025011201","Census Tract 112.01, Imperial County, California",2705
"06025011202","Census Tract 112.02, Imperial County, California",2013
"06025011301","Census Tract 113.01, Imperial County, California",1008
"06025011302","Census Tract 113.02, Imperial County, California",553
"06025011303","Census Tract 113.03, Imperial County, California",1097
"06025011400","Census Tract 114, Imperial County, California",1305
"06025011500","Census Tract 115, Imperial County, California",2154
"06025011600","Census Tract 116, Imperial County, California",2302
"06025011700","Census Tract 117, Imperial County, California",1532
"06025011801","Census Tract 118.01, Imperial County, California",1289
"06025011802","Census Tract 118.02, Imperial County, California",1852
"06025011803","Census Tract 118.03, Imperial County, California",2126
"06025011901","Census Tract 119.01, Imperial County, California",679
"06025011902","Census Tract 119.02, Imperial County, California",1139
"06025011903","Census Tract 119.03, Imperial County, California",1261
"06025012001","Census Tract 120.01, Imperial County, California",1089
"06025012003","Census Tract 120.03, Imperial County, California",1166
"06025012004","Census Tract 120.04, Imperial County, California",1448
"06025012101","Census Tract 121.01, Imperial County, California",1155
"06025012102","Census Tract 121.02, Imperial County, California",1088
"06025012201","Census Tract 122.01, Imperial County, California",1084
"06025012202","Census Tract 122.02, Imperial County, California",889
"06025012301","Census Tract 123.01, Imperial County, California",736
"06025012302","Census Tract 123.02, Imperial County, California",2366
"06025012400","Census Tract 124, Imperial County, California",1184
"06025940000","Census Tract 9400, Imperial County, California",1333
"06027000100","Census Tract 1, Inyo County, California",1359
"06027000200","Census Tract 2, Inyo County, California",918
"06027000300","Census Tract 3, Inyo County, California",1203
"06027000400","Census Tract 4, Inyo County, California",2696
"06027000500","Census Tract 5, Inyo County, California",1380
"06027000800","Census Tract 8, Inyo County, California",1913
"06029000102","Census Tract 1.02, Kern County, California",1305
"06029000103","Census Tract 1.03, Kern County, California",1437
"06029000104","Census Tract 1.04, Kern County, California",607
"06029000105","Census Tract 1.05, Kern County, California",1964
"06029000106","Census Tract 1.06, Kern County, California",906
"06029000201","Census Tract 2.01, Kern County, California",1715
"06029000202","Census Tract 2.02, Kern County, California",1387
"06029000300","Census Tract 3, Kern County, California",1820
"06029000400","Census Tract 4, Kern County, California",1849
"06029000504","Census Tract 5.04, Kern County, California",1827
"06029000505","Census Tract 5.05, Kern County, California",1434
"06029000506","Census Tract 5.06, Kern County, California",1045
"06029000507","Census Tract 5.07, Kern County, California",1337
"06029000508","Census Tract 5.08, Kern County, California",671
"06029000509","Census Tract 5.09, Kern County, California",839
"06029000510","Census Tract 5.10, Kern County, California",1306
"06029000601","Census Tract 6.01, Kern County, California",1067
"06029000602","Census Tract 6.02, Kern County, California",1063
"06029000603","Census Tract 6.03, Kern County, California",795
"06029000701","Census Tract 7.01, Kern County, California",1026
"06029000702","Census Tract 7.02, Kern County, California",933
"06029000800","Census Tract 8, Kern County, California",1679
"06029000902","Census Tract 9.02, Kern County, California",1410
"06029000903","Census Tract 9.03, Kern County, California",1541
"06029000904","Census Tract 9.04, Kern County, California",1503
"06029000905","Census Tract 9.05, Kern County, California",831
"06029000906","Census Tract 9.06, Kern County, California",1302
"06029000907","Census Tract 9.07, Kern County, California",724
"06029000908","Census Tract 9.08, Kern County, California",1821
"06029000909","Census Tract 9.09, Kern County, California",974
"06029000911","Census Tract 9.11, Kern County, California",1078
"06029000912","Census Tract 9.12, Kern County, California",1273
"06029000913","Census Tract 9.13, Kern County, California",1280
"06029000914","Census Tract 9.14, Kern County, California",1413
"06029001001","Census Tract 10.01, Kern County, California",1179
"06029001002","Census Tract 10.02, Kern County, California",878
"06029001003","Census Tract 10.03, Kern County, California",932
"06029001101","Census Tract 11.01, Kern County, California",1478
"06029001104","Census Tract 11.04, Kern County, California",765
"06029001105","Census Tract 11.05, Kern County, California",973
"06029001106","Census Tract 11.06, Kern County, California",597
"06029001107","Census Tract 11.07, Kern County, California",733
"06029001201","Census Tract 12.01, Kern County, California",781
"06029001202","Census Tract 12.02, Kern County, California",1787
"06029001301","Census Tract 13.01, Kern County, California",1592
"06029001302","Census Tract 13.02, Kern County, California",790
"06029001401","Census Tract 14.01, Kern County, California",1452
"06029001402","Census Tract 14.02, Kern County, California",931
"06029001500","Census Tract 15, Kern County, California",835
"06029001600","Census Tract 16, Kern County, California",1103
"06029001700","Census Tract 17, Kern County, California",2079
"06029001801","Census Tract 18.01, Kern County, California",2065
"06029001803","Census Tract 18.03, Kern County, California",1103
"06029001804","Census Tract 18.04, Kern County, California",1233
"06029001901","Census Tract 19.01, Kern County, California",1512
"06029001902","Census Tract 19.02, Kern County, California",1932
"06029002001","Census Tract 20.01, Kern County, California",1088
"06029002002","Census Tract 20.02, Kern County, California",1577
"06029002100","Census Tract 21, Kern County, California",1026
"06029002201","Census Tract 22.01, Kern County, California",742
"06029002202","Census Tract 22.02, Kern County, California",1076
"06029002302","Census Tract 23.02, Kern County, California",896
"06029002303","Census Tract 23.03, Kern County, California",1017
"06029002304","Census Tract 23.04, Kern County, California",852
"06029002305","Census Tract 23.05, Kern County, California",738
"06029002401","Census Tract 24.01, Kern County, California",613
"06029002402","Census Tract 24.02, Kern County, California",954
"06029002403","Census Tract 24.03, Kern County, California",957
"06029002501","Census Tract 25.01, Kern County, California",1380
"06029002502","Census Tract 25.02, Kern County, California",667
"06029002503","Census Tract 25.03, Kern County, California",695
"06029002600","Census Tract 26, Kern County, California",1038
"06029002701","Census Tract 27.01, Kern County, California",908
"06029002702","Census Tract 27.02, Kern County, California",1009
"06029002804","Census Tract 28.04, Kern County, California",1646
"06029002806","Census Tract 28.06, Kern County, California",1096
"06029002807","Census Tract 28.07, Kern County, California",1498
"06029002811","Census Tract 28.11, Kern County, California",1546
"06029002813","Census Tract 28.13, Kern County, California",1817
"06029002814","Census Tract 28.14, Kern County, California",1703
"06029002815","Census Tract 28.15, Kern County, California",1518
"06029002816","Census Tract 28.16, Kern County, California",1876
"06029002817","Census Tract 28.17, Kern County, California",1851
"06029002818","Census Tract 28.18, Kern County, California",1536
"06029002819","Census Tract 28.19, Kern County, California",1868
"06029002820","Census Tract 28.20, Kern County, California",2118
"06029002821","Census Tract 28.21, Kern County, California",1689
"06029002822","Census Tract 28.22, Kern County, California",1252
"06029002823","Census Tract 28.23, Kern County, California",1785
"06029002824","Census Tract 28.24, Kern County, California",1187
"06029002825","Census Tract 28.25, Kern County, California",904
"06029002901","Census Tract 29.01, Kern County, California",916
"06029002902","Census Tract 29.02, Kern County, California",1644
"06029003001","Census Tract 30.01, Kern County, California",1123
"06029003002","Census Tract 30.02, Kern County, California",969
"06029003103","Census Tract 31.03, Kern County, California",1297
"06029003112","Census Tract 31.12, Kern County, California",1922
"06029003113","Census Tract 31.13, Kern County, California",1504
"06029003124","Census Tract 31.24, Kern County, California",1730
"06029003125","Census Tract 31.25, Kern County, California",953
"06029003126","Census Tract 31.26, Kern County, California",1648
"06029003127","Census Tract 31.27, Kern County, California",1252
"06029003128","Census Tract 31.28, Kern County, California",1206
"06029003129","Census Tract 31.29, Kern County, California",1029
"06029003130","Census Tract 31.30, Kern County, California",1189
"06029003131","Census Tract 31.31, Kern County, California",1189
"06029003132","Census Tract 31.32, Kern County, California",1424
"06029003133","Census Tract 31.33, Kern County, California",1008
"06029003134","Census Tract 31.34, Kern County, California",1034
"06029003135","Census Tract 31.35, Kern County, California",1031
"06029003136","Census Tract 31.36, Kern County, California",552
"06029003137","Census Tract 31.37, Kern County, California",992
"06029003203","Census Tract 32.03, Kern County, California",800
"06029003207","Census Tract 32.07, Kern County, California",1199
"06029003208","Census Tract 32.08, Kern County, California",1961
"06029003209","Census Tract 32.09, Kern County, California",1008
"06029003210","Census Tract 32.10, Kern County, California",1577
"06029003211","Census Tract 32.11, Kern County, California",1161
"06029003212","Census Tract 32.12, Kern County, California",2170
"06029003213","Census Tract 32.13, Kern County, California",644
"06029003214","Census Tract 32.14, Kern County, California",678
"06029003215","Census Tract 32.15, Kern County, California",1230
"06029003216","Census Tract 32.16, Kern County, California",811
"06029003217","Census Tract 32.17, Kern County, California",843
"06029003218","Census Tract 32.18, Kern County, California",1838
"06029003219","Census Tract 32.19, Kern County, California",1660
"06029003220","Census Tract 32.20, Kern County, California",1343
"06029003221","Census Tract 32.21, Kern County, California",1677
"06029003222","Census Tract 32.22, Kern County, California",572
"06029003303","Census Tract 33.03, Kern County, California",531
"06029003304","Census Tract 33.04, Kern County, California",878
"06029003305","Census Tract 33.05, Kern County, California",1855
"06029003307","Census Tract 33.07, Kern County, California",2266
"06029003308","Census Tract 33.08, Kern County, California",949
"06029003400","Census Tract 34, Kern County, California",1425
"06029003500","Census Tract 35, Kern County, California",2465
"06029003600","Census Tract 36, Kern County, California",1617
"06029003806","Census Tract 38.06, Kern County, California",1885
"06029003807","Census Tract 38.07, Kern County, California",1278
"06029003808","Census Tract 38.08, Kern County, California",1590
"06029003810","Census Tract 38.10, Kern County, California",898
"06029003811","Census Tract 38.11, Kern County, California",1053
"06029003812","Census Tract 38.12, Kern County, California",1872
"06029003814","Census Tract 38.14, Kern County, California",1769
"06029003815","Census Tract 38.15, Kern County, California",1873
"06029003816","Census Tract 38.16, Kern County, California",1126
"06029003817","Census Tract 38.17, Kern County, California",1406
"06029003818","Census Tract 38.18, Kern County, California",1560
"06029003819","Census Tract 38.19, Kern County, California",1435
"06029003820","Census Tract 38.20, Kern County, California",1456
"06029003821","Census Tract 38.21, Kern County, California",1470
"06029003822","Census Tract 38.22, Kern County, California",1006
"06029003823","Census Tract 38.23, Kern County, California",1305
"06029003824","Census Tract 38.24, Kern County, California",780
"06029003825","Census Tract 38.25, Kern County, California",870
"06029003826","Census Tract 38.26, Kern County, California",1037
"06029003827","Census Tract 38.27, Kern County, California",679
"06029003900","Census Tract 39, Kern County, California",755
"06029004001","Census Tract 40.01, Kern County, California",881
"06029004002","Census Tract 40.02, Kern County, California",1138
"06029004101","Census Tract 41.01, Kern County, California",1671
"06029004102","Census Tract 41.02, Kern County, California",1447
"06029004302","Census Tract 43.02, Kern County, California",1
"06029004303","Census Tract 43.03, Kern County, California",1477
"06029004304","Census Tract 43.04, Kern County, California",826
"06029004305","Census Tract 43.05, Kern County, California",423
"06029004402","Census Tract 44.02, Kern County, California",1349
"06029004403","Census Tract 44.03, Kern County, California",980
"06029004404","Census Tract 44.04, Kern County, California",1367
"06029004500","Census Tract 45, Kern County, California",934
"06029004601","Census Tract 46.01, Kern County, California",2
"06029004603","Census Tract 46.03, Kern County, California",0
"06029004605","Census Tract 46.05, Kern County, California",835
"06029004606","Census Tract 46.06, Kern County, California",624
"06029004607","Census Tract 46.07, Kern County, California",1346
"06029004702","Census Tract 47.02, Kern County, California",973
"06029004703","Census Tract 47.03, Kern County, California",983
"06029004704","Census Tract 47.04, Kern County, California",1504
"06029004801","Census Tract 48.01, Kern County, California",1079
"06029004802","Census Tract 48.02, Kern County, California",1931
"06029004901","Census Tract 49.01, Kern County, California",1492
"06029004903","Census Tract 49.03, Kern County, California",1201
"06029004904","Census Tract 49.04, Kern County, California",794
"06029005003","Census Tract 50.03, Kern County, California",922
"06029005005","Census Tract 50.05, Kern County, California",1102
"06029005006","Census Tract 50.06, Kern County, California",925
"06029005103","Census Tract 51.03, Kern County, California",1176
"06029005104","Census Tract 51.04, Kern County, California",1761
"06029005203","Census Tract 52.03, Kern County, California",2409
"06029005205","Census Tract 52.05, Kern County, California",2089
"06029005206","Census Tract 52.06, Kern County, California",1737
"06029005207","Census Tract 52.07, Kern County, California",1614
"06029005208","Census Tract 52.08, Kern County, California",2674
"06029005300","Census Tract 53, Kern County, California",800
"06029005402","Census Tract 54.02, Kern County, California",2140
"06029005405","Census Tract 54.05, Kern County, California",1311
"06029005406","Census Tract 54.06, Kern County, California",1544
"06029005407","Census Tract 54.07, Kern County, California",1712
"06029005408","Census Tract 54.08, Kern County, California",2216
"06029005409","Census Tract 54.09, Kern County, California",2099
"06029005410","Census Tract 54.10, Kern County, California",813
"06029005508","Census Tract 55.08, Kern County, California",1869
"06029005509","Census Tract 55.09, Kern County, California",1862
"06029005510","Census Tract 55.10, Kern County, California",1095
"06029005511","Census Tract 55.11, Kern County, California",2054
"06029005512","Census Tract 55.12, Kern County, California",1216
"06029005513","Census Tract 55.13, Kern County, California",969
"06029005514","Census Tract 55.14, Kern County, California",1400
"06029005600","Census Tract 56, Kern County, California",1051
"06029005700","Census Tract 57, Kern County, California",757
"06029005803","Census Tract 58.03, Kern County, California",1283
"06029005804","Census Tract 58.04, Kern County, California",1908
"06029005805","Census Tract 58.05, Kern County, California",941
"06029005806","Census Tract 58.06, Kern County, California",1571
"06029005900","Census Tract 59, Kern County, California",1676
"06029006002","Census Tract 60.02, Kern County, California",4
"06029006003","Census Tract 60.03, Kern County, California",2307
"06029006004","Census Tract 60.04, Kern County, California",928
"06029006006","Census Tract 60.06, Kern County, California",1539
"06029006009","Census Tract 60.09, Kern County, California",1439
"06029006010","Census Tract 60.10, Kern County, California",1691
"06029006011","Census Tract 60.11, Kern County, California",1469
"06029006012","Census Tract 60.12, Kern County, California",1152
"06029006101","Census Tract 61.01, Kern County, California",1760
"06029006102","Census Tract 61.02, Kern County, California",1888
"06029006201","Census Tract 62.01, Kern County, California",738
"06029006202","Census Tract 62.02, Kern County, California",1635
"06029006301","Census Tract 63.01, Kern County, California",1012
"06029006303","Census Tract 63.03, Kern County, California",1578
"06029006304","Census Tract 63.04, Kern County, California",1066
"06029006403","Census Tract 64.03, Kern County, California",1444
"06029006404","Census Tract 64.04, Kern County, California",840
"06029006405","Census Tract 64.05, Kern County, California",758
"06029006406","Census Tract 64.06, Kern County, California",1214
"06029006500","Census Tract 65, Kern County, California",1278
"06029006600","Census Tract 66, Kern County, California",1427
"06031000100","Census Tract 1, Kings County, California",1098
"06031000200","Census Tract 2, Kings County, California",761
"06031000402","Census Tract 4.02, Kings County, California",2190
"06031000403","Census Tract 4.03, Kings County, California",1883
"06031000405","Census Tract 4.05, Kings County, California",2613
"06031000406","Census Tract 4.06, Kings County, California",1095
"06031000407","Census Tract 4.07, Kings County, California",2503
"06031000500","Census Tract 5, Kings County, California",1728
"06031000602","Census Tract 6.02, Kings County, California",2387
"06031000603","Census Tract 6.03, Kings County, California",889
"06031000604","Census Tract 6.04, Kings County, California",2582
"06031000701","Census Tract 7.01, Kings County, California",2088
"06031000702","Census Tract 7.02, Kings County, California",1676
"06031000800","Census Tract 8, Kings County, California",1642
"06031000901","Census Tract 9.01, Kings County, California",1705
"06031000902","Census Tract 9.02, Kings County, California",1247
"06031001001","Census Tract 10.01, Kings County, California",1975
"06031001002","Census Tract 10.02, Kings County, California",1357
"06031001003","Census Tract 10.03, Kings County, California",1985
"06031001100","Census Tract 11, Kings County, California",1906
"06031001200","Census Tract 12, Kings County, California",821
"06031001300","Census Tract 13, Kings County, California",1365
"06031001401","Census Tract 14.01, Kings County, California",844
"06031001402","Census Tract 14.02, Kings County, California",724
"06031001500","Census Tract 15, Kings County, California",1539
"06031001601","Census Tract 16.01, Kings County, California",1271
"06031001702","Census Tract 17.02, Kings County, California",1344
"06031001703","Census Tract 17.03, Kings County, California",1256
"06031980000","Census Tract 9800, Kings County, California",1813
"06031980100","Census Tract 9801, Kings County, California",0
"06031981800","Census Tract 9818, Kings County, California",0
"06033000100","Census Tract 1, Lake County, California",1721
"06033000300","Census Tract 3, Lake County, California",1848
"06033000401","Census Tract 4.01, Lake County, California",1432
"06033000402","Census Tract 4.02, Lake County, California",1448
"06033000501","Census Tract 5.01, Lake County, California",1809
"06033000502","Census Tract 5.02, Lake County, California",1520
"06033000601","Census Tract 6.01, Lake County, California",1651
"06033000602","Census Tract 6.02, Lake County, California",1557
"06033000702","Census Tract 7.02, Lake County, California",1915
"06033000703","Census Tract 7.03, Lake County, California",1239
"06033000704","Census Tract 7.04, Lake County, California",1200
"06033000801","Census Tract 8.01, Lake County, California",1405
"06033000802","Census Tract 8.02, Lake County, California",2075
"06033000901","Census Tract 9.01, Lake County, California",1435
"06033000902","Census Tract 9.02, Lake County, California",2644
"06033001000","Census Tract 10, Lake County, California",2515
"06033001101","Census Tract 11.01, Lake County, California",988
"06033001102","Census Tract 11.02, Lake County, California",892
"06033001200","Census Tract 12, Lake County, California",1579
"06033001301","Census Tract 13.01, Lake County, California",1529
"06033001302","Census Tract 13.02, Lake County, California",1818
"06035040100","Census Tract 401, Lassen County, California",898
"06035040200","Census Tract 402, Lassen County, California",2180
"06035040302","Census Tract 403.02, Lassen County, California",1840
"06035040303","Census Tract 403.03, Lassen County, California",1558
"06035040304","Census Tract 403.04, Lassen County, California",896
"06035040305","Census Tract 403.05, Lassen County, California",1815
"06035040400","Census Tract 404, Lassen County, California",546
"06035040500","Census Tract 405, Lassen County, California",1336
"06035040600","Census Tract 406, Lassen County, California",1147
"06037101110","Census Tract 1011.10, Los Angeles County, California",1806
"06037101122","Census Tract 1011.22, Los Angeles County, California",1377
"06037101220","Census Tract 1012.20, Los Angeles County, California",1351
"06037101221","Census Tract 1012.21, Los Angeles County, California",1363
"06037101222","Census Tract 1012.22, Los Angeles County, California",1042
"06037101300","Census Tract 1013, Los Angeles County, California",1612
"06037101400","Census Tract 1014, Los Angeles County, California",1551
"06037102103","Census Tract 1021.03, Los Angeles County, California",800
"06037102104","Census Tract 1021.04, Los Angeles County, California",1353
"06037102105","Census Tract 1021.05, Los Angeles County, California",573
"06037102107","Census Tract 1021.07, Los Angeles County, California",1348
"06037103101","Census Tract 1031.01, Los Angeles County, California",986
"06037103102","Census Tract 1031.02, Los Angeles County, California",1734
"06037103201","Census Tract 1032.01, Los Angeles County, California",1775
"06037103202","Census Tract 1032.02, Los Angeles County, California",687
"06037103300","Census Tract 1033, Los Angeles County, California",1424
"06037103401","Census Tract 1034.01, Los Angeles County, California",1022
"06037103402","Census Tract 1034.02, Los Angeles County, California",1585
"06037104103","Census Tract 1041.03, Los Angeles County, California",857
"06037104105","Census Tract 1041.05, Los Angeles County, California",1732
"06037104108","Census Tract 1041.08, Los Angeles County, California",1665
"06037104124","Census Tract 1041.24, Los Angeles County, California",1337
"06037104201","Census Tract 1042.01, Los Angeles County, California",894
"06037104203","Census Tract 1042.03, Los Angeles County, California",1162
"06037104204","Census Tract 1042.04, Los Angeles County, California",717
"06037104310","Census Tract 1043.10, Los Angeles County, California",885
"06037104321","Census Tract 1043.21, Los Angeles County, California",744
"06037104322","Census Tract 1043.22, Los Angeles County, California",499
"06037104401","Census Tract 1044.01, Los Angeles County, California",663
"06037104403","Census Tract 1044.03, Los Angeles County, California",665
"06037104404","Census Tract 1044.04, Los Angeles County, California",692
"06037104500","Census Tract 1045, Los Angeles County, California",674
"06037104610","Census Tract 1046.10, Los Angeles County, California",754
"06037104620","Census Tract 1046.20, Los Angeles County, California",707
"06037104701","Census Tract 1047.01, Los Angeles County, California",1096
"06037104703","Census Tract 1047.03, Los Angeles County, California",655
"06037104704","Census Tract 1047.04, Los Angeles County, California",1325
"06037104821","Census Tract 1048.21, Los Angeles County, California",875
"06037104822","Census Tract 1048.22, Los Angeles County, California",619
"06037104823","Census Tract 1048.23, Los Angeles County, California",704
"06037104824","Census Tract 1048.24, Los Angeles County, California",464
"06037106010","Census Tract 1060.10, Los Angeles County, California",1012
"06037106020","Census Tract 1060.20, Los Angeles County, California",1438
"06037106111","Census Tract 1061.11, Los Angeles County, California",1357
"06037106112","Census Tract 1061.12, Los Angeles County, California",1619
"06037106113","Census Tract 1061.13, Los Angeles County, California",993
"06037106114","Census Tract 1061.14, Los Angeles County, California",1890
"06037106403","Census Tract 1064.03, Los Angeles County, California",863
"06037106405","Census Tract 1064.05, Los Angeles County, California",1177
"06037106406","Census Tract 1064.06, Los Angeles County, California",1774
"06037106407","Census Tract 1064.07, Los Angeles County, California",896
"06037106408","Census Tract 1064.08, Los Angeles County, California",1001
"06037106510","Census Tract 1065.10, Los Angeles County, California",1756
"06037106520","Census Tract 1065.20, Los Angeles County, California",1453
"06037106603","Census Tract 1066.03, Los Angeles County, California",995
"06037106604","Census Tract 1066.04, Los Angeles County, California",1314
"06037106641","Census Tract 1066.41, Los Angeles County, California",791
"06037106642","Census Tract 1066.42, Los Angeles County, California",1081
"06037106643","Census Tract 1066.43, Los Angeles County, California",1355
"06037106645","Census Tract 1066.45, Los Angeles County, California",1209
"06037106646","Census Tract 1066.46, Los Angeles County, California",985
"06037106648","Census Tract 1066.48, Los Angeles County, California",1285
"06037106649","Census Tract 1066.49, Los Angeles County, California",717
"06037107010","Census Tract 1070.10, Los Angeles County, California",744
"06037107020","Census Tract 1070.20, Los Angeles County, California",1335
"06037108101","Census Tract 1081.01, Los Angeles County, California",799
"06037108102","Census Tract 1081.02, Los Angeles County, California",1366
"06037108103","Census Tract 1081.03, Los Angeles County, California",1071
"06037108104","Census Tract 1081.04, Los Angeles County, California",586
"06037108202","Census Tract 1082.02, Los Angeles County, California",3268
"06037108203","Census Tract 1082.03, Los Angeles County, California",1255
"06037108204","Census Tract 1082.04, Los Angeles County, California",646
"06037109100","Census Tract 1091, Los Angeles County, California",896
"06037109200","Census Tract 1092, Los Angeles County, California",1049
"06037109300","Census Tract 1093, Los Angeles County, California",908
"06037109400","Census Tract 1094, Los Angeles County, California",1097
"06037109500","Census Tract 1095, Los Angeles County, California",1093
"06037109601","Census Tract 1096.01, Los Angeles County, California",1302
"06037109603","Census Tract 1096.03, Los Angeles County, California",1313
"06037109604","Census Tract 1096.04, Los Angeles County, California",919
"06037109700","Census Tract 1097, Los Angeles County, California",1398
"06037109800","Census Tract 1098, Los Angeles County, California",1462
"06037111100","Census Tract 1111, Los Angeles County, California",950
"06037111201","Census Tract 1112.01, Los Angeles County, California",1149
"06037111202","Census Tract 1112.02, Los Angeles County, California",1874
"06037111204","Census Tract 1112.04, Los Angeles County, California",1949
"06037111205","Census Tract 1112.05, Los Angeles County, California",1452
"06037111206","Census Tract 1112.06, Los Angeles County, California",1524
"06037111302","Census Tract 1113.02, Los Angeles County, California",1694
"06037111303","Census Tract 1113.03, Los Angeles County, California",1470
"06037111304","Census Tract 1113.04, Los Angeles County, California",1429
"06037111401","Census Tract 1114.01, Los Angeles County, California",771
"06037111402","Census Tract 1114.02, Los Angeles County, California",2008
"06037113101","Census Tract 1131.01, Los Angeles County, California",1161
"06037113102","Census Tract 1131.02, Los Angeles County, California",1029
"06037113211","Census Tract 1132.11, Los Angeles County, California",1709
"06037113212","Census Tract 1132.12, Los Angeles County, California",1087
"06037113213","Census Tract 1132.13, Los Angeles County, California",1689
"06037113231","Census Tract 1132.31, Los Angeles County, California",842
"06037113232","Census Tract 1132.32, Los Angeles County, California",1496
"06037113234","Census Tract 1132.34, Los Angeles County, California",1628
"06037113235","Census Tract 1132.35, Los Angeles County, California",746
"06037113237","Census Tract 1132.37, Los Angeles County, California",1576
"06037113238","Census Tract 1132.38, Los Angeles County, California",1644
"06037113239","Census Tract 1132.39, Los Angeles County, California",947
"06037113301","Census Tract 1133.01, Los Angeles County, California",1827
"06037113303","Census Tract 1133.03, Los Angeles County, California",1454
"06037113322","Census Tract 1133.22, Los Angeles County, California",1430
"06037113323","Census Tract 1133.23, Los Angeles County, California",1604
"06037113324","Census Tract 1133.24, Los Angeles County, California",858
"06037113423","Census Tract 1134.23, Los Angeles County, California",861
"06037113424","Census Tract 1134.24, Los Angeles County, California",1301
"06037113425","Census Tract 1134.25, Los Angeles County, California",1323
"06037113426","Census Tract 1134.26, Los Angeles County, California",780
"06037113427","Census Tract 1134.27, Los Angeles County, California",1126
"06037113428","Census Tract 1134.28, Los Angeles County, California",1039
"06037115101","Census Tract 1151.01, Los Angeles County, California",1748
"06037115103","Census Tract 1151.03, Los Angeles County, California",129
"06037115104","Census Tract 1151.04, Los Angeles County, California",2037
"06037115202","Census Tract 1152.02, Los Angeles County, California",1992
"06037115203","Census Tract 1152.03, Los Angeles County, California",1268
"06037115204","Census Tract 1152.04, Los Angeles County, California",1742
"06037115301","Census Tract 1153.01, Los Angeles County, California",1688
"06037115302","Census Tract 1153.02, Los Angeles County, California",1030
"06037115401","Census Tract 1154.01, Los Angeles County, California",2105
"06037115403","Census Tract 1154.03, Los Angeles County, California",1074
"06037115404","Census Tract 1154.04, Los Angeles County, California",904
"06037117101","Census Tract 1171.01, Los Angeles County, California",1488
"06037117102","Census Tract 1171.02, Los Angeles County, California",836
"06037117201","Census Tract 1172.01, Los Angeles County, California",1253
"06037117202","Census Tract 1172.02, Los Angeles County, California",903
"06037117301","Census Tract 1173.01, Los Angeles County, California",1233
"06037117302","Census Tract 1173.02, Los Angeles County, California",1811
"06037117303","Census Tract 1173.03, Los Angeles County, California",1051
"06037117404","Census Tract 1174.04, Los Angeles County, California",1421
"06037117405","Census Tract 1174.05, Los Angeles County, California",890
"06037117407","Census Tract 1174.07, Los Angeles County, California",932
"06037117408","Census Tract 1174.08, Los Angeles County, California",841
"06037117510","Census Tract 1175.10, Los Angeles County, California",1126
"06037117520","Census Tract 1175.20, Los Angeles County, California",1079
"06037117530","Census Tract 1175.30, Los Angeles County, California",1730
"06037119001","Census Tract 1190.01, Los Angeles County, California",970
"06037119003","Census Tract 1190.03, Los Angeles County, California",875
"06037119004","Census Tract 1190.04, Los Angeles County, California",725
"06037119201","Census Tract 1192.01, Los Angeles County, California",884
"06037119202","Census Tract 1192.02, Los Angeles County, California",1046
"06037119310","Census Tract 1193.10, Los Angeles County, California",1188
"06037119320","Census Tract 1193.20, Los Angeles County, California",1217
"06037119340","Census Tract 1193.40, Los Angeles County, California",1020
"06037119341","Census Tract 1193.41, Los Angeles County, California",836
"06037119342","Census Tract 1193.42, Los Angeles County, California",785
"06037119400","Census Tract 1194, Los Angeles County, California",1141
"06037119700","Census Tract 1197, Los Angeles County, California",1322
"06037119801","Census Tract 1198.01, Los Angeles County, California",660
"06037119802","Census Tract 1198.02, Los Angeles County, California",796
"06037119900","Census Tract 1199, Los Angeles County, California",1207
"06037120010","Census Tract 1200.10, Los Angeles County, California",721
"06037120020","Census Tract 1200.20, Los Angeles County, California",1145
"06037120030","Census Tract 1200.30, Los Angeles County, California",754
"06037120103","Census Tract 1201.03, Los Angeles County, California",850
"06037120104","Census Tract 1201.04, Los Angeles County, California",822
"06037120105","Census Tract 1201.05, Los Angeles County, California",876
"06037120106","Census Tract 1201.06, Los Angeles County, California",1196
"06037120107","Census Tract 1201.07, Los Angeles County, California",1082
"06037120108","Census Tract 1201.08, Los Angeles County, California",1484
"06037120300","Census Tract 1203, Los Angeles County, California",1467
"06037120400","Census Tract 1204, Los Angeles County, California",2057
"06037121010","Census Tract 1210.10, Los Angeles County, California",1280
"06037121020","Census Tract 1210.20, Los Angeles County, California",1097
"06037121101","Census Tract 1211.01, Los Angeles County, California",993
"06037121102","Census Tract 1211.02, Los Angeles County, California",871
"06037121210","Census Tract 1212.10, Los Angeles County, California",787
"06037121221","Census Tract 1212.21, Los Angeles County, California",536
"06037121222","Census Tract 1212.22, Los Angeles County, California",1362
"06037121600","Census Tract 1216, Los Angeles County, California",856
"06037121801","Census Tract 1218.01, Los Angeles County, California",1233
"06037121802","Census Tract 1218.02, Los Angeles County, California",776
"06037121900","Census Tract 1219, Los Angeles County, California",1092
"06037122000","Census Tract 1220, Los Angeles County, California",1552
"06037122120","Census Tract 1221.20, Los Angeles County, California",1092
"06037122121","Census Tract 1221.21, Los Angeles County, California",723
"06037122122","Census Tract 1221.22, Los Angeles County, California",799
"06037122200","Census Tract 1222, Los Angeles County, California",957
"06037122410","Census Tract 1224.10, Los Angeles County, California",1252
"06037122420","Census Tract 1224.20, Los Angeles County, California",1371
"06037123010","Census Tract 1230.10, Los Angeles County, California",1057
"06037123020","Census Tract 1230.20, Los Angeles County, California",804
"06037123103","Census Tract 1231.03, Los Angeles County, California",1574
"06037123104","Census Tract 1231.04, Los Angeles County, California",1615
"06037123203","Census Tract 1232.03, Los Angeles County, California",1121
"06037123204","Census Tract 1232.04, Los Angeles County, California",1067
"06037123205","Census Tract 1232.05, Los Angeles County, California",779
"06037123206","Census Tract 1232.06, Los Angeles County, California",908
"06037123301","Census Tract 1233.01, Los Angeles County, California",1684
"06037123303","Census Tract 1233.03, Los Angeles County, California",950
"06037123304","Census Tract 1233.04, Los Angeles County, California",1745
"06037123410","Census Tract 1234.10, Los Angeles County, California",1299
"06037123420","Census Tract 1234.20, Los Angeles County, California",1457
"06037123510","Census Tract 1235.10, Los Angeles County, California",1750
"06037123520","Census Tract 1235.20, Los Angeles County, California",925
"06037123601","Census Tract 1236.01, Los Angeles County, California",1887
"06037123602","Census Tract 1236.02, Los Angeles County, California",1339
"06037123700","Census Tract 1237, Los Angeles County, California",1571
"06037123800","Census Tract 1238, Los Angeles County, California",2449
"06037123901","Census Tract 1239.01, Los Angeles County, California",1552
"06037123902","Census Tract 1239.02, Los Angeles County, California",1125
"06037124000","Census Tract 1240, Los Angeles County, California",2149
"06037124102","Census Tract 1241.02, Los Angeles County, California",1498
"06037124103","Census Tract 1241.03, Los Angeles County, California",632
"06037124104","Census Tract 1241.04, Los Angeles County, California",1048
"06037124105","Census Tract 1241.05, Los Angeles County, California",929
"06037124201","Census Tract 1242.01, Los Angeles County, California",1186
"06037124203","Census Tract 1242.03, Los Angeles County, California",883
"06037124204","Census Tract 1242.04, Los Angeles County, California",1100
"06037124300","Census Tract 1243, Los Angeles County, California",1410
"06037124400","Census Tract 1244, Los Angeles County, California",1718
"06037124500","Census Tract 1245, Los Angeles County, California",1269
"06037124600","Census Tract 1246, Los Angeles County, California",1406
"06037124700","Census Tract 1247, Los Angeles County, California",2475
"06037124902","Census Tract 1249.02, Los Angeles County, California",1574
"06037124903","Census Tract 1249.03, Los Angeles County, California",1743
"06037125101","Census Tract 1251.01, Los Angeles County, California",2141
"06037125102","Census Tract 1251.02, Los Angeles County, California",1057
"06037125200","Census Tract 1252, Los Angeles County, California",2062
"06037125310","Census Tract 1253.10, Los Angeles County, California",2436
"06037125321","Census Tract 1253.21, Los Angeles County, California",1512
"06037125322","Census Tract 1253.22, Los Angeles County, California",1561
"06037125402","Census Tract 1254.02, Los Angeles County, California",2166
"06037125403","Census Tract 1254.03, Los Angeles County, California",1327
"06037125404","Census Tract 1254.04, Los Angeles County, California",1779
"06037125501","Census Tract 1255.01, Los Angeles County, California",1700
"06037125502","Census Tract 1255.02, Los Angeles County, California",2003
"06037125600","Census Tract 1256, Los Angeles County, California",1283
"06037127102","Census Tract 1271.02, Los Angeles County, California",1833
"06037127103","Census Tract 1271.03, Los Angeles County, California",1283
"06037127104","Census Tract 1271.04, Los Angeles County, California",1396
"06037127210","Census Tract 1272.10, Los Angeles County, California",1948
"06037127220","Census Tract 1272.20, Los Angeles County, California",1734
"06037127300","Census Tract 1273, Los Angeles County, California",1389
"06037127400","Census Tract 1274, Los Angeles County, California",1853
"06037127520","Census Tract 1275.20, Los Angeles County, California",1426
"06037127603","Census Tract 1276.03, Los Angeles County, California",915
"06037127604","Census Tract 1276.04, Los Angeles County, California",1319
"06037127605","Census Tract 1276.05, Los Angeles County, California",1112
"06037127606","Census Tract 1276.06, Los Angeles County, California",1122
"06037127711","Census Tract 1277.11, Los Angeles County, California",1188
"06037127712","Census Tract 1277.12, Los Angeles County, California",1581
"06037127803","Census Tract 1278.03, Los Angeles County, California",1866
"06037127804","Census Tract 1278.04, Los Angeles County, California",1784
"06037127805","Census Tract 1278.05, Los Angeles County, California",1104
"06037127806","Census Tract 1278.06, Los Angeles County, California",1351
"06037127910","Census Tract 1279.10, Los Angeles County, California",1618
"06037127920","Census Tract 1279.20, Los Angeles County, California",1389
"06037128101","Census Tract 1281.01, Los Angeles County, California",1309
"06037128102","Census Tract 1281.02, Los Angeles County, California",1518
"06037128210","Census Tract 1282.10, Los Angeles County, California",1610
"06037128220","Census Tract 1282.20, Los Angeles County, California",1258
"06037128302","Census Tract 1283.02, Los Angeles County, California",1511
"06037128303","Census Tract 1283.03, Los Angeles County, California",1234
"06037128400","Census Tract 1284, Los Angeles County, California",1853
"06037128500","Census Tract 1285, Los Angeles County, California",2116
"06037128601","Census Tract 1286.01, Los Angeles County, California",1750
"06037128602","Census Tract 1286.02, Los Angeles County, California",1447
"06037128703","Census Tract 1287.03, Los Angeles County, California",1716
"06037128704","Census Tract 1287.04, Los Angeles County, California",1159
"06037128801","Census Tract 1288.01, Los Angeles County, California",2122
"06037128802","Census Tract 1288.02, Los Angeles County, California",2230
"06037128910","Census Tract 1289.10, Los Angeles County, California",1974
"06037131021","Census Tract 1310.21, Los Angeles County, California",970
"06037131022","Census Tract 1310.22, Los Angeles County, California",1122
"06037131023","Census Tract 1310.23, Los Angeles County, California",815
"06037131024","Census Tract 1310.24, Los Angeles County, California",998
"06037131100","Census Tract 1311, Los Angeles County, California",1083
"06037131200","Census Tract 1312, Los Angeles County, California",1177
"06037131300","Census Tract 1313, Los Angeles County, California",1238
"06037131400","Census Tract 1314, Los Angeles County, California",1963
"06037131600","Census Tract 1316, Los Angeles County, California",1507
"06037131701","Census Tract 1317.01, Los Angeles County, California",1810
"06037131702","Census Tract 1317.02, Los Angeles County, California",1135
"06037131801","Census Tract 1318.01, Los Angeles County, California",959
"06037131802","Census Tract 1318.02, Los Angeles County, California",750
"06037131900","Census Tract 1319, Los Angeles County, California",1433
"06037132001","Census Tract 1320.01, Los Angeles County, California",1203
"06037132002","Census Tract 1320.02, Los Angeles County, California",1136
"06037132101","Census Tract 1321.01, Los Angeles County, California",1631
"06037132102","Census Tract 1321.02, Los Angeles County, California",2208
"06037132301","Census Tract 1323.01, Los Angeles County, California",1517
"06037132302","Census Tract 1323.02, Los Angeles County, California",892
"06037132501","Census Tract 1325.01, Los Angeles County, California",1317
"06037132502","Census Tract 1325.02, Los Angeles County, California",1562
"06037132700","Census Tract 1327, Los Angeles County, California",1591
"06037132900","Census Tract 1329, Los Angeles County, California",1356
"06037133000","Census Tract 1330, Los Angeles County, California",1292
"06037133101","Census Tract 1331.01, Los Angeles County, California",724
"06037133102","Census Tract 1331.02, Los Angeles County, California",1226
"06037134001","Census Tract 1340.01, Los Angeles County, California",963
"06037134002","Census Tract 1340.02, Los Angeles County, California",1141
"06037134101","Census Tract 1341.01, Los Angeles County, California",1490
"06037134103","Census Tract 1341.03, Los Angeles County, California",1347
"06037134104","Census Tract 1341.04, Los Angeles County, California",1408
"06037134201","Census Tract 1342.01, Los Angeles County, California",1250
"06037134302","Census Tract 1343.02, Los Angeles County, California",1262
"06037134303","Census Tract 1343.03, Los Angeles County, California",1837
"06037134304","Census Tract 1343.04, Los Angeles County, California",889
"06037134305","Census Tract 1343.05, Los Angeles County, California",1081
"06037134306","Census Tract 1343.06, Los Angeles County, California",1271
"06037134421","Census Tract 1344.21, Los Angeles County, California",1423
"06037134422","Census Tract 1344.22, Los Angeles County, California",1679
"06037134423","Census Tract 1344.23, Los Angeles County, California",1264
"06037134424","Census Tract 1344.24, Los Angeles County, California",989
"06037134520","Census Tract 1345.20, Los Angeles County, California",2130
"06037134521","Census Tract 1345.21, Los Angeles County, California",751
"06037134522","Census Tract 1345.22, Los Angeles County, California",1345
"06037134710","Census Tract 1347.10, Los Angeles County, California",1600
"06037134720","Census Tract 1347.20, Los Angeles County, California",1650
"06037134801","Census Tract 1348.01, Los Angeles County, California",978
"06037134802","Census Tract 1348.02, Los Angeles County, California",944
"06037134901","Census Tract 1349.01, Los Angeles County, California",1207
"06037134904","Census Tract 1349.04, Los Angeles County, California",1480
"06037134905","Census Tract 1349.05, Los Angeles County, California",3050
"06037134906","Census Tract 1349.06, Los Angeles County, California",1291
"06037134907","Census Tract 1349.07, Los Angeles County, California",1649
"06037135102","Census Tract 1351.02, Los Angeles County, California",1265
"06037135111","Census Tract 1351.11, Los Angeles County, California",1198
"06037135113","Census Tract 1351.13, Los Angeles County, California",1515
"06037135115","Census Tract 1351.15, Los Angeles County, California",2448
"06037135116","Census Tract 1351.16, Los Angeles County, California",1132
"06037135201","Census Tract 1352.01, Los Angeles County, California",865
"06037135202","Census Tract 1352.02, Los Angeles County, California",1513
"06037135204","Census Tract 1352.04, Los Angeles County, California",1680
"06037135205","Census Tract 1352.05, Los Angeles County, California",847
"06037137000","Census Tract 1370, Los Angeles County, California",1766
"06037137103","Census Tract 1371.03, Los Angeles County, California",2530
"06037137104","Census Tract 1371.04, Los Angeles County, California",1094
"06037137202","Census Tract 1372.02, Los Angeles County, California",1659
"06037137203","Census Tract 1372.03, Los Angeles County, California",949
"06037137301","Census Tract 1373.01, Los Angeles County, California",803
"06037137302","Census Tract 1373.02, Los Angeles County, California",1610
"06037137401","Census Tract 1374.01, Los Angeles County, California",2068
"06037137402","Census Tract 1374.02, Los Angeles County, California",2163
"06037137501","Census Tract 1375.01, Los Angeles County, California",2146
"06037137502","Census Tract 1375.02, Los Angeles County, California",1752
"06037137504","Census Tract 1375.04, Los Angeles County, California",727
"06037138000","Census Tract 1380, Los Angeles County, California",1890
"06037139001","Census Tract 1390.01, Los Angeles County, California",2191
"06037139200","Census Tract 1392, Los Angeles County, California",2348
"06037139301","Census Tract 1393.01, Los Angeles County, California",1695
"06037139302","Census Tract 1393.02, Los Angeles County, California",2109
"06037139303","Census Tract 1393.03, Los Angeles County, California",2037
"06037139401","Census Tract 1394.01, Los Angeles County, California",1359
"06037139402","Census Tract 1394.02, Los Angeles County, California",984
"06037139502","Census Tract 1395.02, Los Angeles County, California",1277
"06037139504","Census Tract 1395.04, Los Angeles County, California",1946
"06037139505","Census Tract 1395.05, Los Angeles County, California",1382
"06037139506","Census Tract 1395.06, Los Angeles County, California",1393
"06037139600","Census Tract 1396, Los Angeles County, California",2539
"06037139701","Census Tract 1397.01, Los Angeles County, California",2264
"06037139703","Census Tract 1397.03, Los Angeles County, California",1011
"06037139704","Census Tract 1397.04, Los Angeles County, California",996
"06037139705","Census Tract 1397.05, Los Angeles County, California",1371
"06037139801","Census Tract 1398.01, Los Angeles County, California",1313
"06037139802","Census Tract 1398.02, Los Angeles County, California",1411
"06037141101","Census Tract 1411.01, Los Angeles County, California",2800
"06037141102","Census Tract 1411.02, Los Angeles County, California",1466
"06037141201","Census Tract 1412.01, Los Angeles County, California",2217
"06037141202","Census Tract 1412.02, Los Angeles County, California",1491
"06037141303","Census Tract 1413.03, Los Angeles County, California",1774
"06037141304","Census Tract 1413.04, Los Angeles County, California",1578
"06037141305","Census Tract 1413.05, Los Angeles County, California",1503
"06037141306","Census Tract 1413.06, Los Angeles County, California",1662
"06037141400","Census Tract 1414, Los Angeles County, California",2059
"06037141500","Census Tract 1415, Los Angeles County, California",1166
"06037141600","Census Tract 1416, Los Angeles County, California",1745
"06037141700","Census Tract 1417, Los Angeles County, California",1354
"06037143101","Census Tract 1431.01, Los Angeles County, California",1111
"06037143102","Census Tract 1431.02, Los Angeles County, California",1276
"06037143200","Census Tract 1432, Los Angeles County, California",2268
"06037143301","Census Tract 1433.01, Los Angeles County, California",1711
"06037143302","Census Tract 1433.02, Los Angeles County, California",1701
"06037143401","Census Tract 1434.01, Los Angeles County, California",2249
"06037143402","Census Tract 1434.02, Los Angeles County, California",889
"06037143500","Census Tract 1435, Los Angeles County, California",2488
"06037143602","Census Tract 1436.02, Los Angeles County, California",2405
"06037143603","Census Tract 1436.03, Los Angeles County, California",1422
"06037143605","Census Tract 1436.05, Los Angeles County, California",1228
"06037143606","Census Tract 1436.06, Los Angeles County, California",1048
"06037143700","Census Tract 1437, Los Angeles County, California",2106
"06037143801","Census Tract 1438.01, Los Angeles County, California",1365
"06037143802","Census Tract 1438.02, Los Angeles County, California",1182
"06037143901","Census Tract 1439.01, Los Angeles County, California",1738
"06037143902","Census Tract 1439.02, Los Angeles County, California",1440
"06037181000","Census Tract 1810, Los Angeles County, California",2345
"06037181300","Census Tract 1813, Los Angeles County, California",1392
"06037181400","Census Tract 1814, Los Angeles County, California",1645
"06037181500","Census Tract 1815, Los Angeles County, California",1390
"06037181600","Census Tract 1816, Los Angeles County, California",1085
"06037183101","Census Tract 1831.01, Los Angeles County, California",1413
"06037183103","Census Tract 1831.03, Los Angeles County, California",1544
"06037183104","Census Tract 1831.04, Los Angeles County, California",818
"06037183220","Census Tract 1832.20, Los Angeles County, California",1206
"06037183221","Census Tract 1832.21, Los Angeles County, California",1064
"06037183222","Census Tract 1832.22, Los Angeles County, California",1379
"06037183300","Census Tract 1833, Los Angeles County, California",1042
"06037183401","Census Tract 1834.01, Los Angeles County, California",862
"06037183402","Census Tract 1834.02, Los Angeles County, California",1071
"06037183510","Census Tract 1835.10, Los Angeles County, California",782
"06037183520","Census Tract 1835.20, Los Angeles County, California",1216
"06037183610","Census Tract 1836.10, Los Angeles County, California",1080
"06037183620","Census Tract 1836.20, Los Angeles County, California",1050
"06037183701","Census Tract 1837.01, Los Angeles County, California",1518
"06037183702","Census Tract 1837.02, Los Angeles County, California",1120
"06037183810","Census Tract 1838.10, Los Angeles County, California",1661
"06037183820","Census Tract 1838.20, Los Angeles County, California",1314
"06037185101","Census Tract 1851.01, Los Angeles County, California",1145
"06037185102","Census Tract 1851.02, Los Angeles County, California",1256
"06037185202","Census Tract 1852.02, Los Angeles County, California",1485
"06037185203","Census Tract 1852.03, Los Angeles County, California",915
"06037185204","Census Tract 1852.04, Los Angeles County, California",753
"06037185310","Census Tract 1853.10, Los Angeles County, California",856
"06037185320","Census Tract 1853.20, Los Angeles County, California",910
"06037186100","Census Tract 1861, Los Angeles County, California",1847
"06037186201","Census Tract 1862.01, Los Angeles County, California",1301
"06037186202","Census Tract 1862.02, Los Angeles County, California",844
"06037186203","Census Tract 1862.03, Los Angeles County, California",1109
"06037186301","Census Tract 1863.01, Los Angeles County, California",939
"06037186302","Census Tract 1863.02, Los Angeles County, California",1916
"06037186401","Census Tract 1864.01, Los Angeles County, California",1019
"06037186403","Census Tract 1864.03, Los Angeles County, California",825
"06037186404","Census Tract 1864.04, Los Angeles County, California",782
"06037187101","Census Tract 1871.01, Los Angeles County, California",1293
"06037187102","Census Tract 1871.02, Los Angeles County, California",1584
"06037187200","Census Tract 1872, Los Angeles County, California",1010
"06037187300","Census Tract 1873, Los Angeles County, California",1661
"06037188100","Census Tract 1881, Los Angeles County, California",1825
"06037188201","Census Tract 1882.01, Los Angeles County, California",2000
"06037188202","Census Tract 1882.02, Los Angeles County, California",1277
"06037188300","Census Tract 1883, Los Angeles County, California",1463
"06037189101","Census Tract 1891.01, Los Angeles County, California",1476
"06037189102","Census Tract 1891.02, Los Angeles County, California",2039
"06037189201","Census Tract 1892.01, Los Angeles County, California",2099
"06037189202","Census Tract 1892.02, Los Angeles County, California",1346
"06037189300","Census Tract 1893, Los Angeles County, California",1375
"06037189400","Census Tract 1894, Los Angeles County, California",1993
"06037189501","Census Tract 1895.01, Los Angeles County, California",1439
"06037189502","Census Tract 1895.02, Los Angeles County, California",1518
"06037189600","Census Tract 1896, Los Angeles County, California",2212
"06037189702","Census Tract 1897.02, Los Angeles County, California",1565
"06037189703","Census Tract 1897.03, Los Angeles County, California",1402
"06037189704","Census Tract 1897.04, Los Angeles County, California",1699
"06037189801","Census Tract 1898.01, Los Angeles County, California",1539
"06037189802","Census Tract 1898.02, Los Angeles County, California",1194
"06037189903","Census Tract 1899.03, Los Angeles County, California",1686
"06037189904","Census Tract 1899.04, Los Angeles County, California",1727
"06037189905","Census Tract 1899.05, Los Angeles County, California",1643
"06037189906","Census Tract 1899.06, Los Angeles County, California",1733
"06037189907","Census Tract 1899.07, Los Angeles County, California",1611
"06037190101","Census Tract 1901.01, Los Angeles County, California",1412
"06037190102","Census Tract 1901.02, Los Angeles County, California",1671
"06037190201","Census Tract 1902.01, Los Angeles County, California",1661
"06037190202","Census Tract 1902.02, Los Angeles County, California",2714
"06037190302","Census Tract 1903.02, Los Angeles County, California",1327
"06037190303","Census Tract 1903.03, Los Angeles County, California",1641
"06037190401","Census Tract 1904.01, Los Angeles County, California",1848
"06037190402","Census Tract 1904.02, Los Angeles County, California",1413
"06037190510","Census Tract 1905.10, Los Angeles County, California",2105
"06037190520","Census Tract 1905.20, Los Angeles County, California",1698
"06037190701","Census Tract 1907.01, Los Angeles County, California",1277
"06037190702","Census Tract 1907.02, Los Angeles County, California",892
"06037190801","Census Tract 1908.01, Los Angeles County, California",1526
"06037190802","Census Tract 1908.02, Los Angeles County, California",1520
"06037190901","Census Tract 1909.01, Los Angeles County, California",1579
"06037190902","Census Tract 1909.02, Los Angeles County, California",1811
"06037191000","Census Tract 1910, Los Angeles County, California",3946
"06037191110","Census Tract 1911.10, Los Angeles County, California",1214
"06037191120","Census Tract 1911.20, Los Angeles County, California",1643
"06037191201","Census Tract 1912.01, Los Angeles County, California",1798
"06037191203","Census Tract 1912.03, Los Angeles County, California",1189
"06037191204","Census Tract 1912.04, Los Angeles County, California",879
"06037191301","Census Tract 1913.01, Los Angeles County, California",959
"06037191302","Census Tract 1913.02, Los Angeles County, California",1033
"06037191410","Census Tract 1914.10, Los Angeles County, California",1637
"06037191420","Census Tract 1914.20, Los Angeles County, California",1208
"06037191500","Census Tract 1915, Los Angeles County, California",1807
"06037191610","Census Tract 1916.10, Los Angeles County, California",1569
"06037191620","Census Tract 1916.20, Los Angeles County, California",1051
"06037191710","Census Tract 1917.10, Los Angeles County, California",1303
"06037191720","Census Tract 1917.20, Los Angeles County, California",1402
"06037191810","Census Tract 1918.10, Los Angeles County, California",1419
"06037191820","Census Tract 1918.20, Los Angeles County, California",1770
"06037191901","Census Tract 1919.01, Los Angeles County, California",2388
"06037191902","Census Tract 1919.02, Los Angeles County, California",1556
"06037192001","Census Tract 1920.01, Los Angeles County, California",1437
"06037192002","Census Tract 1920.02, Los Angeles County, California",1381
"06037192300","Census Tract 1923, Los Angeles County, California",1740
"06037192410","Census Tract 1924.10, Los Angeles County, California",1866
"06037192420","Census Tract 1924.20, Los Angeles County, California",1606
"06037192510","Census Tract 1925.10, Los Angeles County, California",1260
"06037192520","Census Tract 1925.20, Los Angeles County, California",1629
"06037192610","Census Tract 1926.10, Los Angeles County, California",1606
"06037192620","Census Tract 1926.20, Los Angeles County, California",1285
"06037192700","Census Tract 1927, Los Angeles County, California",1323
"06037194101","Census Tract 1941.01, Los Angeles County, California",1884
"06037194102","Census Tract 1941.02, Los Angeles County, California",1733
"06037194200","Census Tract 1942, Los Angeles County, California",1974
"06037194300","Census Tract 1943, Los Angeles County, California",1672
"06037194401","Census Tract 1944.01, Los Angeles County, California",1456
"06037194402","Census Tract 1944.02, Los Angeles County, California",2149
"06037194500","Census Tract 1945, Los Angeles County, California",1264
"06037195100","Census Tract 1951, Los Angeles County, California",2284
"06037195201","Census Tract 1952.01, Los Angeles County, California",1797
"06037195202","Census Tract 1952.02, Los Angeles County, California",1537
"06037195300","Census Tract 1953, Los Angeles County, California",1623
"06037195400","Census Tract 1954, Los Angeles County, California",2409
"06037195500","Census Tract 1955, Los Angeles County, California",2519
"06037195600","Census Tract 1956, Los Angeles County, California",1273
"06037195710","Census Tract 1957.10, Los Angeles County, California",1358
"06037195720","Census Tract 1957.20, Los Angeles County, California",947
"06037195802","Census Tract 1958.02, Los Angeles County, California",1038
"06037195803","Census Tract 1958.03, Los Angeles County, California",1312
"06037195804","Census Tract 1958.04, Los Angeles County, California",1148
"06037195901","Census Tract 1959.01, Los Angeles County, California",1224
"06037195902","Census Tract 1959.02, Los Angeles County, California",1071
"06037195903","Census Tract 1959.03, Los Angeles County, California",1000
"06037197200","Census Tract 1972, Los Angeles County, California",1163
"06037197300","Census Tract 1973, Los Angeles County, California",1861
"06037197410","Census Tract 1974.10, Los Angeles County, California",1764
"06037197420","Census Tract 1974.20, Los Angeles County, California",1453
"06037197500","Census Tract 1975, Los Angeles County, California",1799
"06037197600","Census Tract 1976, Los Angeles County, California",1128
"06037197700","Census Tract 1977, Los Angeles County, California",2071
"06037199001","Census Tract 1990.01, Los Angeles County, California",822
"06037199002","Census Tract 1990.02, Los Angeles County, California",1176
"06037199110","Census Tract 1991.10, Los Angeles County, California",758
"06037199120","Census Tract 1991.20, Los Angeles County, California",1122
"06037199201","Census Tract 1992.01, Los Angeles County, California",1193
"06037199202","Census Tract 1992.02, Los Angeles County, California",898
"06037199300","Census Tract 1993, Los Angeles County, California",1310
"06037199400","Census Tract 1994, Los Angeles County, California",1451
"06037199700","Census Tract 1997, Los Angeles County, California",1263
"06037199801","Census Tract 1998.01, Los Angeles County, California",891
"06037199802","Census Tract 1998.02, Los Angeles County, California",676
"06037199900","Census Tract 1999, Los Angeles County, California",897
"06037201110","Census Tract 2011.10, Los Angeles County, California",736
"06037201120","Census Tract 2011.20, Los Angeles County, California",1458
"06037201200","Census Tract 2012, Los Angeles County, California",736
"06037201301","Census Tract 2013.01, Los Angeles County, California",1090
"06037201302","Census Tract 2013.02, Los Angeles County, California",2004
"06037201401","Census Tract 2014.01, Los Angeles County, California",1464
"06037201402","Census Tract 2014.02, Los Angeles County, California",1395
"06037201501","Census Tract 2015.01, Los Angeles County, California",1584
"06037201503","Census Tract 2015.03, Los Angeles County, California",957
"06037201504","Census Tract 2015.04, Los Angeles County, California",641
"06037201601","Census Tract 2016.01, Los Angeles County, California",693
"06037201602","Census Tract 2016.02, Los Angeles County, California",825
"06037201700","Census Tract 2017, Los Angeles County, California",1468
"06037203100","Census Tract 2031, Los Angeles County, California",1297
"06037203200","Census Tract 2032, Los Angeles County, California",1251
"06037203300","Census Tract 2033, Los Angeles County, California",610
"06037203500","Census Tract 2035, Los Angeles County, California",1017
"06037203601","Census Tract 2036.01, Los Angeles County, California",807
"06037203602","Census Tract 2036.02, Los Angeles County, California",629
"06037203710","Census Tract 2037.10, Los Angeles County, California",854
"06037203720","Census Tract 2037.20, Los Angeles County, California",1094
"06037203800","Census Tract 2038, Los Angeles County, California",1221
"06037203900","Census Tract 2039, Los Angeles County, California",705
"06037204110","Census Tract 2041.10, Los Angeles County, California",823
"06037204120","Census Tract 2041.20, Los Angeles County, California",695
"06037204200","Census Tract 2042, Los Angeles County, California",1086
"06037204300","Census Tract 2043, Los Angeles County, California",1320
"06037204410","Census Tract 2044.10, Los Angeles County, California",649
"06037204420","Census Tract 2044.20, Los Angeles County, California",969
"06037204600","Census Tract 2046, Los Angeles County, California",1206
"06037204700","Census Tract 2047, Los Angeles County, California",1288
"06037204810","Census Tract 2048.10, Los Angeles County, California",1371
"06037204820","Census Tract 2048.20, Los Angeles County, California",553
"06037204910","Census Tract 2049.10, Los Angeles County, California",941
"06037204920","Census Tract 2049.20, Los Angeles County, California",680
"06037205110","Census Tract 2051.10, Los Angeles County, California",903
"06037205120","Census Tract 2051.20, Los Angeles County, California",1122
"06037206010","Census Tract 2060.10, Los Angeles County, California",1391
"06037206020","Census Tract 2060.20, Los Angeles County, California",308
"06037206050","Census Tract 2060.50, Los Angeles County, California",702
"06037206051","Census Tract 2060.51, Los Angeles County, California",1233
"06037206052","Census Tract 2060.52, Los Angeles County, California",2183
"06037206053","Census Tract 2060.53, Los Angeles County, California",957
"06037206054","Census Tract 2060.54, Los Angeles County, California",767
"06037206201","Census Tract 2062.01, Los Angeles County, California",1310
"06037206202","Census Tract 2062.02, Los Angeles County, California",1075
"06037206301","Census Tract 2063.01, Los Angeles County, California",1219
"06037206302","Census Tract 2063.02, Los Angeles County, California",692
"06037206303","Census Tract 2063.03, Los Angeles County, California",688
"06037207101","Census Tract 2071.01, Los Angeles County, California",1812
"06037207102","Census Tract 2071.02, Los Angeles County, California",1665
"06037207103","Census Tract 2071.03, Los Angeles County, California",942
"06037207303","Census Tract 2073.03, Los Angeles County, California",1952
"06037207304","Census Tract 2073.04, Los Angeles County, California",1666
"06037207305","Census Tract 2073.05, Los Angeles County, California",820
"06037207306","Census Tract 2073.06, Los Angeles County, California",1839
"06037207307","Census Tract 2073.07, Los Angeles County, California",1047
"06037207308","Census Tract 2073.08, Los Angeles County, California",996
"06037207400","Census Tract 2074, Los Angeles County, California",585
"06037207501","Census Tract 2075.01, Los Angeles County, California",1596
"06037207502","Census Tract 2075.02, Los Angeles County, California",3029
"06037207711","Census Tract 2077.11, Los Angeles County, California",2511
"06037207712","Census Tract 2077.12, Los Angeles County, California",3716
"06037207901","Census Tract 2079.01, Los Angeles County, California",2860
"06037207902","Census Tract 2079.02, Los Angeles County, California",5431
"06037208001","Census Tract 2080.01, Los Angeles County, California",1230
"06037208002","Census Tract 2080.02, Los Angeles County, California",1373
"06037208301","Census Tract 2083.01, Los Angeles County, California",525
"06037208302","Census Tract 2083.02, Los Angeles County, California",1853
"06037208401","Census Tract 2084.01, Los Angeles County, California",1439
"06037208402","Census Tract 2084.02, Los Angeles County, California",853
"06037208501","Census Tract 2085.01, Los Angeles County, California",961
"06037208502","Census Tract 2085.02, Los Angeles County, California",1392
"06037208610","Census Tract 2086.10, Los Angeles County, California",1479
"06037208620","Census Tract 2086.20, Los Angeles County, California",1810
"06037208710","Census Tract 2087.10, Los Angeles County, California",2018
"06037208720","Census Tract 2087.20, Los Angeles County, California",1580
"06037208801","Census Tract 2088.01, Los Angeles County, California",1368
"06037208802","Census Tract 2088.02, Los Angeles County, California",1506
"06037208902","Census Tract 2089.02, Los Angeles County, California",710
"06037208903","Census Tract 2089.03, Los Angeles County, California",1267
"06037208904","Census Tract 2089.04, Los Angeles County, California",1342
"06037209103","Census Tract 2091.03, Los Angeles County, California",1025
"06037209104","Census Tract 2091.04, Los Angeles County, California",937
"06037209105","Census Tract 2091.05, Los Angeles County, California",901
"06037209106","Census Tract 2091.06, Los Angeles County, California",1423
"06037209201","Census Tract 2092.01, Los Angeles County, California",2130
"06037209202","Census Tract 2092.02, Los Angeles County, California",539
"06037209300","Census Tract 2093, Los Angeles County, California",2472
"06037209401","Census Tract 2094.01, Los Angeles County, California",1586
"06037209402","Census Tract 2094.02, Los Angeles County, California",1299
"06037209403","Census Tract 2094.03, Los Angeles County, California",1401
"06037209510","Census Tract 2095.10, Los Angeles County, California",1075
"06037209520","Census Tract 2095.20, Los Angeles County, California",988
"06037209810","Census Tract 2098.10, Los Angeles County, California",786
"06037209820","Census Tract 2098.20, Los Angeles County, California",924
"06037210010","Census Tract 2100.10, Los Angeles County, California",1272
"06037211000","Census Tract 2110, Los Angeles County, California",2358
"06037211121","Census Tract 2111.21, Los Angeles County, California",1081
"06037211122","Census Tract 2111.22, Los Angeles County, California",1479
"06037211123","Census Tract 2111.23, Los Angeles County, California",1391
"06037211124","Census Tract 2111.24, Los Angeles County, California",2047
"06037211201","Census Tract 2112.01, Los Angeles County, California",961
"06037211202","Census Tract 2112.02, Los Angeles County, California",1145
"06037211310","Census Tract 2113.10, Los Angeles County, California",1459
"06037211320","Census Tract 2113.20, Los Angeles County, California",1324
"06037211410","Census Tract 2114.10, Los Angeles County, California",1231
"06037211420","Census Tract 2114.20, Los Angeles County, California",1402
"06037211500","Census Tract 2115, Los Angeles County, California",1882
"06037211701","Census Tract 2117.01, Los Angeles County, California",1245
"06037211703","Census Tract 2117.03, Los Angeles County, California",2197
"06037211704","Census Tract 2117.04, Los Angeles County, California",1781
"06037211802","Census Tract 2118.02, Los Angeles County, California",2486
"06037211803","Census Tract 2118.03, Los Angeles County, California",1802
"06037211804","Census Tract 2118.04, Los Angeles County, California",1433
"06037211910","Census Tract 2119.10, Los Angeles County, California",1936
"06037211921","Census Tract 2119.21, Los Angeles County, California",1111
"06037211922","Census Tract 2119.22, Los Angeles County, California",1509
"06037212101","Census Tract 2121.01, Los Angeles County, California",1805
"06037212102","Census Tract 2121.02, Los Angeles County, California",1513
"06037212202","Census Tract 2122.02, Los Angeles County, California",1266
"06037212203","Census Tract 2122.03, Los Angeles County, California",1612
"06037212204","Census Tract 2122.04, Los Angeles County, California",1427
"06037212303","Census Tract 2123.03, Los Angeles County, California",1800
"06037212304","Census Tract 2123.04, Los Angeles County, California",985
"06037212305","Census Tract 2123.05, Los Angeles County, California",1043
"06037212306","Census Tract 2123.06, Los Angeles County, California",1220
"06037212410","Census Tract 2124.10, Los Angeles County, California",1707
"06037212420","Census Tract 2124.20, Los Angeles County, California",1238
"06037212501","Census Tract 2125.01, Los Angeles County, California",1060
"06037212502","Census Tract 2125.02, Los Angeles County, California",1963
"06037212610","Census Tract 2126.10, Los Angeles County, California",2033
"06037212620","Census Tract 2126.20, Los Angeles County, California",1861
"06037212701","Census Tract 2127.01, Los Angeles County, California",899
"06037212702","Census Tract 2127.02, Los Angeles County, California",1562
"06037212800","Census Tract 2128, Los Angeles County, California",1446
"06037212900","Census Tract 2129, Los Angeles County, California",1568
"06037213100","Census Tract 2131, Los Angeles County, California",1010
"06037213201","Census Tract 2132.01, Los Angeles County, California",2061
"06037213202","Census Tract 2132.02, Los Angeles County, California",1410
"06037213310","Census Tract 2133.10, Los Angeles County, California",1233
"06037213320","Census Tract 2133.20, Los Angeles County, California",1145
"06037213401","Census Tract 2134.01, Los Angeles County, California",1782
"06037213402","Census Tract 2134.02, Los Angeles County, California",1867
"06037214000","Census Tract 2140, Los Angeles County, California",1398
"06037214100","Census Tract 2141, Los Angeles County, California",1780
"06037214400","Census Tract 2144, Los Angeles County, California",1802
"06037214501","Census Tract 2145.01, Los Angeles County, California",1668
"06037214503","Census Tract 2145.03, Los Angeles County, California",1696
"06037214504","Census Tract 2145.04, Los Angeles County, California",1989
"06037214505","Census Tract 2145.05, Los Angeles County, California",1057
"06037214600","Census Tract 2146, Los Angeles County, California",1468
"06037214700","Census Tract 2147, Los Angeles County, California",1466
"06037214800","Census Tract 2148, Los Angeles County, California",1594
"06037214902","Census Tract 2149.02, Los Angeles County, California",1748
"06037214903","Census Tract 2149.03, Los Angeles County, California",1126
"06037214904","Census Tract 2149.04, Los Angeles County, California",1173
"06037215101","Census Tract 2151.01, Los Angeles County, California",1794
"06037215102","Census Tract 2151.02, Los Angeles County, California",2227
"06037216100","Census Tract 2161, Los Angeles County, California",1118
"06037216201","Census Tract 2162.01, Los Angeles County, California",1503
"06037216202","Census Tract 2162.02, Los Angeles County, California",1543
"06037216301","Census Tract 2163.01, Los Angeles County, California",600
"06037216302","Census Tract 2163.02, Los Angeles County, California",2123
"06037216401","Census Tract 2164.01, Los Angeles County, California",2263
"06037216402","Census Tract 2164.02, Los Angeles County, California",1451
"06037216700","Census Tract 2167, Los Angeles County, California",1761
"06037216800","Census Tract 2168, Los Angeles County, California",1617
"06037216901","Census Tract 2169.01, Los Angeles County, California",1319
"06037216902","Census Tract 2169.02, Los Angeles County, California",1199
"06037217001","Census Tract 2170.01, Los Angeles County, California",1123
"06037217002","Census Tract 2170.02, Los Angeles County, California",2441
"06037217101","Census Tract 2171.01, Los Angeles County, California",990
"06037217102","Census Tract 2171.02, Los Angeles County, California",1502
"06037217200","Census Tract 2172, Los Angeles County, California",1679
"06037218110","Census Tract 2181.10, Los Angeles County, California",1203
"06037218120","Census Tract 2181.20, Los Angeles County, California",1506
"06037218210","Census Tract 2182.10, Los Angeles County, California",1286
"06037218220","Census Tract 2182.20, Los Angeles County, California",1570
"06037218300","Census Tract 2183, Los Angeles County, California",2144
"06037218400","Census Tract 2184, Los Angeles County, California",1526
"06037218500","Census Tract 2185, Los Angeles County, California",1038
"06037218600","Census Tract 2186, Los Angeles County, California",1078
"06037218701","Census Tract 2187.01, Los Angeles County, California",897
"06037218702","Census Tract 2187.02, Los Angeles County, California",856
"06037218800","Census Tract 2188, Los Angeles County, California",947
"06037218900","Census Tract 2189, Los Angeles County, California",2169
"06037219010","Census Tract 2190.10, Los Angeles County, California",880
"06037219020","Census Tract 2190.20, Los Angeles County, California",1465
"06037219300","Census Tract 2193, Los Angeles County, California",1467
"06037219500","Census Tract 2195, Los Angeles County, California",740
"06037219700","Census Tract 2197, Los Angeles County, California",1458
"06037219800","Census Tract 2198, Los Angeles County, California",1019
"06037219901","Census Tract 2199.01, Los Angeles County, California",1520
"06037219902","Census Tract 2199.02, Los Angeles County, California",1282
"06037220000","Census Tract 2200, Los Angeles County, California",2166
"06037220100","Census Tract 2201, Los Angeles County, California",1036
"06037221110","Census Tract 2211.10, Los Angeles County, California",1093
"06037221120","Census Tract 2211.20, Los Angeles County, California",851
"06037221210","Census Tract 2212.10, Los Angeles County, California",897
"06037221220","Census Tract 2212.20, Los Angeles County, California",989
"06037221302","Census Tract 2213.02, Los Angeles County, California",1377
"06037221303","Census Tract 2213.03, Los Angeles County, California",770
"06037221304","Census Tract 2213.04, Los Angeles County, California",1113
"06037221401","Census Tract 2214.01, Los Angeles County, California",1346
"06037221402","Census Tract 2214.02, Los Angeles County, California",984
"06037221500","Census Tract 2215, Los Angeles County, California",1456
"06037221601","Census Tract 2216.01, Los Angeles County, California",1089
"06037221602","Census Tract 2216.02, Los Angeles County, California",891
"06037221710","Census Tract 2217.10, Los Angeles County, California",1009
"06037221810","Census Tract 2218.10, Los Angeles County, California",1093
"06037221820","Census Tract 2218.20, Los Angeles County, California",1226
"06037221900","Census Tract 2219, Los Angeles County, California",1462
"06037222001","Census Tract 2220.01, Los Angeles County, California",978
"06037222002","Census Tract 2220.02, Los Angeles County, California",1416
"06037222100","Census Tract 2221, Los Angeles County, California",1200
"06037222200","Census Tract 2222, Los Angeles County, California",1315
"06037222500","Census Tract 2225, Los Angeles County, California",1364
"06037222600","Census Tract 2226, Los Angeles County, California",1885
"06037222700","Census Tract 2227, Los Angeles County, California",330
"06037224010","Census Tract 2240.10, Los Angeles County, California",1776
"06037224020","Census Tract 2240.20, Los Angeles County, California",1174
"06037224200","Census Tract 2242, Los Angeles County, California",748
"06037224310","Census Tract 2243.10, Los Angeles County, California",662
"06037224320","Census Tract 2243.20, Los Angeles County, California",1093
"06037224410","Census Tract 2244.10, Los Angeles County, California",1184
"06037224420","Census Tract 2244.20, Los Angeles County, California",768
"06037224600","Census Tract 2246, Los Angeles County, California",840
"06037224701","Census Tract 2247.01, Los Angeles County, California",646
"06037224702","Census Tract 2247.02, Los Angeles County, California",1293
"06037226001","Census Tract 2260.01, Los Angeles County, California",588
"06037226002","Census Tract 2260.02, Los Angeles County, California",1413
"06037226410","Census Tract 2264.10, Los Angeles County, California",852
"06037226420","Census Tract 2264.20, Los Angeles County, California",1328
"06037226701","Census Tract 2267.01, Los Angeles County, California",724
"06037226702","Census Tract 2267.02, Los Angeles County, California",709
"06037227010","Census Tract 2270.10, Los Angeles County, California",1059
"06037227020","Census Tract 2270.20, Los Angeles County, California",769
"06037228100","Census Tract 2281, Los Angeles County, California",1101
"06037228210","Census Tract 2282.10, Los Angeles County, California",971
"06037228220","Census Tract 2282.20, Los Angeles County, California",973
"06037228310","Census Tract 2283.10, Los Angeles County, California",1123
"06037228320","Census Tract 2283.20, Los Angeles County, California",735
"06037228410","Census Tract 2284.10, Los Angeles County, California",746
"06037228420","Census Tract 2284.20, Los Angeles County, California",732
"06037228500","Census Tract 2285, Los Angeles County, California",1165
"06037228600","Census Tract 2286, Los Angeles County, California",1145
"06037228710","Census Tract 2287.10, Los Angeles County, California",1014
"06037228720","Census Tract 2287.20, Los Angeles County, California",1036
"06037228800","Census Tract 2288, Los Angeles County, California",1381
"06037228900","Census Tract 2289, Los Angeles County, California",987
"06037229100","Census Tract 2291, Los Angeles County, California",998
"06037229200","Census Tract 2292, Los Angeles County, California",1212
"06037229300","Census Tract 2293, Los Angeles County, California",1351
"06037229410","Census Tract 2294.10, Los Angeles County, California",818
"06037229420","Census Tract 2294.20, Los Angeles County, California",1055
"06037231100","Census Tract 2311, Los Angeles County, California",739
"06037231210","Census Tract 2312.10, Los Angeles County, California",1211
"06037231220","Census Tract 2312.20, Los Angeles County, California",1373
"06037231301","Census Tract 2313.01, Los Angeles County, California",827
"06037231302","Census Tract 2313.02, Los Angeles County, California",838
"06037231400","Census Tract 2314, Los Angeles County, California",1537
"06037231500","Census Tract 2315, Los Angeles County, California",1457
"06037231601","Census Tract 2316.01, Los Angeles County, California",676
"06037231602","Census Tract 2316.02, Los Angeles County, California",640
"06037231603","Census Tract 2316.03, Los Angeles County, California",828
"06037231710","Census Tract 2317.10, Los Angeles County, California",1312
"06037231720","Census Tract 2317.20, Los Angeles County, California",1564
"06037231800","Census Tract 2318, Los Angeles County, California",1417
"06037231901","Census Tract 2319.01, Los Angeles County, California",737
"06037231902","Census Tract 2319.02, Los Angeles County, California",834
"06037232110","Census Tract 2321.10, Los Angeles County, California",894
"06037232120","Census Tract 2321.20, Los Angeles County, California",1430
"06037232200","Census Tract 2322, Los Angeles County, California",894
"06037232300","Census Tract 2323, Los Angeles County, California",1162
"06037232401","Census Tract 2324.01, Los Angeles County, California",1016
"06037232402","Census Tract 2324.02, Los Angeles County, California",990
"06037232500","Census Tract 2325, Los Angeles County, California",1514
"06037232601","Census Tract 2326.01, Los Angeles County, California",579
"06037232602","Census Tract 2326.02, Los Angeles County, California",1260
"06037232701","Census Tract 2327.01, Los Angeles County, California",563
"06037232702","Census Tract 2327.02, Los Angeles County, California",1084
"06037232800","Census Tract 2328, Los Angeles County, California",1006
"06037234001","Census Tract 2340.01, Los Angeles County, California",998
"06037234002","Census Tract 2340.02, Los Angeles County, California",1023
"06037234200","Census Tract 2342, Los Angeles County, California",1149
"06037234301","Census Tract 2343.01, Los Angeles County, California",1089
"06037234302","Census Tract 2343.02, Los Angeles County, California",1417
"06037234501","Census Tract 2345.01, Los Angeles County, California",983
"06037234502","Census Tract 2345.02, Los Angeles County, California",1079
"06037234600","Census Tract 2346, Los Angeles County, California",1735
"06037234700","Census Tract 2347, Los Angeles County, California",1461
"06037234800","Census Tract 2348, Los Angeles County, California",1159
"06037234901","Census Tract 2349.01, Los Angeles County, California",1140
"06037234902","Census Tract 2349.02, Los Angeles County, California",1717
"06037235100","Census Tract 2351, Los Angeles County, California",1798
"06037235201","Census Tract 2352.01, Los Angeles County, California",956
"06037235202","Census Tract 2352.02, Los Angeles County, California",1944
"06037236001","Census Tract 2360.01, Los Angeles County, California",2187
"06037236101","Census Tract 2361.01, Los Angeles County, California",1327
"06037236102","Census Tract 2361.02, Los Angeles County, California",1637
"06037236203","Census Tract 2362.03, Los Angeles County, California",1564
"06037236204","Census Tract 2362.04, Los Angeles County, California",1404
"06037236205","Census Tract 2362.05, Los Angeles County, California",1349
"06037236206","Census Tract 2362.06, Los Angeles County, California",1142
"06037236400","Census Tract 2364, Los Angeles County, California",2056
"06037237101","Census Tract 2371.01, Los Angeles County, California",1132
"06037237102","Census Tract 2371.02, Los Angeles County, California",991
"06037237201","Census Tract 2372.01, Los Angeles County, California",960
"06037237202","Census Tract 2372.02, Los Angeles County, California",1330
"06037237300","Census Tract 2373, Los Angeles County, California",1824
"06037237401","Census Tract 2374.01, Los Angeles County, California",1050
"06037237402","Census Tract 2374.02, Los Angeles County, California",1016
"06037237500","Census Tract 2375, Los Angeles County, California",840
"06037237600","Census Tract 2376, Los Angeles County, California",1203
"06037237710","Census Tract 2377.10, Los Angeles County, California",1159
"06037237720","Census Tract 2377.20, Los Angeles County, California",943
"06037237800","Census Tract 2378, Los Angeles County, California",1323
"06037237900","Census Tract 2379, Los Angeles County, California",1334
"06037238000","Census Tract 2380, Los Angeles County, California",2173
"06037238100","Census Tract 2381, Los Angeles County, California",1775
"06037238200","Census Tract 2382, Los Angeles County, California",2246
"06037238310","Census Tract 2383.10, Los Angeles County, California",1423
"06037238320","Census Tract 2383.20, Los Angeles County, California",1204
"06037238400","Census Tract 2384, Los Angeles County, California",1806
"06037239201","Census Tract 2392.01, Los Angeles County, California",924
"06037239202","Census Tract 2392.02, Los Angeles County, California",1158
"06037239310","Census Tract 2393.10, Los Angeles County, California",1055
"06037239320","Census Tract 2393.20, Los Angeles County, California",831
"06037239330","Census Tract 2393.30, Los Angeles County, California",705
"06037239501","Census Tract 2395.01, Los Angeles County, California",979
"06037239502","Census Tract 2395.02, Los Angeles County, California",889
"06037239601","Census Tract 2396.01, Los Angeles County, California",938
"06037239602","Census Tract 2396.02, Los Angeles County, California",916
"06037239701","Census Tract 2397.01, Los Angeles County, California",1089
"06037239702","Census Tract 2397.02, Los Angeles County, California",1074
"06037239801","Census Tract 2398.01, Los Angeles County, California",934
"06037239802","Census Tract 2398.02, Los Angeles County, California",1340
"06037240010","Census Tract 2400.10, Los Angeles County, California",1029
"06037240020","Census Tract 2400.20, Los Angeles County, California",1310
"06037240200","Census Tract 2402, Los Angeles County, California",1472
"06037240301","Census Tract 2403.01, Los Angeles County, California",886
"06037240302","Census Tract 2403.02, Los Angeles County, California",839
"06037240401","Census Tract 2404.01, Los Angeles County, California",1485
"06037240402","Census Tract 2404.02, Los Angeles County, California",1132
"06037240500","Census Tract 2405, Los Angeles County, California",1696
"06037240600","Census Tract 2406, Los Angeles County, California",1362
"06037240700","Census Tract 2407, Los Angeles County, California",1647
"06037240800","Census Tract 2408, Los Angeles County, California",1110
"06037240901","Census Tract 2409.01, Los Angeles County, California",621
"06037240902","Census Tract 2409.02, Los Angeles County, California",808
"06037241001","Census Tract 2410.01, Los Angeles County, California",1184
"06037241002","Census Tract 2410.02, Los Angeles County, California",1036
"06037241110","Census Tract 2411.10, Los Angeles County, California",802
"06037241120","Census Tract 2411.20, Los Angeles County, California",1299
"06037241201","Census Tract 2412.01, Los Angeles County, California",894
"06037241202","Census Tract 2412.02, Los Angeles County, California",1585
"06037241300","Census Tract 2413, Los Angeles County, California",709
"06037241400","Census Tract 2414, Los Angeles County, California",980
"06037242000","Census Tract 2420, Los Angeles County, California",1176
"06037242100","Census Tract 2421, Los Angeles County, California",755
"06037242201","Census Tract 2422.01, Los Angeles County, California",840
"06037242202","Census Tract 2422.02, Los Angeles County, California",919
"06037242300","Census Tract 2423, Los Angeles County, California",1218
"06037242600","Census Tract 2426, Los Angeles County, California",1409
"06037242700","Census Tract 2427, Los Angeles County, California",1292
"06037243001","Census Tract 2430.01, Los Angeles County, California",714
"06037243002","Census Tract 2430.02, Los Angeles County, California",766
"06037243100","Census Tract 2431, Los Angeles County, California",1506
"06037261102","Census Tract 2611.02, Los Angeles County, California",1854
"06037261103","Census Tract 2611.03, Los Angeles County, California",833
"06037261104","Census Tract 2611.04, Los Angeles County, California",782
"06037261200","Census Tract 2612, Los Angeles County, California",1863
"06037262100","Census Tract 2621, Los Angeles County, California",1431
"06037262200","Census Tract 2622, Los Angeles County, California",1939
"06037262301","Census Tract 2623.01, Los Angeles County, California",953
"06037262302","Census Tract 2623.02, Los Angeles County, California",1255
"06037262303","Census Tract 2623.03, Los Angeles County, California",1251
"06037262400","Census Tract 2624, Los Angeles County, California",1301
"06037262501","Census Tract 2625.01, Los Angeles County, California",1457
"06037262601","Census Tract 2626.01, Los Angeles County, California",1481
"06037262604","Census Tract 2626.04, Los Angeles County, California",2689
"06037262704","Census Tract 2627.04, Los Angeles County, California",1835
"06037262706","Census Tract 2627.06, Los Angeles County, California",1413
"06037262802","Census Tract 2628.02, Los Angeles County, California",1740
"06037264000","Census Tract 2640, Los Angeles County, California",1379
"06037264102","Census Tract 2641.02, Los Angeles County, California",1851
"06037264103","Census Tract 2641.03, Los Angeles County, California",1617
"06037264303","Census Tract 2643.03, Los Angeles County, California",1693
"06037264304","Census Tract 2643.04, Los Angeles County, California",1701
"06037264305","Census Tract 2643.05, Los Angeles County, California",1998
"06037264306","Census Tract 2643.06, Los Angeles County, California",1223
"06037265100","Census Tract 2651, Los Angeles County, California",1663
"06037265201","Census Tract 2652.01, Los Angeles County, California",1121
"06037265203","Census Tract 2652.03, Los Angeles County, California",1373
"06037265204","Census Tract 2652.04, Los Angeles County, California",956
"06037265301","Census Tract 2653.01, Los Angeles County, California",130
"06037265303","Census Tract 2653.03, Los Angeles County, California",1936
"06037265304","Census Tract 2653.04, Los Angeles County, California",1072
"06037265306","Census Tract 2653.06, Los Angeles County, California",670
"06037265307","Census Tract 2653.07, Los Angeles County, California",686
"06037265410","Census Tract 2654.10, Los Angeles County, California",696
"06037265420","Census Tract 2654.20, Los Angeles County, California",826
"06037265521","Census Tract 2655.21, Los Angeles County, California",1302
"06037265522","Census Tract 2655.22, Los Angeles County, California",1291
"06037265523","Census Tract 2655.23, Los Angeles County, California",962
"06037265524","Census Tract 2655.24, Los Angeles County, California",1503
"06037265601","Census Tract 2656.01, Los Angeles County, California",1528
"06037265602","Census Tract 2656.02, Los Angeles County, California",1957
"06037265701","Census Tract 2657.01, Los Angeles County, California",1056
"06037265702","Census Tract 2657.02, Los Angeles County, California",1780
"06037267101","Census Tract 2671.01, Los Angeles County, California",1476
"06037267102","Census Tract 2671.02, Los Angeles County, California",1555
"06037267201","Census Tract 2672.01, Los Angeles County, California",1445
"06037267202","Census Tract 2672.02, Los Angeles County, California",1717
"06037267300","Census Tract 2673, Los Angeles County, California",2387
"06037267403","Census Tract 2674.03, Los Angeles County, California",1870
"06037267404","Census Tract 2674.04, Los Angeles County, California",2233
"06037267405","Census Tract 2674.05, Los Angeles County, California",1636
"06037267406","Census Tract 2674.06, Los Angeles County, California",1190
"06037267502","Census Tract 2675.02, Los Angeles County, California",1758
"06037267503","Census Tract 2675.03, Los Angeles County, California",1093
"06037267504","Census Tract 2675.04, Los Angeles County, California",1838
"06037267600","Census Tract 2676, Los Angeles County, California",1368
"06037267700","Census Tract 2677, Los Angeles County, California",2097
"06037267800","Census Tract 2678, Los Angeles County, California",1786
"06037267901","Census Tract 2679.01, Los Angeles County, California",2681
"06037267902","Census Tract 2679.02, Los Angeles County, California",1852
"06037269000","Census Tract 2690, Los Angeles County, California",2343
"06037269100","Census Tract 2691, Los Angeles County, California",2093
"06037269300","Census Tract 2693, Los Angeles County, California",1558
"06037269500","Census Tract 2695, Los Angeles County, California",1432
"06037269601","Census Tract 2696.01, Los Angeles County, California",1088
"06037269602","Census Tract 2696.02, Los Angeles County, California",1167
"06037269700","Census Tract 2697, Los Angeles County, California",1711
"06037269800","Census Tract 2698, Los Angeles County, California",1691
"06037269903","Census Tract 2699.03, Los Angeles County, California",2069
"06037269905","Census Tract 2699.05, Los Angeles County, California",1640
"06037269906","Census Tract 2699.06, Los Angeles County, California",1690
"06037269907","Census Tract 2699.07, Los Angeles County, California",1481
"06037269908","Census Tract 2699.08, Los Angeles County, California",1176
"06037269909","Census Tract 2699.09, Los Angeles County, California",1188
"06037270101","Census Tract 2701.01, Los Angeles County, California",1200
"06037270102","Census Tract 2701.02, Los Angeles County, California",1289
"06037270200","Census Tract 2702, Los Angeles County, California",1363
"06037270300","Census Tract 2703, Los Angeles County, California",1020
"06037271100","Census Tract 2711, Los Angeles County, California",1030
"06037271200","Census Tract 2712, Los Angeles County, California",1397
"06037271300","Census Tract 2713, Los Angeles County, California",2197
"06037271400","Census Tract 2714, Los Angeles County, California",1376
"06037271500","Census Tract 2715, Los Angeles County, California",1391
"06037271600","Census Tract 2716, Los Angeles County, California",1678
"06037271702","Census Tract 2717.02, Los Angeles County, California",1791
"06037271703","Census Tract 2717.03, Los Angeles County, California",1547
"06037271704","Census Tract 2717.04, Los Angeles County, California",1424
"06037271801","Census Tract 2718.01, Los Angeles County, California",1835
"06037271803","Census Tract 2718.03, Los Angeles County, California",1629
"06037271804","Census Tract 2718.04, Los Angeles County, California",1171
"06037271901","Census Tract 2719.01, Los Angeles County, California",1305
"06037271902","Census Tract 2719.02, Los Angeles County, California",1821
"06037272100","Census Tract 2721, Los Angeles County, California",1839
"06037272201","Census Tract 2722.01, Los Angeles County, California",1202
"06037272202","Census Tract 2722.02, Los Angeles County, California",1640
"06037272301","Census Tract 2723.01, Los Angeles County, California",1419
"06037272302","Census Tract 2723.02, Los Angeles County, California",2043
"06037273100","Census Tract 2731, Los Angeles County, California",1701
"06037273200","Census Tract 2732, Los Angeles County, California",1788
"06037273300","Census Tract 2733, Los Angeles County, California",1813
"06037273403","Census Tract 2734.03, Los Angeles County, California",1191
"06037273404","Census Tract 2734.04, Los Angeles County, California",1250
"06037273502","Census Tract 2735.02, Los Angeles County, California",1926
"06037273600","Census Tract 2736, Los Angeles County, California",1165
"06037273700","Census Tract 2737, Los Angeles County, California",1272
"06037273800","Census Tract 2738, Los Angeles County, California",1614
"06037273902","Census Tract 2739.02, Los Angeles County, California",2587
"06037274100","Census Tract 2741, Los Angeles County, California",2888
"06037274202","Census Tract 2742.02, Los Angeles County, California",3045
"06037275101","Census Tract 2751.01, Los Angeles County, California",518
"06037275102","Census Tract 2751.02, Los Angeles County, California",1475
"06037275200","Census Tract 2752, Los Angeles County, California",1795
"06037275311","Census Tract 2753.11, Los Angeles County, California",2359
"06037275312","Census Tract 2753.12, Los Angeles County, California",1204
"06037275313","Census Tract 2753.13, Los Angeles County, California",1743
"06037275400","Census Tract 2754, Los Angeles County, California",2625
"06037275500","Census Tract 2755, Los Angeles County, California",2048
"06037275603","Census Tract 2756.03, Los Angeles County, California",1219
"06037275604","Census Tract 2756.04, Los Angeles County, California",5764
"06037275605","Census Tract 2756.05, Los Angeles County, California",2003
"06037276000","Census Tract 2760, Los Angeles County, California",3314
"06037276101","Census Tract 2761.01, Los Angeles County, California",2250
"06037276102","Census Tract 2761.02, Los Angeles County, California",1594
"06037276400","Census Tract 2764, Los Angeles County, California",1578
"06037276500","Census Tract 2765, Los Angeles County, California",784
"06037276601","Census Tract 2766.01, Los Angeles County, California",1817
"06037276605","Census Tract 2766.05, Los Angeles County, California",1256
"06037276606","Census Tract 2766.06, Los Angeles County, California",2022
"06037276607","Census Tract 2766.07, Los Angeles County, California",1607
"06037276608","Census Tract 2766.08, Los Angeles County, California",1181
"06037277000","Census Tract 2770, Los Angeles County, California",2241
"06037277100","Census Tract 2771, Los Angeles County, California",1154
"06037277200","Census Tract 2772, Los Angeles County, California",1210
"06037277400","Census Tract 2774, Los Angeles County, California",2
"06037278001","Census Tract 2780.01, Los Angeles County, California",1168
"06037278102","Census Tract 2781.02, Los Angeles County, California",1611
"06037291110","Census Tract 2911.10, Los Angeles County, California",1377
"06037291120","Census Tract 2911.20, Los Angeles County, California",629
"06037291130","Census Tract 2911.30, Los Angeles County, California",994
"06037291210","Census Tract 2912.10, Los Angeles County, California",1568
"06037291220","Census Tract 2912.20, Los Angeles County, California",1031
"06037291300","Census Tract 2913, Los Angeles County, California",1079
"06037292001","Census Tract 2920.01, Los Angeles County, California",1456
"06037292002","Census Tract 2920.02, Los Angeles County, California",539
"06037293203","Census Tract 2932.03, Los Angeles County, California",1233
"06037293204","Census Tract 2932.04, Los Angeles County, California",1052
"06037293205","Census Tract 2932.05, Los Angeles County, California",1344
"06037293206","Census Tract 2932.06, Los Angeles County, California",931
"06037293301","Census Tract 2933.01, Los Angeles County, California",1077
"06037293302","Census Tract 2933.02, Los Angeles County, California",1681
"06037293304","Census Tract 2933.04, Los Angeles County, California",1477
"06037293306","Census Tract 2933.06, Los Angeles County, California",1005
"06037293307","Census Tract 2933.07, Los Angeles County, California",946
"06037294110","Census Tract 2941.10, Los Angeles County, California",1082
"06037294120","Census Tract 2941.20, Los Angeles County, California",556
"06037294200","Census Tract 2942, Los Angeles County, California",1334
"06037294301","Census Tract 2943.01, Los Angeles County, California",688
"06037294302","Census Tract 2943.02, Los Angeles County, California",1248
"06037294410","Census Tract 2944.10, Los Angeles County, California",1753
"06037294421","Census Tract 2944.21, Los Angeles County, California",984
"06037294510","Census Tract 2945.10, Los Angeles County, California",1111
"06037294520","Census Tract 2945.20, Los Angeles County, California",909
"06037294610","Census Tract 2946.10, Los Angeles County, California",1172
"06037294620","Census Tract 2946.20, Los Angeles County, California",1114
"06037294701","Census Tract 2947.01, Los Angeles County, California",963
"06037294810","Census Tract 2948.10, Los Angeles County, California",1029
"06037294820","Census Tract 2948.20, Los Angeles County, California",955
"06037294830","Census Tract 2948.30, Los Angeles County, California",1023
"06037294900","Census Tract 2949, Los Angeles County, California",1040
"06037295103","Census Tract 2951.03, Los Angeles County, California",2097
"06037296210","Census Tract 2962.10, Los Angeles County, California",987
"06037296220","Census Tract 2962.20, Los Angeles County, California",1867
"06037296300","Census Tract 2963, Los Angeles County, California",2092
"06037296401","Census Tract 2964.01, Los Angeles County, California",1313
"06037296402","Census Tract 2964.02, Los Angeles County, California",1150
"06037296500","Census Tract 2965, Los Angeles County, California",1336
"06037296600","Census Tract 2966, Los Angeles County, California",2058
"06037296901","Census Tract 2969.01, Los Angeles County, California",1639
"06037296902","Census Tract 2969.02, Los Angeles County, California",1725
"06037297001","Census Tract 2970.01, Los Angeles County, California",706
"06037297002","Census Tract 2970.02, Los Angeles County, California",1693
"06037297110","Census Tract 2971.10, Los Angeles County, California",1643
"06037297120","Census Tract 2971.20, Los Angeles County, California",1215
"06037297201","Census Tract 2972.01, Los Angeles County, California",1474
"06037297202","Census Tract 2972.02, Los Angeles County, California",1507
"06037297300","Census Tract 2973, Los Angeles County, California",864
"06037297400","Census Tract 2974, Los Angeles County, California",1666
"06037297501","Census Tract 2975.01, Los Angeles County, California",1041
"06037297502","Census Tract 2975.02, Los Angeles County, California",1180
"06037297601","Census Tract 2976.01, Los Angeles County, California",1353
"06037297602","Census Tract 2976.02, Los Angeles County, California",1811
"06037300100","Census Tract 3001, Los Angeles County, California",2083
"06037300200","Census Tract 3002, Los Angeles County, California",1999
"06037300301","Census Tract 3003.01, Los Angeles County, California",2196
"06037300400","Census Tract 3004, Los Angeles County, California",2158
"06037300501","Census Tract 3005.01, Los Angeles County, California",1068
"06037300503","Census Tract 3005.03, Los Angeles County, California",2302
"06037300601","Census Tract 3006.01, Los Angeles County, California",2040
"06037300602","Census Tract 3006.02, Los Angeles County, California",1464
"06037300701","Census Tract 3007.01, Los Angeles County, California",2266
"06037300702","Census Tract 3007.02, Los Angeles County, California",2150
"06037300800","Census Tract 3008, Los Angeles County, California",2919
"06037300901","Census Tract 3009.01, Los Angeles County, California",2376
"06037300902","Census Tract 3009.02, Los Angeles County, California",743
"06037301000","Census Tract 3010, Los Angeles County, California",2185
"06037301100","Census Tract 3011, Los Angeles County, California",2865
"06037301203","Census Tract 3012.03, Los Angeles County, California",1970
"06037301204","Census Tract 3012.04, Los Angeles County, California",2215
"06037301205","Census Tract 3012.05, Los Angeles County, California",759
"06037301206","Census Tract 3012.06, Los Angeles County, California",2024
"06037301300","Census Tract 3013, Los Angeles County, California",731
"06037301400","Census Tract 3014, Los Angeles County, California",1374
"06037301501","Census Tract 3015.01, Los Angeles County, California",624
"06037301502","Census Tract 3015.02, Los Angeles County, California",2656
"06037301601","Census Tract 3016.01, Los Angeles County, California",2405
"06037301602","Census Tract 3016.02, Los Angeles County, California",1703
"06037301701","Census Tract 3017.01, Los Angeles County, California",1171
"06037301702","Census Tract 3017.02, Los Angeles County, California",2186
"06037301801","Census Tract 3018.01, Los Angeles County, California",3332
"06037301802","Census Tract 3018.02, Los Angeles County, California",2611
"06037301901","Census Tract 3019.01, Los Angeles County, California",2157
"06037301902","Census Tract 3019.02, Los Angeles County, California",1248
"06037302002","Census Tract 3020.02, Los Angeles County, California",1906
"06037302003","Census Tract 3020.03, Los Angeles County, California",1466
"06037302004","Census Tract 3020.04, Los Angeles County, California",1718
"06037302102","Census Tract 3021.02, Los Angeles County, California",2718
"06037302103","Census Tract 3021.03, Los Angeles County, California",2090
"06037302104","Census Tract 3021.04, Los Angeles County, California",1584
"06037302201","Census Tract 3022.01, Los Angeles County, California",2011
"06037302202","Census Tract 3022.02, Los Angeles County, California",2016
"06037302301","Census Tract 3023.01, Los Angeles County, California",1566
"06037302302","Census Tract 3023.02, Los Angeles County, California",2106
"06037302401","Census Tract 3024.01, Los Angeles County, California",2820
"06037302503","Census Tract 3025.03, Los Angeles County, California",1520
"06037302504","Census Tract 3025.04, Los Angeles County, California",1509
"06037302505","Census Tract 3025.05, Los Angeles County, California",1309
"06037302506","Census Tract 3025.06, Los Angeles County, California",1326
"06037310100","Census Tract 3101, Los Angeles County, California",2111
"06037310201","Census Tract 3102.01, Los Angeles County, California",2161
"06037310202","Census Tract 3102.02, Los Angeles County, California",1944
"06037310300","Census Tract 3103, Los Angeles County, California",1086
"06037310400","Census Tract 3104, Los Angeles County, California",1375
"06037310501","Census Tract 3105.01, Los Angeles County, California",1496
"06037310601","Census Tract 3106.01, Los Angeles County, California",2455
"06037310602","Census Tract 3106.02, Los Angeles County, California",1202
"06037310701","Census Tract 3107.01, Los Angeles County, California",1203
"06037310703","Census Tract 3107.03, Los Angeles County, California",2217
"06037310704","Census Tract 3107.04, Los Angeles County, California",2499
"06037310705","Census Tract 3107.05, Los Angeles County, California",1427
"06037310800","Census Tract 3108, Los Angeles County, California",2126
"06037310900","Census Tract 3109, Los Angeles County, California",2634
"06037311000","Census Tract 3110, Los Angeles County, California",1497
"06037311100","Census Tract 3111, Los Angeles County, California",1410
"06037311200","Census Tract 3112, Los Angeles County, California",1377
"06037311300","Census Tract 3113, Los Angeles County, California",1569
"06037311400","Census Tract 3114, Los Angeles County, California",1055
"06037311500","Census Tract 3115, Los Angeles County, California",2547
"06037311601","Census Tract 3116.01, Los Angeles County, California",1301
"06037311602","Census Tract 3116.02, Los Angeles County, California",3158
"06037311700","Census Tract 3117, Los Angeles County, California",2797
"06037311801","Census Tract 3118.01, Los Angeles County, California",1414
"06037311802","Census Tract 3118.02, Los Angeles County, California",1553
"06037320101","Census Tract 3201.01, Los Angeles County, California",939
"06037320102","Census Tract 3201.02, Los Angeles County, California",906
"06037320201","Census Tract 3202.01, Los Angeles County, California",1197
"06037320202","Census Tract 3202.02, Los Angeles County, California",1515
"06037320300","Census Tract 3203, Los Angeles County, California",1946
"06037400205","Census Tract 4002.05, Los Angeles County, California",1047
"06037400206","Census Tract 4002.06, Los Angeles County, California",1838
"06037400207","Census Tract 4002.07, Los Angeles County, California",1605
"06037400208","Census Tract 4002.08, Los Angeles County, California",542
"06037400209","Census Tract 4002.09, Los Angeles County, California",1690
"06037400304","Census Tract 4003.04, Los Angeles County, California",3034
"06037400402","Census Tract 4004.02, Los Angeles County, California",1525
"06037400403","Census Tract 4004.03, Los Angeles County, California",1451
"06037400404","Census Tract 4004.04, Los Angeles County, California",1531
"06037400501","Census Tract 4005.01, Los Angeles County, California",740
"06037400602","Census Tract 4006.02, Los Angeles County, California",1544
"06037400603","Census Tract 4006.03, Los Angeles County, California",2040
"06037400605","Census Tract 4006.05, Los Angeles County, California",2646
"06037400801","Census Tract 4008.01, Los Angeles County, California",2135
"06037401001","Census Tract 4010.01, Los Angeles County, California",1058
"06037401002","Census Tract 4010.02, Los Angeles County, California",1732
"06037401101","Census Tract 4011.01, Los Angeles County, California",2073
"06037401102","Census Tract 4011.02, Los Angeles County, California",1624
"06037401201","Census Tract 4012.01, Los Angeles County, California",1106
"06037401202","Census Tract 4012.02, Los Angeles County, California",1435
"06037401203","Census Tract 4012.03, Los Angeles County, California",1788
"06037401303","Census Tract 4013.03, Los Angeles County, California",792
"06037401304","Census Tract 4013.04, Los Angeles County, California",2172
"06037401311","Census Tract 4013.11, Los Angeles County, California",2653
"06037401312","Census Tract 4013.12, Los Angeles County, California",2011
"06037401500","Census Tract 4015, Los Angeles County, California",1923
"06037401601","Census Tract 4016.01, Los Angeles County, California",2468
"06037401602","Census Tract 4016.02, Los Angeles County, California",2111
"06037401705","Census Tract 4017.05, Los Angeles County, California",1089
"06037401706","Census Tract 4017.06, Los Angeles County, California",1726
"06037401707","Census Tract 4017.07, Los Angeles County, California",2933
"06037401801","Census Tract 4018.01, Los Angeles County, California",1600
"06037401802","Census Tract 4018.02, Los Angeles County, California",1454
"06037401901","Census Tract 4019.01, Los Angeles County, California",186
"06037401902","Census Tract 4019.02, Los Angeles County, California",2890
"06037402001","Census Tract 4020.01, Los Angeles County, California",1398
"06037402002","Census Tract 4020.02, Los Angeles County, California",1620
"06037402101","Census Tract 4021.01, Los Angeles County, California",1142
"06037402102","Census Tract 4021.02, Los Angeles County, California",1332
"06037402200","Census Tract 4022, Los Angeles County, California",2328
"06037402301","Census Tract 4023.01, Los Angeles County, California",1388
"06037402303","Census Tract 4023.03, Los Angeles County, California",1191
"06037402304","Census Tract 4023.04, Los Angeles County, California",1066
"06037402403","Census Tract 4024.03, Los Angeles County, California",1126
"06037402404","Census Tract 4024.04, Los Angeles County, California",23
"06037402405","Census Tract 4024.05, Los Angeles County, California",679
"06037402406","Census Tract 4024.06, Los Angeles County, California",1314
"06037402501","Census Tract 4025.01, Los Angeles County, California",1497
"06037402503","Census Tract 4025.03, Los Angeles County, California",987
"06037402504","Census Tract 4025.04, Los Angeles County, California",858
"06037402601","Census Tract 4026.01, Los Angeles County, California",992
"06037402602","Census Tract 4026.02, Los Angeles County, California",1584
"06037402702","Census Tract 4027.02, Los Angeles County, California",1796
"06037402703","Census Tract 4027.03, Los Angeles County, California",1356
"06037402705","Census Tract 4027.05, Los Angeles County, California",893
"06037402706","Census Tract 4027.06, Los Angeles County, California",1025
"06037402801","Census Tract 4028.01, Los Angeles County, California",1212
"06037402803","Census Tract 4028.03, Los Angeles County, California",808
"06037402804","Census Tract 4028.04, Los Angeles County, California",1047
"06037402902","Census Tract 4029.02, Los Angeles County, California",1636
"06037402903","Census Tract 4029.03, Los Angeles County, California",1064
"06037402904","Census Tract 4029.04, Los Angeles County, California",868
"06037403000","Census Tract 4030, Los Angeles County, California",1567
"06037403305","Census Tract 4033.05, Los Angeles County, California",725
"06037403316","Census Tract 4033.16, Los Angeles County, California",2525
"06037403317","Census Tract 4033.17, Los Angeles County, California",1733
"06037403318","Census Tract 4033.18, Los Angeles County, California",2196
"06037403319","Census Tract 4033.19, Los Angeles County, California",1657
"06037403320","Census Tract 4033.20, Los Angeles County, California",1732
"06037403321","Census Tract 4033.21, Los Angeles County, California",1746
"06037403323","Census Tract 4033.23, Los Angeles County, California",1832
"06037403324","Census Tract 4033.24, Los Angeles County, California",2253
"06037403325","Census Tract 4033.25, Los Angeles County, California",1744
"06037403326","Census Tract 4033.26, Los Angeles County, California",805
"06037403327","Census Tract 4033.27, Los Angeles County, California",921
"06037403328","Census Tract 4033.28, Los Angeles County, California",1956
"06037403401","Census Tract 4034.01, Los Angeles County, California",1584
"06037403402","Census Tract 4034.02, Los Angeles County, California",1095
"06037403403","Census Tract 4034.03, Los Angeles County, California",1577
"06037403404","Census Tract 4034.04, Los Angeles County, California",765
"06037403407","Census Tract 4034.07, Los Angeles County, California",831
"06037403408","Census Tract 4034.08, Los Angeles County, California",1960
"06037403409","Census Tract 4034.09, Los Angeles County, California",1357
"06037403500","Census Tract 4035, Los Angeles County, California",736
"06037403601","Census Tract 4036.01, Los Angeles County, California",2357
"06037403702","Census Tract 4037.02, Los Angeles County, California",1337
"06037403703","Census Tract 4037.03, Los Angeles County, California",1604
"06037403721","Census Tract 4037.21, Los Angeles County, California",1805
"06037403722","Census Tract 4037.22, Los Angeles County, California",1871
"06037403801","Census Tract 4038.01, Los Angeles County, California",2125
"06037403802","Census Tract 4038.02, Los Angeles County, California",2041
"06037403901","Census Tract 4039.01, Los Angeles County, California",969
"06037403902","Census Tract 4039.02, Los Angeles County, California",1572
"06037404000","Census Tract 4040, Los Angeles County, California",1423
"06037404100","Census Tract 4041, Los Angeles County, California",1595
"06037404201","Census Tract 4042.01, Los Angeles County, California",1212
"06037404203","Census Tract 4042.03, Los Angeles County, California",894
"06037404301","Census Tract 4043.01, Los Angeles County, California",1595
"06037404302","Census Tract 4043.02, Los Angeles County, California",621
"06037404401","Census Tract 4044.01, Los Angeles County, California",1066
"06037404402","Census Tract 4044.02, Los Angeles County, California",1323
"06037404501","Census Tract 4045.01, Los Angeles County, California",722
"06037404503","Census Tract 4045.03, Los Angeles County, California",822
"06037404504","Census Tract 4045.04, Los Angeles County, California",1453
"06037404600","Census Tract 4046, Los Angeles County, California",424
"06037404701","Census Tract 4047.01, Los Angeles County, California",1311
"06037404702","Census Tract 4047.02, Los Angeles County, California",1465
"06037404703","Census Tract 4047.03, Los Angeles County, California",752
"06037404804","Census Tract 4048.04, Los Angeles County, California",1113
"06037404805","Census Tract 4048.05, Los Angeles County, California",736
"06037404806","Census Tract 4048.06, Los Angeles County, California",1499
"06037404901","Census Tract 4049.01, Los Angeles County, California",1267
"06037404902","Census Tract 4049.02, Los Angeles County, California",915
"06037404903","Census Tract 4049.03, Los Angeles County, California",700
"06037405001","Census Tract 4050.01, Los Angeles County, California",1372
"06037405002","Census Tract 4050.02, Los Angeles County, California",694
"06037405101","Census Tract 4051.01, Los Angeles County, California",1183
"06037405102","Census Tract 4051.02, Los Angeles County, California",1397
"06037405201","Census Tract 4052.01, Los Angeles County, California",1478
"06037405202","Census Tract 4052.02, Los Angeles County, California",1249
"06037405203","Census Tract 4052.03, Los Angeles County, California",807
"06037405301","Census Tract 4053.01, Los Angeles County, California",1184
"06037405302","Census Tract 4053.02, Los Angeles County, California",1633
"06037405400","Census Tract 4054, Los Angeles County, California",1328
"06037405500","Census Tract 4055, Los Angeles County, California",2031
"06037405600","Census Tract 4056, Los Angeles County, California",1747
"06037405701","Census Tract 4057.01, Los Angeles County, California",1105
"06037405702","Census Tract 4057.02, Los Angeles County, California",1620
"06037405800","Census Tract 4058, Los Angeles County, California",1740
"06037405900","Census Tract 4059, Los Angeles County, California",1406
"06037406000","Census Tract 4060, Los Angeles County, California",1763
"06037406101","Census Tract 4061.01, Los Angeles County, California",1389
"06037406103","Census Tract 4061.03, Los Angeles County, California",3030
"06037406201","Census Tract 4062.01, Los Angeles County, California",1395
"06037406300","Census Tract 4063, Los Angeles County, California",1990
"06037406413","Census Tract 4064.13, Los Angeles County, California",2176
"06037406500","Census Tract 4065, Los Angeles County, California",2335
"06037406601","Census Tract 4066.01, Los Angeles County, California",1569
"06037406602","Census Tract 4066.02, Los Angeles County, California",1350
"06037406701","Census Tract 4067.01, Los Angeles County, California",943
"06037406702","Census Tract 4067.02, Los Angeles County, California",2540
"06037406801","Census Tract 4068.01, Los Angeles County, California",1397
"06037406903","Census Tract 4069.03, Los Angeles County, California",2189
"06037407001","Census Tract 4070.01, Los Angeles County, California",1251
"06037407002","Census Tract 4070.02, Los Angeles County, California",787
"06037407101","Census Tract 4071.01, Los Angeles County, California",1174
"06037407102","Census Tract 4071.02, Los Angeles County, California",1286
"06037407201","Census Tract 4072.01, Los Angeles County, California",841
"06037407202","Census Tract 4072.02, Los Angeles County, California",821
"06037407301","Census Tract 4073.01, Los Angeles County, California",1087
"06037407302","Census Tract 4073.02, Los Angeles County, California",754
"06037407400","Census Tract 4074, Los Angeles County, California",573
"06037407501","Census Tract 4075.01, Los Angeles County, California",1088
"06037407502","Census Tract 4075.02, Los Angeles County, California",939
"06037407601","Census Tract 4076.01, Los Angeles County, California",1201
"06037407602","Census Tract 4076.02, Los Angeles County, California",953
"06037407701","Census Tract 4077.01, Los Angeles County, California",1271
"06037407702","Census Tract 4077.02, Los Angeles County, California",1737
"06037407801","Census Tract 4078.01, Los Angeles County, California",1105
"06037407802","Census Tract 4078.02, Los Angeles County, California",806
"06037407901","Census Tract 4079.01, Los Angeles County, California",1025
"06037407902","Census Tract 4079.02, Los Angeles County, California",565
"06037408003","Census Tract 4080.03, Los Angeles County, California",1331
"06037408004","Census Tract 4080.04, Los Angeles County, California",968
"06037408005","Census Tract 4080.05, Los Angeles County, California",1791
"06037408006","Census Tract 4080.06, Los Angeles County, California",1101
"06037408133","Census Tract 4081.33, Los Angeles County, California",1678
"06037408134","Census Tract 4081.34, Los Angeles County, California",857
"06037408135","Census Tract 4081.35, Los Angeles County, California",1272
"06037408136","Census Tract 4081.36, Los Angeles County, California",1104
"06037408137","Census Tract 4081.37, Los Angeles County, California",1570
"06037408138","Census Tract 4081.38, Los Angeles County, California",1407
"06037408139","Census Tract 4081.39, Los Angeles County, California",856
"06037408140","Census Tract 4081.40, Los Angeles County, California",842
"06037408141","Census Tract 4081.41, Los Angeles County, California",1247
"06037408212","Census Tract 4082.12, Los Angeles County, California",1377
"06037408213","Census Tract 4082.13, Los Angeles County, California",1865
"06037408301","Census Tract 4083.01, Los Angeles County, California",1499
"06037408302","Census Tract 4083.02, Los Angeles County, California",1105
"06037408303","Census Tract 4083.03, Los Angeles County, California",1275
"06037408401","Census Tract 4084.01, Los Angeles County, California",1276
"06037408402","Census Tract 4084.02, Los Angeles County, California",1859
"06037408503","Census Tract 4085.03, Los Angeles County, California",2031
"06037408504","Census Tract 4085.04, Los Angeles County, California",1718
"06037408505","Census Tract 4085.05, Los Angeles County, California",812
"06037408623","Census Tract 4086.23, Los Angeles County, California",1024
"06037408624","Census Tract 4086.24, Los Angeles County, California",1031
"06037408625","Census Tract 4086.25, Los Angeles County, California",1427
"06037408626","Census Tract 4086.26, Los Angeles County, California",1622
"06037408627","Census Tract 4086.27, Los Angeles County, California",947
"06037408628","Census Tract 4086.28, Los Angeles County, California",1942
"06037408629","Census Tract 4086.29, Los Angeles County, California",1016
"06037408631","Census Tract 4086.31, Los Angeles County, California",1415
"06037408703","Census Tract 4087.03, Los Angeles County, California",1994
"06037408705","Census Tract 4087.05, Los Angeles County, California",1602
"06037408707","Census Tract 4087.07, Los Angeles County, California",2258
"06037408722","Census Tract 4087.22, Los Angeles County, California",1318
"06037408724","Census Tract 4087.24, Los Angeles County, California",1635
"06037408725","Census Tract 4087.25, Los Angeles County, California",1911
"06037408800","Census Tract 4088, Los Angeles County, California",1925
"06037408900","Census Tract 4089, Los Angeles County, California",2520
"06037409000","Census Tract 4090, Los Angeles County, California",2145
"06037409100","Census Tract 4091, Los Angeles County, California",1409
"06037430003","Census Tract 4300.03, Los Angeles County, California",1604
"06037430004","Census Tract 4300.04, Los Angeles County, California",1405
"06037430005","Census Tract 4300.05, Los Angeles County, California",1327
"06037430101","Census Tract 4301.01, Los Angeles County, California",2051
"06037430102","Census Tract 4301.02, Los Angeles County, California",1279
"06037430200","Census Tract 4302, Los Angeles County, California",487
"06037430301","Census Tract 4303.01, Los Angeles County, California",1753
"06037430302","Census Tract 4303.02, Los Angeles County, California",2513
"06037430400","Census Tract 4304, Los Angeles County, California",1552
"06037430501","Census Tract 4305.01, Los Angeles County, California",1842
"06037430502","Census Tract 4305.02, Los Angeles County, California",3253
"06037430600","Census Tract 4306, Los Angeles County, California",1543
"06037430701","Census Tract 4307.01, Los Angeles County, California",1935
"06037430721","Census Tract 4307.21, Los Angeles County, California",1332
"06037430723","Census Tract 4307.23, Los Angeles County, California",1851
"06037430724","Census Tract 4307.24, Los Angeles County, California",2030
"06037430801","Census Tract 4308.01, Los Angeles County, California",2464
"06037430802","Census Tract 4308.02, Los Angeles County, California",1399
"06037430803","Census Tract 4308.03, Los Angeles County, California",1859
"06037430901","Census Tract 4309.01, Los Angeles County, California",1753
"06037430902","Census Tract 4309.02, Los Angeles County, California",1938
"06037431002","Census Tract 4310.02, Los Angeles County, California",1404
"06037431003","Census Tract 4310.03, Los Angeles County, California",1616
"06037431004","Census Tract 4310.04, Los Angeles County, California",1413
"06037431100","Census Tract 4311, Los Angeles County, California",2650
"06037431200","Census Tract 4312, Los Angeles County, California",1593
"06037431300","Census Tract 4313, Los Angeles County, California",915
"06037431400","Census Tract 4314, Los Angeles County, California",1410
"06037431501","Census Tract 4315.01, Los Angeles County, California",1592
"06037431502","Census Tract 4315.02, Los Angeles County, California",1465
"06037431600","Census Tract 4316, Los Angeles County, California",1449
"06037431701","Census Tract 4317.01, Los Angeles County, California",2387
"06037431800","Census Tract 4318, Los Angeles County, California",1789
"06037431900","Census Tract 4319, Los Angeles County, California",1334
"06037432001","Census Tract 4320.01, Los Angeles County, California",747
"06037432002","Census Tract 4320.02, Los Angeles County, California",1828
"06037432101","Census Tract 4321.01, Los Angeles County, California",1421
"06037432102","Census Tract 4321.02, Los Angeles County, California",1905
"06037432201","Census Tract 4322.01, Los Angeles County, California",1278
"06037432202","Census Tract 4322.02, Los Angeles County, California",1252
"06037432300","Census Tract 4323, Los Angeles County, California",1170
"06037432401","Census Tract 4324.01, Los Angeles County, California",982
"06037432402","Census Tract 4324.02, Los Angeles County, California",1736
"06037432501","Census Tract 4325.01, Los Angeles County, California",1414
"06037432502","Census Tract 4325.02, Los Angeles County, California",942
"06037432601","Census Tract 4326.01, Los Angeles County, California",1711
"06037432602","Census Tract 4326.02, Los Angeles County, California",1190
"06037432700","Census Tract 4327, Los Angeles County, California",1494
"06037432801","Census Tract 4328.01, Los Angeles County, California",918
"06037432802","Census Tract 4328.02, Los Angeles County, California",1543
"06037432901","Census Tract 4329.01, Los Angeles County, California",1278
"06037432902","Census Tract 4329.02, Los Angeles County, California",940
"06037433103","Census Tract 4331.03, Los Angeles County, California",1844
"06037433200","Census Tract 4332, Los Angeles County, California",1680
"06037433302","Census Tract 4333.02, Los Angeles County, California",450
"06037433304","Census Tract 4333.04, Los Angeles County, California",1351
"06037433305","Census Tract 4333.05, Los Angeles County, California",1191
"06037433306","Census Tract 4333.06, Los Angeles County, California",766
"06037433307","Census Tract 4333.07, Los Angeles County, California",866
"06037433402","Census Tract 4334.02, Los Angeles County, California",1116
"06037433403","Census Tract 4334.03, Los Angeles County, California",1316
"06037433505","Census Tract 4335.05, Los Angeles County, California",1118
"06037433506","Census Tract 4335.06, Los Angeles County, California",1088
"06037433601","Census Tract 4336.01, Los Angeles County, California",1320
"06037433602","Census Tract 4336.02, Los Angeles County, California",867
"06037433803","Census Tract 4338.03, Los Angeles County, California",882
"06037433804","Census Tract 4338.04, Los Angeles County, California",1089
"06037433901","Census Tract 4339.01, Los Angeles County, California",1313
"06037433903","Census Tract 4339.03, Los Angeles County, California",1436
"06037434001","Census Tract 4340.01, Los Angeles County, California",1101
"06037434003","Census Tract 4340.03, Los Angeles County, California",991
"06037434004","Census Tract 4340.04, Los Angeles County, California",658
"06037434100","Census Tract 4341, Los Angeles County, California",1632
"06037460001","Census Tract 4600.01, Los Angeles County, California",622
"06037460002","Census Tract 4600.02, Los Angeles County, California",1246
"06037460101","Census Tract 4601.01, Los Angeles County, California",2447
"06037460200","Census Tract 4602, Los Angeles County, California",2194
"06037460301","Census Tract 4603.01, Los Angeles County, California",1747
"06037460302","Census Tract 4603.02, Los Angeles County, California",1437
"06037460401","Census Tract 4604.01, Los Angeles County, California",387
"06037460501","Census Tract 4605.01, Los Angeles County, California",1926
"06037460502","Census Tract 4605.02, Los Angeles County, California",1501
"06037460601","Census Tract 4606.01, Los Angeles County, California",1936
"06037460700","Census Tract 4607, Los Angeles County, California",1755
"06037460800","Census Tract 4608, Los Angeles County, California",1364
"06037460900","Census Tract 4609, Los Angeles County, California",2132
"06037461000","Census Tract 4610, Los Angeles County, California",1778
"06037461100","Census Tract 4611, Los Angeles County, California",1775
"06037461200","Census Tract 4612, Los Angeles County, California",1787
"06037461300","Census Tract 4613, Los Angeles County, California",2625
"06037461400","Census Tract 4614, Los Angeles County, California",1394
"06037461501","Census Tract 4615.01, Los Angeles County, California",1326
"06037461502","Census Tract 4615.02, Los Angeles County, California",1669
"06037461600","Census Tract 4616, Los Angeles County, California",1809
"06037461700","Census Tract 4617, Los Angeles County, California",709
"06037461901","Census Tract 4619.01, Los Angeles County, California",1716
"06037461902","Census Tract 4619.02, Los Angeles County, California",1344
"06037462001","Census Tract 4620.01, Los Angeles County, California",1204
"06037462002","Census Tract 4620.02, Los Angeles County, California",1274
"06037462100","Census Tract 4621, Los Angeles County, California",1846
"06037462201","Census Tract 4622.01, Los Angeles County, California",1931
"06037462202","Census Tract 4622.02, Los Angeles County, California",2156
"06037462301","Census Tract 4623.01, Los Angeles County, California",1856
"06037462302","Census Tract 4623.02, Los Angeles County, California",1665
"06037462400","Census Tract 4624, Los Angeles County, California",1664
"06037462500","Census Tract 4625, Los Angeles County, California",2514
"06037462600","Census Tract 4626, Los Angeles County, California",919
"06037462700","Census Tract 4627, Los Angeles County, California",2504
"06037462800","Census Tract 4628, Los Angeles County, California",1233
"06037462900","Census Tract 4629, Los Angeles County, California",1452
"06037463000","Census Tract 4630, Los Angeles County, California",1206
"06037463103","Census Tract 4631.03, Los Angeles County, California",2234
"06037463200","Census Tract 4632, Los Angeles County, California",1540
"06037463300","Census Tract 4633, Los Angeles County, California",977
"06037463400","Census Tract 4634, Los Angeles County, California",2879
"06037463500","Census Tract 4635, Los Angeles County, California",2994
"06037463601","Census Tract 4636.01, Los Angeles County, California",3645
"06037463602","Census Tract 4636.02, Los Angeles County, California",3676
"06037463700","Census Tract 4637, Los Angeles County, California",2254
"06037463800","Census Tract 4638, Los Angeles County, California",1714
"06037463900","Census Tract 4639, Los Angeles County, California",1704
"06037464000","Census Tract 4640, Los Angeles County, California",2851
"06037464101","Census Tract 4641.01, Los Angeles County, California",1011
"06037464102","Census Tract 4641.02, Los Angeles County, California",1458
"06037464200","Census Tract 4642, Los Angeles County, California",2010
"06037480002","Census Tract 4800.02, Los Angeles County, California",1189
"06037480011","Census Tract 4800.11, Los Angeles County, California",1922
"06037480012","Census Tract 4800.12, Los Angeles County, California",1746
"06037480101","Census Tract 4801.01, Los Angeles County, California",1349
"06037480102","Census Tract 4801.02, Los Angeles County, California",1522
"06037480201","Census Tract 4802.01, Los Angeles County, California",1392
"06037480202","Census Tract 4802.02, Los Angeles County, California",944
"06037480302","Census Tract 4803.02, Los Angeles County, California",1811
"06037480303","Census Tract 4803.03, Los Angeles County, California",1507
"06037480304","Census Tract 4803.04, Los Angeles County, California",1928
"06037480400","Census Tract 4804, Los Angeles County, California",2430
"06037480500","Census Tract 4805, Los Angeles County, California",2269
"06037480601","Census Tract 4806.01, Los Angeles County, California",1897
"06037480602","Census Tract 4806.02, Los Angeles County, California",1783
"06037480702","Census Tract 4807.02, Los Angeles County, California",1799
"06037480703","Census Tract 4807.03, Los Angeles County, California",1370
"06037480704","Census Tract 4807.04, Los Angeles County, California",2028
"06037480802","Census Tract 4808.02, Los Angeles County, California",1054
"06037480803","Census Tract 4808.03, Los Angeles County, California",1303
"06037480804","Census Tract 4808.04, Los Angeles County, California",1946
"06037480901","Census Tract 4809.01, Los Angeles County, California",1733
"06037480902","Census Tract 4809.02, Los Angeles County, California",1460
"06037480903","Census Tract 4809.03, Los Angeles County, California",1046
"06037481001","Census Tract 4810.01, Los Angeles County, California",1609
"06037481002","Census Tract 4810.02, Los Angeles County, California",2389
"06037481101","Census Tract 4811.01, Los Angeles County, California",1523
"06037481102","Census Tract 4811.02, Los Angeles County, California",1570
"06037481103","Census Tract 4811.03, Los Angeles County, California",1755
"06037481201","Census Tract 4812.01, Los Angeles County, California",1244
"06037481203","Census Tract 4812.03, Los Angeles County, California",2106
"06037481300","Census Tract 4813, Los Angeles County, California",845
"06037481401","Census Tract 4814.01, Los Angeles County, California",1938
"06037481403","Census Tract 4814.03, Los Angeles County, California",948
"06037481404","Census Tract 4814.04, Los Angeles County, California",1277
"06037481500","Census Tract 4815, Los Angeles County, California",1566
"06037481603","Census Tract 4816.03, Los Angeles County, California",1362
"06037481604","Census Tract 4816.04, Los Angeles County, California",1390
"06037481605","Census Tract 4816.05, Los Angeles County, California",1095
"06037481606","Census Tract 4816.06, Los Angeles County, California",1680
"06037481711","Census Tract 4817.11, Los Angeles County, California",1504
"06037481712","Census Tract 4817.12, Los Angeles County, California",1723
"06037481713","Census Tract 4817.13, Los Angeles County, California",1053
"06037481714","Census Tract 4817.14, Los Angeles County, California",971
"06037481800","Census Tract 4818, Los Angeles County, California",917
"06037481901","Census Tract 4819.01, Los Angeles County, California",2011
"06037481902","Census Tract 4819.02, Los Angeles County, California",1229
"06037482001","Census Tract 4820.01, Los Angeles County, California",1065
"06037482002","Census Tract 4820.02, Los Angeles County, California",2728
"06037482101","Census Tract 4821.01, Los Angeles County, California",1624
"06037482102","Census Tract 4821.02, Los Angeles County, California",1005
"06037482201","Census Tract 4822.01, Los Angeles County, California",1371
"06037482202","Census Tract 4822.02, Los Angeles County, California",1678
"06037482301","Census Tract 4823.01, Los Angeles County, California",1420
"06037482303","Census Tract 4823.03, Los Angeles County, California",1571
"06037482304","Census Tract 4823.04, Los Angeles County, California",936
"06037482401","Census Tract 4824.01, Los Angeles County, California",987
"06037482403","Census Tract 4824.03, Los Angeles County, California",932
"06037482404","Census Tract 4824.04, Los Angeles County, California",1068
"06037482502","Census Tract 4825.02, Los Angeles County, California",896
"06037482503","Census Tract 4825.03, Los Angeles County, California",1089
"06037482521","Census Tract 4825.21, Los Angeles County, California",1626
"06037482522","Census Tract 4825.22, Los Angeles County, California",1628
"06037482600","Census Tract 4826, Los Angeles County, California",2560
"06037482701","Census Tract 4827.01, Los Angeles County, California",1429
"06037482702","Census Tract 4827.02, Los Angeles County, California",835
"06037482801","Census Tract 4828.01, Los Angeles County, California",1382
"06037500100","Census Tract 5001, Los Angeles County, California",1305
"06037500202","Census Tract 5002.02, Los Angeles County, California",1678
"06037500203","Census Tract 5002.03, Los Angeles County, California",1328
"06037500204","Census Tract 5002.04, Los Angeles County, California",836
"06037500300","Census Tract 5003, Los Angeles County, California",1168
"06037500402","Census Tract 5004.02, Los Angeles County, California",1250
"06037500403","Census Tract 5004.03, Los Angeles County, California",1070
"06037500404","Census Tract 5004.04, Los Angeles County, California",1351
"06037500500","Census Tract 5005, Los Angeles County, California",926
"06037500600","Census Tract 5006, Los Angeles County, California",1414
"06037500700","Census Tract 5007, Los Angeles County, California",1784
"06037500800","Census Tract 5008, Los Angeles County, California",1473
"06037500900","Census Tract 5009, Los Angeles County, California",1683
"06037501001","Census Tract 5010.01, Los Angeles County, California",763
"06037501002","Census Tract 5010.02, Los Angeles County, California",1451
"06037501200","Census Tract 5012, Los Angeles County, California",1551
"06037501301","Census Tract 5013.01, Los Angeles County, California",1050
"06037501302","Census Tract 5013.02, Los Angeles County, California",1562
"06037501400","Census Tract 5014, Los Angeles County, California",1343
"06037501501","Census Tract 5015.01, Los Angeles County, California",935
"06037501503","Census Tract 5015.03, Los Angeles County, California",2111
"06037501504","Census Tract 5015.04, Los Angeles County, California",1656
"06037501600","Census Tract 5016, Los Angeles County, California",2390
"06037501700","Census Tract 5017, Los Angeles County, California",1429
"06037501802","Census Tract 5018.02, Los Angeles County, California",1294
"06037501803","Census Tract 5018.03, Los Angeles County, California",1627
"06037501804","Census Tract 5018.04, Los Angeles County, California",808
"06037501900","Census Tract 5019, Los Angeles County, California",1382
"06037502003","Census Tract 5020.03, Los Angeles County, California",814
"06037502004","Census Tract 5020.04, Los Angeles County, California",1042
"06037502005","Census Tract 5020.05, Los Angeles County, California",1293
"06037502100","Census Tract 5021, Los Angeles County, California",1594
"06037502200","Census Tract 5022, Los Angeles County, California",1878
"06037502303","Census Tract 5023.03, Los Angeles County, California",2209
"06037502401","Census Tract 5024.01, Los Angeles County, California",1335
"06037502402","Census Tract 5024.02, Los Angeles County, California",1005
"06037502500","Census Tract 5025, Los Angeles County, California",1120
"06037502602","Census Tract 5026.02, Los Angeles County, California",1415
"06037502603","Census Tract 5026.03, Los Angeles County, California",881
"06037502604","Census Tract 5026.04, Los Angeles County, California",976
"06037502700","Census Tract 5027, Los Angeles County, California",2066
"06037502801","Census Tract 5028.01, Los Angeles County, California",1811
"06037502901","Census Tract 5029.01, Los Angeles County, California",1417
"06037503000","Census Tract 5030, Los Angeles County, California",1273
"06037503103","Census Tract 5031.03, Los Angeles County, California",1158
"06037503104","Census Tract 5031.04, Los Angeles County, California",635
"06037503105","Census Tract 5031.05, Los Angeles County, California",1109
"06037503106","Census Tract 5031.06, Los Angeles County, California",1141
"06037503201","Census Tract 5032.01, Los Angeles County, California",1172
"06037503202","Census Tract 5032.02, Los Angeles County, California",1318
"06037503301","Census Tract 5033.01, Los Angeles County, California",1102
"06037503302","Census Tract 5033.02, Los Angeles County, California",1935
"06037503401","Census Tract 5034.01, Los Angeles County, California",2478
"06037503402","Census Tract 5034.02, Los Angeles County, California",1484
"06037503501","Census Tract 5035.01, Los Angeles County, California",2027
"06037503502","Census Tract 5035.02, Los Angeles County, California",1292
"06037503601","Census Tract 5036.01, Los Angeles County, California",1285
"06037503602","Census Tract 5036.02, Los Angeles County, California",1266
"06037503701","Census Tract 5037.01, Los Angeles County, California",1661
"06037503702","Census Tract 5037.02, Los Angeles County, California",1806
"06037503704","Census Tract 5037.04, Los Angeles County, California",1987
"06037503705","Census Tract 5037.05, Los Angeles County, California",1215
"06037503801","Census Tract 5038.01, Los Angeles County, California",1272
"06037503802","Census Tract 5038.02, Los Angeles County, California",1769
"06037503901","Census Tract 5039.01, Los Angeles County, California",877
"06037503902","Census Tract 5039.02, Los Angeles County, California",1452
"06037504001","Census Tract 5040.01, Los Angeles County, California",1248
"06037504002","Census Tract 5040.02, Los Angeles County, California",1584
"06037504101","Census Tract 5041.01, Los Angeles County, California",1502
"06037504200","Census Tract 5042, Los Angeles County, California",2688
"06037530005","Census Tract 5300.05, Los Angeles County, California",1495
"06037530006","Census Tract 5300.06, Los Angeles County, California",1539
"06037530007","Census Tract 5300.07, Los Angeles County, California",2255
"06037530101","Census Tract 5301.01, Los Angeles County, California",1776
"06037530102","Census Tract 5301.02, Los Angeles County, California",1717
"06037530202","Census Tract 5302.02, Los Angeles County, California",1270
"06037530203","Census Tract 5302.03, Los Angeles County, California",1112
"06037530204","Census Tract 5302.04, Los Angeles County, California",1186
"06037530301","Census Tract 5303.01, Los Angeles County, California",624
"06037530302","Census Tract 5303.02, Los Angeles County, California",1857
"06037530400","Census Tract 5304, Los Angeles County, California",1367
"06037530500","Census Tract 5305, Los Angeles County, California",1186
"06037530603","Census Tract 5306.03, Los Angeles County, California",1302
"06037530700","Census Tract 5307, Los Angeles County, California",567
"06037530801","Census Tract 5308.01, Los Angeles County, California",1506
"06037530802","Census Tract 5308.02, Los Angeles County, California",961
"06037530901","Census Tract 5309.01, Los Angeles County, California",921
"06037530902","Census Tract 5309.02, Los Angeles County, California",1156
"06037531000","Census Tract 5310, Los Angeles County, California",1378
"06037531101","Census Tract 5311.01, Los Angeles County, California",1240
"06037531102","Census Tract 5311.02, Los Angeles County, California",908
"06037531201","Census Tract 5312.01, Los Angeles County, California",1245
"06037531202","Census Tract 5312.02, Los Angeles County, California",1210
"06037531301","Census Tract 5313.01, Los Angeles County, California",1399
"06037531302","Census Tract 5313.02, Los Angeles County, California",1549
"06037531502","Census Tract 5315.02, Los Angeles County, California",818
"06037531503","Census Tract 5315.03, Los Angeles County, California",784
"06037531504","Census Tract 5315.04, Los Angeles County, California",1106
"06037531602","Census Tract 5316.02, Los Angeles County, California",1179
"06037531603","Census Tract 5316.03, Los Angeles County, California",882
"06037531604","Census Tract 5316.04, Los Angeles County, California",929
"06037531701","Census Tract 5317.01, Los Angeles County, California",1406
"06037531702","Census Tract 5317.02, Los Angeles County, California",1303
"06037531800","Census Tract 5318, Los Angeles County, California",1335
"06037531901","Census Tract 5319.01, Los Angeles County, California",1773
"06037531902","Census Tract 5319.02, Los Angeles County, California",1161
"06037532001","Census Tract 5320.01, Los Angeles County, California",1088
"06037532002","Census Tract 5320.02, Los Angeles County, California",1005
"06037532101","Census Tract 5321.01, Los Angeles County, California",1890
"06037532102","Census Tract 5321.02, Los Angeles County, California",1095
"06037532200","Census Tract 5322, Los Angeles County, California",1839
"06037532302","Census Tract 5323.02, Los Angeles County, California",1158
"06037532303","Census Tract 5323.03, Los Angeles County, California",1303
"06037532304","Census Tract 5323.04, Los Angeles County, California",1142
"06037532500","Census Tract 5325, Los Angeles County, California",1155
"06037532605","Census Tract 5326.05, Los Angeles County, California",1184
"06037532606","Census Tract 5326.06, Los Angeles County, California",1309
"06037532607","Census Tract 5326.07, Los Angeles County, California",1547
"06037532700","Census Tract 5327, Los Angeles County, California",711
"06037532800","Census Tract 5328, Los Angeles County, California",1024
"06037532900","Census Tract 5329, Los Angeles County, California",1629
"06037533001","Census Tract 5330.01, Los Angeles County, California",1127
"06037533002","Census Tract 5330.02, Los Angeles County, California",619
"06037533103","Census Tract 5331.03, Los Angeles County, California",890
"06037533104","Census Tract 5331.04, Los Angeles County, California",1288
"06037533105","Census Tract 5331.05, Los Angeles County, California",661
"06037533108","Census Tract 5331.08, Los Angeles County, California",1442
"06037533201","Census Tract 5332.01, Los Angeles County, California",698
"06037533204","Census Tract 5332.04, Los Angeles County, California",1129
"06037533300","Census Tract 5333, Los Angeles County, California",862
"06037533401","Census Tract 5334.01, Los Angeles County, California",1206
"06037533402","Census Tract 5334.02, Los Angeles County, California",1054
"06037533403","Census Tract 5334.03, Los Angeles County, California",748
"06037533501","Census Tract 5335.01, Los Angeles County, California",782
"06037533504","Census Tract 5335.04, Los Angeles County, California",1016
"06037533601","Census Tract 5336.01, Los Angeles County, California",1193
"06037533602","Census Tract 5336.02, Los Angeles County, California",1449
"06037533603","Census Tract 5336.03, Los Angeles County, California",1798
"06037533701","Census Tract 5337.01, Los Angeles County, California",915
"06037533702","Census Tract 5337.02, Los Angeles County, California",874
"06037533703","Census Tract 5337.03, Los Angeles County, California",1037
"06037533803","Census Tract 5338.03, Los Angeles County, California",1718
"06037533804","Census Tract 5338.04, Los Angeles County, California",1199
"06037533805","Census Tract 5338.05, Los Angeles County, California",968
"06037533806","Census Tract 5338.06, Los Angeles County, California",1064
"06037533901","Census Tract 5339.01, Los Angeles County, California",1492
"06037533902","Census Tract 5339.02, Los Angeles County, California",1028
"06037534001","Census Tract 5340.01, Los Angeles County, California",1327
"06037534002","Census Tract 5340.02, Los Angeles County, California",1026
"06037534101","Census Tract 5341.01, Los Angeles County, California",529
"06037534102","Census Tract 5341.02, Los Angeles County, California",1529
"06037534201","Census Tract 5342.01, Los Angeles County, California",1082
"06037534202","Census Tract 5342.02, Los Angeles County, California",1351
"06037534203","Census Tract 5342.03, Los Angeles County, California",828
"06037534301","Census Tract 5343.01, Los Angeles County, California",1187
"06037534302","Census Tract 5343.02, Los Angeles County, California",853
"06037534403","Census Tract 5344.03, Los Angeles County, California",751
"06037534404","Census Tract 5344.04, Los Angeles County, California",976
"06037534405","Census Tract 5344.05, Los Angeles County, California",1024
"06037534406","Census Tract 5344.06, Los Angeles County, California",1063
"06037534501","Census Tract 5345.01, Los Angeles County, California",1332
"06037534502","Census Tract 5345.02, Los Angeles County, California",1061
"06037534700","Census Tract 5347, Los Angeles County, California",981
"06037534802","Census Tract 5348.02, Los Angeles County, California",704
"06037534803","Census Tract 5348.03, Los Angeles County, California",1190
"06037534804","Census Tract 5348.04, Los Angeles County, California",943
"06037534900","Census Tract 5349, Los Angeles County, California",1525
"06037535001","Census Tract 5350.01, Los Angeles County, California",1034
"06037535002","Census Tract 5350.02, Los Angeles County, California",820
"06037535101","Census Tract 5351.01, Los Angeles County, California",1789
"06037535102","Census Tract 5351.02, Los Angeles County, California",1067
"06037535200","Census Tract 5352, Los Angeles County, California",1369
"06037535300","Census Tract 5353, Los Angeles County, California",1484
"06037535400","Census Tract 5354, Los Angeles County, California",777
"06037535501","Census Tract 5355.01, Los Angeles County, California",1037
"06037535502","Census Tract 5355.02, Los Angeles County, California",1276
"06037535503","Census Tract 5355.03, Los Angeles County, California",677
"06037535603","Census Tract 5356.03, Los Angeles County, California",1126
"06037535604","Census Tract 5356.04, Los Angeles County, California",1049
"06037535605","Census Tract 5356.05, Los Angeles County, California",1134
"06037535606","Census Tract 5356.06, Los Angeles County, California",490
"06037535607","Census Tract 5356.07, Los Angeles County, California",1137
"06037535701","Census Tract 5357.01, Los Angeles County, California",1581
"06037535702","Census Tract 5357.02, Los Angeles County, California",1434
"06037535802","Census Tract 5358.02, Los Angeles County, California",1735
"06037535803","Census Tract 5358.03, Los Angeles County, California",1145
"06037535804","Census Tract 5358.04, Los Angeles County, California",1407
"06037535901","Census Tract 5359.01, Los Angeles County, California",1473
"06037535902","Census Tract 5359.02, Los Angeles County, California",1591
"06037536000","Census Tract 5360, Los Angeles County, California",1020
"06037536102","Census Tract 5361.02, Los Angeles County, California",1104
"06037536103","Census Tract 5361.03, Los Angeles County, California",1476
"06037536104","Census Tract 5361.04, Los Angeles County, California",1147
"06037536201","Census Tract 5362.01, Los Angeles County, California",932
"06037536202","Census Tract 5362.02, Los Angeles County, California",1113
"06037540000","Census Tract 5400, Los Angeles County, California",1601
"06037540101","Census Tract 5401.01, Los Angeles County, California",1508
"06037540102","Census Tract 5401.02, Los Angeles County, California",1575
"06037540201","Census Tract 5402.01, Los Angeles County, California",577
"06037540202","Census Tract 5402.02, Los Angeles County, California",1646
"06037540203","Census Tract 5402.03, Los Angeles County, California",1328
"06037540300","Census Tract 5403, Los Angeles County, California",1196
"06037540400","Census Tract 5404, Los Angeles County, California",490
"06037540501","Census Tract 5405.01, Los Angeles County, California",1134
"06037540502","Census Tract 5405.02, Los Angeles County, California",1522
"06037540600","Census Tract 5406, Los Angeles County, California",1190
"06037540700","Census Tract 5407, Los Angeles County, California",946
"06037540800","Census Tract 5408, Los Angeles County, California",1761
"06037540901","Census Tract 5409.01, Los Angeles County, California",1308
"06037540902","Census Tract 5409.02, Los Angeles County, California",1432
"06037541003","Census Tract 5410.03, Los Angeles County, California",1436
"06037541100","Census Tract 5411, Los Angeles County, California",945
"06037541200","Census Tract 5412, Los Angeles County, California",1906
"06037541300","Census Tract 5413, Los Angeles County, California",1510
"06037541401","Census Tract 5414.01, Los Angeles County, California",954
"06037541402","Census Tract 5414.02, Los Angeles County, California",835
"06037541500","Census Tract 5415, Los Angeles County, California",1338
"06037541603","Census Tract 5416.03, Los Angeles County, California",657
"06037541604","Census Tract 5416.04, Los Angeles County, California",1492
"06037541605","Census Tract 5416.05, Los Angeles County, California",1323
"06037541606","Census Tract 5416.06, Los Angeles County, California",602
"06037541700","Census Tract 5417, Los Angeles County, California",1439
"06037541801","Census Tract 5418.01, Los Angeles County, California",1357
"06037541802","Census Tract 5418.02, Los Angeles County, California",1169
"06037542000","Census Tract 5420, Los Angeles County, California",1302
"06037542103","Census Tract 5421.03, Los Angeles County, California",924
"06037542104","Census Tract 5421.04, Los Angeles County, California",737
"06037542105","Census Tract 5421.05, Los Angeles County, California",1113
"06037542106","Census Tract 5421.06, Los Angeles County, California",841
"06037542200","Census Tract 5422, Los Angeles County, California",1614
"06037542401","Census Tract 5424.01, Los Angeles County, California",1278
"06037542402","Census Tract 5424.02, Los Angeles County, California",809
"06037542501","Census Tract 5425.01, Los Angeles County, California",1191
"06037542502","Census Tract 5425.02, Los Angeles County, California",1329
"06037542601","Census Tract 5426.01, Los Angeles County, California",713
"06037542602","Census Tract 5426.02, Los Angeles County, California",1532
"06037542700","Census Tract 5427, Los Angeles County, California",1369
"06037542800","Census Tract 5428, Los Angeles County, California",911
"06037542900","Census Tract 5429, Los Angeles County, California",760
"06037543000","Census Tract 5430, Los Angeles County, California",1267
"06037543100","Census Tract 5431, Los Angeles County, California",1808
"06037543201","Census Tract 5432.01, Los Angeles County, California",973
"06037543203","Census Tract 5432.03, Los Angeles County, California",1204
"06037543304","Census Tract 5433.04, Los Angeles County, California",2049
"06037543305","Census Tract 5433.05, Los Angeles County, California",1067
"06037543306","Census Tract 5433.06, Los Angeles County, California",1935
"06037543321","Census Tract 5433.21, Los Angeles County, California",1966
"06037543322","Census Tract 5433.22, Los Angeles County, California",2186
"06037543400","Census Tract 5434, Los Angeles County, California",1017
"06037543501","Census Tract 5435.01, Los Angeles County, California",2326
"06037543502","Census Tract 5435.02, Los Angeles County, California",1518
"06037543503","Census Tract 5435.03, Los Angeles County, California",1950
"06037543601","Census Tract 5436.01, Los Angeles County, California",1121
"06037543603","Census Tract 5436.03, Los Angeles County, California",1538
"06037543605","Census Tract 5436.05, Los Angeles County, California",1786
"06037543606","Census Tract 5436.06, Los Angeles County, California",1347
"06037543607","Census Tract 5436.07, Los Angeles County, California",1466
"06037543701","Census Tract 5437.01, Los Angeles County, California",666
"06037543703","Census Tract 5437.03, Los Angeles County, California",1067
"06037543704","Census Tract 5437.04, Los Angeles County, California",841
"06037543705","Census Tract 5437.05, Los Angeles County, California",1113
"06037543801","Census Tract 5438.01, Los Angeles County, California",1497
"06037543803","Census Tract 5438.03, Los Angeles County, California",1751
"06037543804","Census Tract 5438.04, Los Angeles County, California",772
"06037543903","Census Tract 5439.03, Los Angeles County, California",1238
"06037543905","Census Tract 5439.05, Los Angeles County, California",1024
"06037544001","Census Tract 5440.01, Los Angeles County, California",1229
"06037544002","Census Tract 5440.02, Los Angeles County, California",878
"06037550101","Census Tract 5501.01, Los Angeles County, California",1028
"06037550201","Census Tract 5502.01, Los Angeles County, California",807
"06037550202","Census Tract 5502.02, Los Angeles County, California",1445
"06037550301","Census Tract 5503.01, Los Angeles County, California",1213
"06037550501","Census Tract 5505.01, Los Angeles County, California",1133
"06037550502","Census Tract 5505.02, Los Angeles County, California",1325
"06037550601","Census Tract 5506.01, Los Angeles County, California",1864
"06037550602","Census Tract 5506.02, Los Angeles County, California",1312
"06037550700","Census Tract 5507, Los Angeles County, California",2149
"06037550801","Census Tract 5508.01, Los Angeles County, California",1506
"06037550802","Census Tract 5508.02, Los Angeles County, California",780
"06037550901","Census Tract 5509.01, Los Angeles County, California",1568
"06037550902","Census Tract 5509.02, Los Angeles County, California",2046
"06037551001","Census Tract 5510.01, Los Angeles County, California",1231
"06037551002","Census Tract 5510.02, Los Angeles County, California",1233
"06037551101","Census Tract 5511.01, Los Angeles County, California",1259
"06037551102","Census Tract 5511.02, Los Angeles County, California",1807
"06037551201","Census Tract 5512.01, Los Angeles County, California",1171
"06037551203","Census Tract 5512.03, Los Angeles County, California",1087
"06037551204","Census Tract 5512.04, Los Angeles County, California",1140
"06037551300","Census Tract 5513, Los Angeles County, California",1994
"06037551401","Census Tract 5514.01, Los Angeles County, California",1466
"06037551402","Census Tract 5514.02, Los Angeles County, California",1385
"06037551501","Census Tract 5515.01, Los Angeles County, California",1596
"06037551502","Census Tract 5515.02, Los Angeles County, California",1285
"06037551700","Census Tract 5517, Los Angeles County, California",1800
"06037551801","Census Tract 5518.01, Los Angeles County, California",1010
"06037551802","Census Tract 5518.02, Los Angeles County, California",1479
"06037551900","Census Tract 5519, Los Angeles County, California",1531
"06037552001","Census Tract 5520.01, Los Angeles County, California",1021
"06037552002","Census Tract 5520.02, Los Angeles County, California",1052
"06037552100","Census Tract 5521, Los Angeles County, California",1937
"06037552200","Census Tract 5522, Los Angeles County, California",1874
"06037552301","Census Tract 5523.01, Los Angeles County, California",1307
"06037552302","Census Tract 5523.02, Los Angeles County, California",1273
"06037552400","Census Tract 5524, Los Angeles County, California",603
"06037552601","Census Tract 5526.01, Los Angeles County, California",1184
"06037552602","Census Tract 5526.02, Los Angeles County, California",1142
"06037552700","Census Tract 5527, Los Angeles County, California",1790
"06037552800","Census Tract 5528, Los Angeles County, California",1679
"06037552900","Census Tract 5529, Los Angeles County, California",2046
"06037553000","Census Tract 5530, Los Angeles County, California",1248
"06037553100","Census Tract 5531, Los Angeles County, California",2041
"06037553201","Census Tract 5532.01, Los Angeles County, California",1001
"06037553202","Census Tract 5532.02, Los Angeles County, California",1027
"06037553300","Census Tract 5533, Los Angeles County, California",1085
"06037553400","Census Tract 5534, Los Angeles County, California",1053
"06037553502","Census Tract 5535.02, Los Angeles County, California",1340
"06037553503","Census Tract 5535.03, Los Angeles County, California",779
"06037553504","Census Tract 5535.04, Los Angeles County, California",1382
"06037553601","Census Tract 5536.01, Los Angeles County, California",1289
"06037553602","Census Tract 5536.02, Los Angeles County, California",1395
"06037553701","Census Tract 5537.01, Los Angeles County, California",951
"06037553702","Census Tract 5537.02, Los Angeles County, California",1131
"06037553801","Census Tract 5538.01, Los Angeles County, California",1087
"06037553802","Census Tract 5538.02, Los Angeles County, California",2039
"06037553901","Census Tract 5539.01, Los Angeles County, California",1782
"06037553902","Census Tract 5539.02, Los Angeles County, California",1686
"06037554001","Census Tract 5540.01, Los Angeles County, California",1248
"06037554002","Census Tract 5540.02, Los Angeles County, California",1918
"06037554101","Census Tract 5541.01, Los Angeles County, California",1131
"06037554105","Census Tract 5541.05, Los Angeles County, California",1616
"06037554106","Census Tract 5541.06, Los Angeles County, California",1288
"06037554201","Census Tract 5542.01, Los Angeles County, California",1210
"06037554203","Census Tract 5542.03, Los Angeles County, California",1218
"06037554204","Census Tract 5542.04, Los Angeles County, California",1782
"06037554301","Census Tract 5543.01, Los Angeles County, California",1061
"06037554302","Census Tract 5543.02, Los Angeles County, California",1243
"06037554403","Census Tract 5544.03, Los Angeles County, California",1801
"06037554404","Census Tract 5544.04, Los Angeles County, California",1433
"06037554405","Census Tract 5544.05, Los Angeles County, California",1328
"06037554406","Census Tract 5544.06, Los Angeles County, California",1789
"06037554511","Census Tract 5545.11, Los Angeles County, California",1239
"06037554512","Census Tract 5545.12, Los Angeles County, California",2264
"06037554513","Census Tract 5545.13, Los Angeles County, California",841
"06037554514","Census Tract 5545.14, Los Angeles County, California",1513
"06037554515","Census Tract 5545.15, Los Angeles County, California",1210
"06037554516","Census Tract 5545.16, Los Angeles County, California",1220
"06037554517","Census Tract 5545.17, Los Angeles County, California",1565
"06037554518","Census Tract 5545.18, Los Angeles County, California",1681
"06037554519","Census Tract 5545.19, Los Angeles County, California",1249
"06037554521","Census Tract 5545.21, Los Angeles County, California",2036
"06037554522","Census Tract 5545.22, Los Angeles County, California",1556
"06037554600","Census Tract 5546, Los Angeles County, California",1371
"06037554700","Census Tract 5547, Los Angeles County, California",1027
"06037554801","Census Tract 5548.01, Los Angeles County, California",776
"06037554802","Census Tract 5548.02, Los Angeles County, California",1808
"06037554900","Census Tract 5549, Los Angeles County, California",2161
"06037555001","Census Tract 5550.01, Los Angeles County, California",1622
"06037555002","Census Tract 5550.02, Los Angeles County, California",1196
"06037555105","Census Tract 5551.05, Los Angeles County, California",1829
"06037555106","Census Tract 5551.06, Los Angeles County, California",1090
"06037555107","Census Tract 5551.07, Los Angeles County, California",1963
"06037555202","Census Tract 5552.02, Los Angeles County, California",1188
"06037555211","Census Tract 5552.11, Los Angeles County, California",1386
"06037555212","Census Tract 5552.12, Los Angeles County, California",1331
"06037555300","Census Tract 5553, Los Angeles County, California",1051
"06037570001","Census Tract 5700.01, Los Angeles County, California",1538
"06037570002","Census Tract 5700.02, Los Angeles County, California",916
"06037570003","Census Tract 5700.03, Los Angeles County, California",1479
"06037570100","Census Tract 5701, Los Angeles County, California",769
"06037570202","Census Tract 5702.02, Los Angeles County, California",1639
"06037570203","Census Tract 5702.03, Los Angeles County, California",1220
"06037570204","Census Tract 5702.04, Los Angeles County, California",1169
"06037570303","Census Tract 5703.03, Los Angeles County, California",1201
"06037570304","Census Tract 5703.04, Los Angeles County, California",1534
"06037570305","Census Tract 5703.05, Los Angeles County, California",1809
"06037570306","Census Tract 5703.06, Los Angeles County, California",905
"06037570402","Census Tract 5704.02, Los Angeles County, California",984
"06037570403","Census Tract 5704.03, Los Angeles County, California",1239
"06037570404","Census Tract 5704.04, Los Angeles County, California",881
"06037570502","Census Tract 5705.02, Los Angeles County, California",1877
"06037570503","Census Tract 5705.03, Los Angeles County, California",1081
"06037570504","Census Tract 5705.04, Los Angeles County, California",1100
"06037570601","Census Tract 5706.01, Los Angeles County, California",1630
"06037570602","Census Tract 5706.02, Los Angeles County, California",1906
"06037570603","Census Tract 5706.03, Los Angeles County, California",1834
"06037570701","Census Tract 5707.01, Los Angeles County, California",2694
"06037570703","Census Tract 5707.03, Los Angeles County, California",1136
"06037570800","Census Tract 5708, Los Angeles County, California",1931
"06037570901","Census Tract 5709.01, Los Angeles County, California",1937
"06037570902","Census Tract 5709.02, Los Angeles County, California",1295
"06037571000","Census Tract 5710, Los Angeles County, California",2037
"06037571101","Census Tract 5711.01, Los Angeles County, California",1614
"06037571102","Census Tract 5711.02, Los Angeles County, California",1377
"06037571201","Census Tract 5712.01, Los Angeles County, California",1539
"06037571202","Census Tract 5712.02, Los Angeles County, California",1729
"06037571300","Census Tract 5713, Los Angeles County, California",1621
"06037571400","Census Tract 5714, Los Angeles County, California",1775
"06037571502","Census Tract 5715.02, Los Angeles County, California",1876
"06037571504","Census Tract 5715.04, Los Angeles County, California",1923
"06037571505","Census Tract 5715.05, Los Angeles County, California",1012
"06037571600","Census Tract 5716, Los Angeles County, California",840
"06037571701","Census Tract 5717.01, Los Angeles County, California",2004
"06037571703","Census Tract 5717.03, Los Angeles County, California",1132
"06037571704","Census Tract 5717.04, Los Angeles County, California",1221
"06037571800","Census Tract 5718, Los Angeles County, California",1379
"06037571900","Census Tract 5719, Los Angeles County, California",2424
"06037572001","Census Tract 5720.01, Los Angeles County, California",2256
"06037572201","Census Tract 5722.01, Los Angeles County, California",2084
"06037572202","Census Tract 5722.02, Los Angeles County, California",1116
"06037572301","Census Tract 5723.01, Los Angeles County, California",1001
"06037572500","Census Tract 5725, Los Angeles County, California",1706
"06037572600","Census Tract 5726, Los Angeles County, California",1317
"06037572700","Census Tract 5727, Los Angeles County, California",1417
"06037573002","Census Tract 5730.02, Los Angeles County, California",1168
"06037573003","Census Tract 5730.03, Los Angeles County, California",658
"06037573004","Census Tract 5730.04, Los Angeles County, California",1652
"06037573101","Census Tract 5731.01, Los Angeles County, California",1367
"06037573102","Census Tract 5731.02, Los Angeles County, California",1114
"06037573201","Census Tract 5732.01, Los Angeles County, California",1428
"06037573202","Census Tract 5732.02, Los Angeles County, California",1749
"06037573300","Census Tract 5733, Los Angeles County, California",1130
"06037573401","Census Tract 5734.01, Los Angeles County, California",586
"06037573402","Census Tract 5734.02, Los Angeles County, California",2691
"06037573403","Census Tract 5734.03, Los Angeles County, California",1472
"06037573601","Census Tract 5736.01, Los Angeles County, California",2345
"06037573700","Census Tract 5737, Los Angeles County, California",1768
"06037573800","Census Tract 5738, Los Angeles County, California",1575
"06037573902","Census Tract 5739.02, Los Angeles County, California",924
"06037574000","Census Tract 5740, Los Angeles County, California",2009
"06037574100","Census Tract 5741, Los Angeles County, California",1975
"06037574201","Census Tract 5742.01, Los Angeles County, California",1132
"06037574202","Census Tract 5742.02, Los Angeles County, California",783
"06037574300","Census Tract 5743, Los Angeles County, California",2292
"06037574400","Census Tract 5744, Los Angeles County, California",1989
"06037574500","Census Tract 5745, Los Angeles County, California",2362
"06037574602","Census Tract 5746.02, Los Angeles County, California",584
"06037574800","Census Tract 5748, Los Angeles County, California",1607
"06037574901","Census Tract 5749.01, Los Angeles County, California",1456
"06037574902","Census Tract 5749.02, Los Angeles County, California",2047
"06037575001","Census Tract 5750.01, Los Angeles County, California",1898
"06037575002","Census Tract 5750.02, Los Angeles County, California",2010
"06037575101","Census Tract 5751.01, Los Angeles County, California",1534
"06037575102","Census Tract 5751.02, Los Angeles County, California",1279
"06037575103","Census Tract 5751.03, Los Angeles County, California",2099
"06037575201","Census Tract 5752.01, Los Angeles County, California",1508
"06037575202","Census Tract 5752.02, Los Angeles County, California",1295
"06037575300","Census Tract 5753, Los Angeles County, California",1430
"06037575401","Census Tract 5754.01, Los Angeles County, California",1303
"06037575402","Census Tract 5754.02, Los Angeles County, California",1054
"06037575801","Census Tract 5758.01, Los Angeles County, California",741
"06037575802","Census Tract 5758.02, Los Angeles County, California",1702
"06037575803","Census Tract 5758.03, Los Angeles County, California",1333
"06037575901","Census Tract 5759.01, Los Angeles County, California",1476
"06037575902","Census Tract 5759.02, Los Angeles County, California",3659
"06037576001","Census Tract 5760.01, Los Angeles County, California",4316
"06037576200","Census Tract 5762, Los Angeles County, California",3279
"06037576301","Census Tract 5763.01, Los Angeles County, California",2063
"06037576302","Census Tract 5763.02, Los Angeles County, California",1318
"06037576401","Census Tract 5764.01, Los Angeles County, California",1294
"06037576402","Census Tract 5764.02, Los Angeles County, California",1413
"06037576403","Census Tract 5764.03, Los Angeles County, California",1560
"06037576501","Census Tract 5765.01, Los Angeles County, California",1556
"06037576502","Census Tract 5765.02, Los Angeles County, California",2163
"06037576503","Census Tract 5765.03, Los Angeles County, California",1865
"06037576601","Census Tract 5766.01, Los Angeles County, California",3126
"06037576602","Census Tract 5766.02, Los Angeles County, California",2906
"06037576700","Census Tract 5767, Los Angeles County, California",2347
"06037576801","Census Tract 5768.01, Los Angeles County, California",2209
"06037576802","Census Tract 5768.02, Los Angeles County, California",2008
"06037576901","Census Tract 5769.01, Los Angeles County, California",1949
"06037576903","Census Tract 5769.03, Los Angeles County, California",1456
"06037576904","Census Tract 5769.04, Los Angeles County, California",1319
"06037577000","Census Tract 5770, Los Angeles County, California",3418
"06037577100","Census Tract 5771, Los Angeles County, California",3621
"06037577200","Census Tract 5772, Los Angeles County, California",3412
"06037577300","Census Tract 5773, Los Angeles County, California",3546
"06037577400","Census Tract 5774, Los Angeles County, California",1833
"06037577501","Census Tract 5775.01, Los Angeles County, California",1808
"06037577504","Census Tract 5775.04, Los Angeles County, California",896
"06037577602","Census Tract 5776.02, Los Angeles County, California",1864
"06037577604","Census Tract 5776.04, Los Angeles County, California",868
"06037577605","Census Tract 5776.05, Los Angeles County, California",2311
"06037577606","Census Tract 5776.06, Los Angeles County, California",1666
"06037577700","Census Tract 5777, Los Angeles County, California",1178
"06037577800","Census Tract 5778, Los Angeles County, California",1382
"06037577900","Census Tract 5779, Los Angeles County, California",2187
"06037578000","Census Tract 5780, Los Angeles County, California",1876
"06037578100","Census Tract 5781, Los Angeles County, California",22
"06037599000","Census Tract 5990, Los Angeles County, California",2145
"06037599100","Census Tract 5991, Los Angeles County, California",296
"06037600100","Census Tract 6001, Los Angeles County, California",2221
"06037600201","Census Tract 6002.01, Los Angeles County, California",1426
"06037600202","Census Tract 6002.02, Los Angeles County, California",2290
"06037600302","Census Tract 6003.02, Los Angeles County, California",1156
"06037600303","Census Tract 6003.03, Los Angeles County, California",1234
"06037600304","Census Tract 6003.04, Los Angeles County, California",1144
"06037600400","Census Tract 6004, Los Angeles County, California",1519
"06037600501","Census Tract 6005.01, Los Angeles County, California",961
"06037600601","Census Tract 6006.01, Los Angeles County, California",1008
"06037600602","Census Tract 6006.02, Los Angeles County, California",812
"06037600702","Census Tract 6007.02, Los Angeles County, California",1560
"06037600703","Census Tract 6007.03, Los Angeles County, California",1189
"06037600704","Census Tract 6007.04, Los Angeles County, California",1301
"06037600801","Census Tract 6008.01, Los Angeles County, California",1296
"06037600802","Census Tract 6008.02, Los Angeles County, California",1211
"06037600902","Census Tract 6009.02, Los Angeles County, California",2706
"06037600911","Census Tract 6009.11, Los Angeles County, California",1200
"06037600912","Census Tract 6009.12, Los Angeles County, California",1584
"06037601001","Census Tract 6010.01, Los Angeles County, California",1097
"06037601002","Census Tract 6010.02, Los Angeles County, California",2198
"06037601100","Census Tract 6011, Los Angeles County, California",2190
"06037601202","Census Tract 6012.02, Los Angeles County, California",1084
"06037601211","Census Tract 6012.11, Los Angeles County, California",1128
"06037601212","Census Tract 6012.12, Los Angeles County, California",2189
"06037601301","Census Tract 6013.01, Los Angeles County, California",818
"06037601302","Census Tract 6013.02, Los Angeles County, California",2999
"06037601303","Census Tract 6013.03, Los Angeles County, California",2153
"06037601401","Census Tract 6014.01, Los Angeles County, California",1984
"06037601402","Census Tract 6014.02, Los Angeles County, California",1372
"06037601501","Census Tract 6015.01, Los Angeles County, California",1067
"06037601502","Census Tract 6015.02, Los Angeles County, California",901
"06037601600","Census Tract 6016, Los Angeles County, California",1130
"06037601700","Census Tract 6017, Los Angeles County, California",1321
"06037601801","Census Tract 6018.01, Los Angeles County, California",876
"06037601802","Census Tract 6018.02, Los Angeles County, California",1018
"06037601900","Census Tract 6019, Los Angeles County, California",1345
"06037602002","Census Tract 6020.02, Los Angeles County, California",905
"06037602003","Census Tract 6020.03, Los Angeles County, California",1353
"06037602103","Census Tract 6021.03, Los Angeles County, California",2286
"06037602104","Census Tract 6021.04, Los Angeles County, California",1795
"06037602105","Census Tract 6021.05, Los Angeles County, California",1454
"06037602106","Census Tract 6021.06, Los Angeles County, California",2270
"06037602201","Census Tract 6022.01, Los Angeles County, California",1833
"06037602202","Census Tract 6022.02, Los Angeles County, California",1057
"06037602301","Census Tract 6023.01, Los Angeles County, California",2041
"06037602302","Census Tract 6023.02, Los Angeles County, California",2153
"06037602402","Census Tract 6024.02, Los Angeles County, California",2302
"06037602403","Census Tract 6024.03, Los Angeles County, California",1795
"06037602404","Census Tract 6024.04, Los Angeles County, California",2042
"06037602504","Census Tract 6025.04, Los Angeles County, California",1878
"06037602505","Census Tract 6025.05, Los Angeles County, California",1725
"06037602506","Census Tract 6025.06, Los Angeles County, California",1773
"06037602507","Census Tract 6025.07, Los Angeles County, California",2040
"06037602510","Census Tract 6025.10, Los Angeles County, California",1190
"06037602511","Census Tract 6025.11, Los Angeles County, California",1347
"06037602512","Census Tract 6025.12, Los Angeles County, California",626
"06037602513","Census Tract 6025.13, Los Angeles County, California",524
"06037602601","Census Tract 6026.01, Los Angeles County, California",1770
"06037602602","Census Tract 6026.02, Los Angeles County, California",1132
"06037602700","Census Tract 6027, Los Angeles County, California",1298
"06037602801","Census Tract 6028.01, Los Angeles County, California",1355
"06037602802","Census Tract 6028.02, Los Angeles County, California",1343
"06037602900","Census Tract 6029, Los Angeles County, California",1357
"06037603004","Census Tract 6030.04, Los Angeles County, California",758
"06037603005","Census Tract 6030.05, Los Angeles County, California",2010
"06037603006","Census Tract 6030.06, Los Angeles County, California",908
"06037603007","Census Tract 6030.07, Los Angeles County, California",1400
"06037603008","Census Tract 6030.08, Los Angeles County, California",1055
"06037603101","Census Tract 6031.01, Los Angeles County, California",1667
"06037603102","Census Tract 6031.02, Los Angeles County, California",1508
"06037603200","Census Tract 6032, Los Angeles County, California",1319
"06037603301","Census Tract 6033.01, Los Angeles County, California",1625
"06037603302","Census Tract 6033.02, Los Angeles County, California",1809
"06037603400","Census Tract 6034, Los Angeles County, California",1616
"06037603500","Census Tract 6035, Los Angeles County, California",1015
"06037603600","Census Tract 6036, Los Angeles County, California",1444
"06037603702","Census Tract 6037.02, Los Angeles County, California",1641
"06037603703","Census Tract 6037.03, Los Angeles County, California",848
"06037603705","Census Tract 6037.05, Los Angeles County, California",937
"06037603706","Census Tract 6037.06, Los Angeles County, California",1282
"06037603801","Census Tract 6038.01, Los Angeles County, California",1514
"06037603802","Census Tract 6038.02, Los Angeles County, California",1200
"06037603901","Census Tract 6039.01, Los Angeles County, California",1412
"06037603902","Census Tract 6039.02, Los Angeles County, California",1063
"06037604001","Census Tract 6040.01, Los Angeles County, California",1334
"06037604002","Census Tract 6040.02, Los Angeles County, California",1661
"06037604101","Census Tract 6041.01, Los Angeles County, California",1208
"06037604102","Census Tract 6041.02, Los Angeles County, California",894
"06037604200","Census Tract 6042, Los Angeles County, California",1840
"06037609900","Census Tract 6099, Los Angeles County, California",623
"06037620001","Census Tract 6200.01, Los Angeles County, California",1664
"06037620002","Census Tract 6200.02, Los Angeles County, California",1637
"06037620101","Census Tract 6201.01, Los Angeles County, California",2362
"06037620102","Census Tract 6201.02, Los Angeles County, California",1817
"06037620201","Census Tract 6202.01, Los Angeles County, California",994
"06037620301","Census Tract 6203.01, Los Angeles County, California",1697
"06037620303","Census Tract 6203.03, Los Angeles County, California",1725
"06037620305","Census Tract 6203.05, Los Angeles County, California",3180
"06037620400","Census Tract 6204, Los Angeles County, California",2160
"06037620501","Census Tract 6205.01, Los Angeles County, California",2181
"06037620521","Census Tract 6205.21, Los Angeles County, California",1750
"06037620522","Census Tract 6205.22, Los Angeles County, California",2017
"06037620601","Census Tract 6206.01, Los Angeles County, California",2533
"06037620602","Census Tract 6206.02, Los Angeles County, California",2133
"06037620701","Census Tract 6207.01, Los Angeles County, California",3027
"06037620703","Census Tract 6207.03, Los Angeles County, California",1374
"06037620704","Census Tract 6207.04, Los Angeles County, California",1334
"06037620801","Census Tract 6208.01, Los Angeles County, California",1564
"06037620802","Census Tract 6208.02, Los Angeles County, California",1246
"06037620901","Census Tract 6209.01, Los Angeles County, California",1034
"06037620904","Census Tract 6209.04, Los Angeles County, California",1394
"06037621001","Census Tract 6210.01, Los Angeles County, California",1994
"06037621005","Census Tract 6210.05, Los Angeles County, California",3057
"06037621102","Census Tract 6211.02, Los Angeles County, California",1285
"06037621104","Census Tract 6211.04, Los Angeles County, California",3702
"06037621201","Census Tract 6212.01, Los Angeles County, California",2807
"06037621204","Census Tract 6212.04, Los Angeles County, California",2200
"06037621301","Census Tract 6213.01, Los Angeles County, California",3189
"06037621324","Census Tract 6213.24, Los Angeles County, California",2331
"06037621326","Census Tract 6213.26, Los Angeles County, California",1971
"06037621400","Census Tract 6214, Los Angeles County, California",2152
"06037650001","Census Tract 6500.01, Los Angeles County, California",2279
"06037650003","Census Tract 6500.03, Los Angeles County, California",1321
"06037650004","Census Tract 6500.04, Los Angeles County, California",1689
"06037650101","Census Tract 6501.01, Los Angeles County, California",2152
"06037650102","Census Tract 6501.02, Los Angeles County, California",780
"06037650200","Census Tract 6502, Los Angeles County, California",1956
"06037650300","Census Tract 6503, Los Angeles County, California",2651
"06037650401","Census Tract 6504.01, Los Angeles County, California",1555
"06037650501","Census Tract 6505.01, Los Angeles County, California",1079
"06037650502","Census Tract 6505.02, Los Angeles County, California",1618
"06037650603","Census Tract 6506.03, Los Angeles County, California",1583
"06037650604","Census Tract 6506.04, Los Angeles County, California",2563
"06037650605","Census Tract 6506.05, Los Angeles County, California",1169
"06037650606","Census Tract 6506.06, Los Angeles County, California",1896
"06037650607","Census Tract 6506.07, Los Angeles County, California",1128
"06037650701","Census Tract 6507.01, Los Angeles County, California",1047
"06037650702","Census Tract 6507.02, Los Angeles County, California",1614
"06037650801","Census Tract 6508.01, Los Angeles County, California",1746
"06037650802","Census Tract 6508.02, Los Angeles County, California",1516
"06037650901","Census Tract 6509.01, Los Angeles County, California",2751
"06037650903","Census Tract 6509.03, Los Angeles County, California",1699
"06037650904","Census Tract 6509.04, Los Angeles County, California",1097
"06037651001","Census Tract 6510.01, Los Angeles County, California",1991
"06037651002","Census Tract 6510.02, Los Angeles County, California",1794
"06037651101","Census Tract 6511.01, Los Angeles County, California",1873
"06037651102","Census Tract 6511.02, Los Angeles County, California",1823
"06037651201","Census Tract 6512.01, Los Angeles County, California",1755
"06037651221","Census Tract 6512.21, Los Angeles County, California",1463
"06037651222","Census Tract 6512.22, Los Angeles County, California",2517
"06037651302","Census Tract 6513.02, Los Angeles County, California",2554
"06037651304","Census Tract 6513.04, Los Angeles County, California",2576
"06037651401","Census Tract 6514.01, Los Angeles County, California",1185
"06037651402","Census Tract 6514.02, Los Angeles County, California",2354
"06037670001","Census Tract 6700.01, Los Angeles County, California",1385
"06037670002","Census Tract 6700.02, Los Angeles County, California",1564
"06037670003","Census Tract 6700.03, Los Angeles County, California",2524
"06037670101","Census Tract 6701.01, Los Angeles County, California",1402
"06037670102","Census Tract 6701.02, Los Angeles County, California",1718
"06037670201","Census Tract 6702.01, Los Angeles County, California",1635
"06037670202","Census Tract 6702.02, Los Angeles County, California",951
"06037670324","Census Tract 6703.24, Los Angeles County, California",2110
"06037670326","Census Tract 6703.26, Los Angeles County, California",1450
"06037670328","Census Tract 6703.28, Los Angeles County, California",1731
"06037670405","Census Tract 6704.05, Los Angeles County, California",1256
"06037670406","Census Tract 6704.06, Los Angeles County, California",723
"06037670407","Census Tract 6704.07, Los Angeles County, California",2341
"06037670413","Census Tract 6704.13, Los Angeles County, California",1882
"06037670416","Census Tract 6704.16, Los Angeles County, California",1645
"06037670417","Census Tract 6704.17, Los Angeles County, California",1080
"06037670418","Census Tract 6704.18, Los Angeles County, California",1551
"06037670500","Census Tract 6705, Los Angeles County, California",702
"06037670603","Census Tract 6706.03, Los Angeles County, California",712
"06037670604","Census Tract 6706.04, Los Angeles County, California",2373
"06037670701","Census Tract 6707.01, Los Angeles County, California",2366
"06037670702","Census Tract 6707.02, Los Angeles County, California",2101
"06037700101","Census Tract 7001.01, Los Angeles County, California",3973
"06037700102","Census Tract 7001.02, Los Angeles County, California",2970
"06037700200","Census Tract 7002, Los Angeles County, California",4847
"06037700300","Census Tract 7003, Los Angeles County, California",4202
"06037700400","Census Tract 7004, Los Angeles County, California",3509
"06037700501","Census Tract 7005.01, Los Angeles County, California",2777
"06037700502","Census Tract 7005.02, Los Angeles County, California",3543
"06037700600","Census Tract 7006, Los Angeles County, California",2015
"06037700700","Census Tract 7007, Los Angeles County, California",1221
"06037700801","Census Tract 7008.01, Los Angeles County, California",2847
"06037700802","Census Tract 7008.02, Los Angeles County, California",2115
"06037700901","Census Tract 7009.01, Los Angeles County, California",1687
"06037700902","Census Tract 7009.02, Los Angeles County, California",3461
"06037701000","Census Tract 7010, Los Angeles County, California",2896
"06037701201","Census Tract 7012.01, Los Angeles County, California",1699
"06037701202","Census Tract 7012.02, Los Angeles County, California",1952
"06037701302","Census Tract 7013.02, Los Angeles County, California",3122
"06037701304","Census Tract 7013.04, Los Angeles County, California",3632
"06037701402","Census Tract 7014.02, Los Angeles County, California",4666
"06037701501","Census Tract 7015.01, Los Angeles County, California",2987
"06037701502","Census Tract 7015.02, Los Angeles County, California",1990
"06037701601","Census Tract 7016.01, Los Angeles County, California",1915
"06037701602","Census Tract 7016.02, Los Angeles County, California",2174
"06037701701","Census Tract 7017.01, Los Angeles County, California",1960
"06037701702","Census Tract 7017.02, Los Angeles County, California",2083
"06037701801","Census Tract 7018.01, Los Angeles County, California",3000
"06037701802","Census Tract 7018.02, Los Angeles County, California",2050
"06037701902","Census Tract 7019.02, Los Angeles County, California",3960
"06037702002","Census Tract 7020.02, Los Angeles County, California",3776
"06037702102","Census Tract 7021.02, Los Angeles County, California",4073
"06037702201","Census Tract 7022.01, Los Angeles County, California",2363
"06037702202","Census Tract 7022.02, Los Angeles County, California",1805
"06037702300","Census Tract 7023, Los Angeles County, California",3166
"06037702400","Census Tract 7024, Los Angeles County, California",2193
"06037702501","Census Tract 7025.01, Los Angeles County, California",2248
"06037702502","Census Tract 7025.02, Los Angeles County, California",2140
"06037702600","Census Tract 7026, Los Angeles County, California",2368
"06037702700","Census Tract 7027, Los Angeles County, California",1351
"06037702801","Census Tract 7028.01, Los Angeles County, California",2237
"06037702802","Census Tract 7028.02, Los Angeles County, California",920
"06037702803","Census Tract 7028.03, Los Angeles County, California",1290
"06037702900","Census Tract 7029, Los Angeles County, California",8065
"06037703002","Census Tract 7030.02, Los Angeles County, California",2975
"06037703003","Census Tract 7030.03, Los Angeles County, California",3094
"06037703100","Census Tract 7031, Los Angeles County, California",2435
"06037703200","Census Tract 7032, Los Angeles County, California",2401
"06037800101","Census Tract 8001.01, Los Angeles County, California",2035
"06037800103","Census Tract 8001.03, Los Angeles County, California",1425
"06037800104","Census Tract 8001.04, Los Angeles County, California",1730
"06037800202","Census Tract 8002.02, Los Angeles County, California",2185
"06037800204","Census Tract 8002.04, Los Angeles County, California",1871
"06037800205","Census Tract 8002.05, Los Angeles County, California",1710
"06037800206","Census Tract 8002.06, Los Angeles County, California",1061
"06037800324","Census Tract 8003.24, Los Angeles County, California",2435
"06037800325","Census Tract 8003.25, Los Angeles County, California",1588
"06037800328","Census Tract 8003.28, Los Angeles County, California",431
"06037800333","Census Tract 8003.33, Los Angeles County, California",1263
"06037800334","Census Tract 8003.34, Los Angeles County, California",1327
"06037800335","Census Tract 8003.35, Los Angeles County, California",2236
"06037800336","Census Tract 8003.36, Los Angeles County, California",1133
"06037800337","Census Tract 8003.37, Los Angeles County, California",1622
"06037800338","Census Tract 8003.38, Los Angeles County, California",2090
"06037800406","Census Tract 8004.06, Los Angeles County, California",1046
"06037800410","Census Tract 8004.10, Los Angeles County, California",786
"06037800411","Census Tract 8004.11, Los Angeles County, California",1185
"06037800412","Census Tract 8004.12, Los Angeles County, California",2081
"06037800504","Census Tract 8005.04, Los Angeles County, California",1541
"06037800506","Census Tract 8005.06, Los Angeles County, California",1643
"06037900102","Census Tract 9001.02, Los Angeles County, California",401
"06037900103","Census Tract 9001.03, Los Angeles County, California",1867
"06037900104","Census Tract 9001.04, Los Angeles County, California",1929
"06037900301","Census Tract 9003.01, Los Angeles County, California",1038
"06037900501","Census Tract 9005.01, Los Angeles County, California",2213
"06037900504","Census Tract 9005.04, Los Angeles County, California",2297
"06037900505","Census Tract 9005.05, Los Angeles County, California",1376
"06037900506","Census Tract 9005.06, Los Angeles County, California",1454
"06037900508","Census Tract 9005.08, Los Angeles County, California",1217
"06037900509","Census Tract 9005.09, Los Angeles County, California",1439
"06037900510","Census Tract 9005.10, Los Angeles County, California",1066
"06037900602","Census Tract 9006.02, Los Angeles County, California",1745
"06037900606","Census Tract 9006.06, Los Angeles County, California",1273
"06037900607","Census Tract 9006.07, Los Angeles County, California",1344
"06037900608","Census Tract 9006.08, Los Angeles County, California",1093
"06037900609","Census Tract 9006.09, Los Angeles County, California",1765
"06037900610","Census Tract 9006.10, Los Angeles County, California",1323
"06037900611","Census Tract 9006.11, Los Angeles County, California",1147
"06037900701","Census Tract 9007.01, Los Angeles County, California",1869
"06037900703","Census Tract 9007.03, Los Angeles County, California",2033
"06037900704","Census Tract 9007.04, Los Angeles County, California",1756
"06037900705","Census Tract 9007.05, Los Angeles County, California",2268
"06037900804","Census Tract 9008.04, Los Angeles County, California",1173
"06037900805","Census Tract 9008.05, Los Angeles County, California",1692
"06037900806","Census Tract 9008.06, Los Angeles County, California",2208
"06037900807","Census Tract 9008.07, Los Angeles County, California",1383
"06037900808","Census Tract 9008.08, Los Angeles County, California",1359
"06037900901","Census Tract 9009.01, Los Angeles County, California",1051
"06037900902","Census Tract 9009.02, Los Angeles County, California",705
"06037901003","Census Tract 9010.03, Los Angeles County, California",0
"06037901007","Census Tract 9010.07, Los Angeles County, California",766
"06037901008","Census Tract 9010.08, Los Angeles County, California",1063
"06037901009","Census Tract 9010.09, Los Angeles County, California",2032
"06037901010","Census Tract 9010.10, Los Angeles County, California",2082
"06037901011","Census Tract 9010.11, Los Angeles County, California",2127
"06037901012","Census Tract 9010.12, Los Angeles County, California",1430
"06037901013","Census Tract 9010.13, Los Angeles County, California",1385
"06037901014","Census Tract 9010.14, Los Angeles County, California",1647
"06037901101","Census Tract 9011.01, Los Angeles County, California",2060
"06037901102","Census Tract 9011.02, Los Angeles County, California",1974
"06037901209","Census Tract 9012.09, Los Angeles County, California",729
"06037901210","Census Tract 9012.10, Los Angeles County, California",674
"06037901214","Census Tract 9012.14, Los Angeles County, California",1342
"06037901215","Census Tract 9012.15, Los Angeles County, California",1743
"06037901216","Census Tract 9012.16, Los Angeles County, California",874
"06037901217","Census Tract 9012.17, Los Angeles County, California",646
"06037901218","Census Tract 9012.18, Los Angeles County, California",818
"06037901300","Census Tract 9013, Los Angeles County, California",757
"06037910002","Census Tract 9100.02, Los Angeles County, California",2290
"06037910210","Census Tract 9102.10, Los Angeles County, California",2292
"06037910211","Census Tract 9102.11, Los Angeles County, California",582
"06037910212","Census Tract 9102.12, Los Angeles County, California",1222
"06037910213","Census Tract 9102.13, Los Angeles County, California",465
"06037910214","Census Tract 9102.14, Los Angeles County, California",1825
"06037910215","Census Tract 9102.15, Los Angeles County, California",2117
"06037910216","Census Tract 9102.16, Los Angeles County, California",1450
"06037910217","Census Tract 9102.17, Los Angeles County, California",1610
"06037910218","Census Tract 9102.18, Los Angeles County, California",1642
"06037910301","Census Tract 9103.01, Los Angeles County, California",1585
"06037910302","Census Tract 9103.02, Los Angeles County, California",2267
"06037910401","Census Tract 9104.01, Los Angeles County, California",2219
"06037910404","Census Tract 9104.04, Los Angeles County, California",1286
"06037910405","Census Tract 9104.05, Los Angeles County, California",1892
"06037910501","Census Tract 9105.01, Los Angeles County, California",2459
"06037910502","Census Tract 9105.02, Los Angeles County, California",1314
"06037910504","Census Tract 9105.04, Los Angeles County, California",1315
"06037910505","Census Tract 9105.05, Los Angeles County, California",933
"06037910601","Census Tract 9106.01, Los Angeles County, California",1836
"06037910602","Census Tract 9106.02, Los Angeles County, California",1525
"06037910605","Census Tract 9106.05, Los Angeles County, California",1400
"06037910606","Census Tract 9106.06, Los Angeles County, California",850
"06037910607","Census Tract 9106.07, Los Angeles County, California",1209
"06037910608","Census Tract 9106.08, Los Angeles County, California",972
"06037910706","Census Tract 9107.06, Los Angeles County, California",1648
"06037910707","Census Tract 9107.07, Los Angeles County, California",1908
"06037910709","Census Tract 9107.09, Los Angeles County, California",550
"06037910712","Census Tract 9107.12, Los Angeles County, California",799
"06037910713","Census Tract 9107.13, Los Angeles County, California",1536
"06037910714","Census Tract 9107.14, Los Angeles County, California",974
"06037910715","Census Tract 9107.15, Los Angeles County, California",2071
"06037910716","Census Tract 9107.16, Los Angeles County, California",1817
"06037910717","Census Tract 9107.17, Los Angeles County, California",587
"06037910718","Census Tract 9107.18, Los Angeles County, California",1469
"06037910719","Census Tract 9107.19, Los Angeles County, California",1052
"06037910720","Census Tract 9107.20, Los Angeles County, California",1580
"06037910721","Census Tract 9107.21, Los Angeles County, California",933
"06037910804","Census Tract 9108.04, Los Angeles County, California",1219
"06037910807","Census Tract 9108.07, Los Angeles County, California",1932
"06037910808","Census Tract 9108.08, Los Angeles County, California",1174
"06037910809","Census Tract 9108.09, Los Angeles County, California",787
"06037910810","Census Tract 9108.10, Los Angeles County, California",822
"06037910814","Census Tract 9108.14, Los Angeles County, California",1387
"06037910815","Census Tract 9108.15, Los Angeles County, California",2072
"06037911001","Census Tract 9110.01, Los Angeles County, California",1790
"06037911100","Census Tract 9111, Los Angeles County, California",2084
"06037920013","Census Tract 9200.13, Los Angeles County, California",2517
"06037920015","Census Tract 9200.15, Los Angeles County, California",2175
"06037920016","Census Tract 9200.16, Los Angeles County, California",1392
"06037920017","Census Tract 9200.17, Los Angeles County, California",1454
"06037920018","Census Tract 9200.18, Los Angeles County, California",770
"06037920020","Census Tract 9200.20, Los Angeles County, California",2243
"06037920028","Census Tract 9200.28, Los Angeles County, California",2514
"06037920029","Census Tract 9200.29, Los Angeles County, California",2145
"06037920030","Census Tract 9200.30, Los Angeles County, California",1886
"06037920031","Census Tract 9200.31, Los Angeles County, California",2316
"06037920034","Census Tract 9200.34, Los Angeles County, California",1391
"06037920035","Census Tract 9200.35, Los Angeles County, California",2449
"06037920038","Census Tract 9200.38, Los Angeles County, California",964
"06037920039","Census Tract 9200.39, Los Angeles County, California",597
"06037920040","Census Tract 9200.40, Los Angeles County, California",1552
"06037920041","Census Tract 9200.41, Los Angeles County, California",485
"06037920042","Census Tract 9200.42, Los Angeles County, California",2899
"06037920043","Census Tract 9200.43, Los Angeles County, California",2661
"06037920044","Census Tract 9200.44, Los Angeles County, California",933
"06037920045","Census Tract 9200.45, Los Angeles County, California",1450
"06037920046","Census Tract 9200.46, Los Angeles County, California",1188
"06037920047","Census Tract 9200.47, Los Angeles County, California",2136
"06037920048","Census Tract 9200.48, Los Angeles County, California",1846
"06037920049","Census Tract 9200.49, Los Angeles County, California",1737
"06037920050","Census Tract 9200.50, Los Angeles County, California",622
"06037920102","Census Tract 9201.02, Los Angeles County, California",2002
"06037920104","Census Tract 9201.04, Los Angeles County, California",889
"06037920106","Census Tract 9201.06, Los Angeles County, California",952
"06037920109","Census Tract 9201.09, Los Angeles County, California",2272
"06037920110","Census Tract 9201.10, Los Angeles County, California",1057
"06037920111","Census Tract 9201.11, Los Angeles County, California",1047
"06037920112","Census Tract 9201.12, Los Angeles County, California",1626
"06037920114","Census Tract 9201.14, Los Angeles County, California",2441
"06037920115","Census Tract 9201.15, Los Angeles County, California",1630
"06037920116","Census Tract 9201.16, Los Angeles County, California",1666
"06037920118","Census Tract 9201.18, Los Angeles County, California",1827
"06037920119","Census Tract 9201.19, Los Angeles County, California",516
"06037920120","Census Tract 9201.20, Los Angeles County, California",1110
"06037920121","Census Tract 9201.21, Los Angeles County, California",3290
"06037920200","Census Tract 9202, Los Angeles County, California",0
"06037920303","Census Tract 9203.03, Los Angeles County, California",659
"06037920312","Census Tract 9203.12, Los Angeles County, California",2329
"06037920313","Census Tract 9203.13, Los Angeles County, California",1693
"06037920314","Census Tract 9203.14, Los Angeles County, California",1049
"06037920322","Census Tract 9203.22, Los Angeles County, California",1136
"06037920326","Census Tract 9203.26, Los Angeles County, California",2888
"06037920328","Census Tract 9203.28, Los Angeles County, California",978
"06037920329","Census Tract 9203.29, Los Angeles County, California",2916
"06037920330","Census Tract 9203.30, Los Angeles County, California",1889
"06037920331","Census Tract 9203.31, Los Angeles County, California",1343
"06037920332","Census Tract 9203.32, Los Angeles County, California",685
"06037920334","Census Tract 9203.34, Los Angeles County, California",2392
"06037920338","Census Tract 9203.38, Los Angeles County, California",1748
"06037920339","Census Tract 9203.39, Los Angeles County, California",2727
"06037920340","Census Tract 9203.40, Los Angeles County, California",895
"06037920341","Census Tract 9203.41, Los Angeles County, California",910
"06037920342","Census Tract 9203.42, Los Angeles County, California",756
"06037920343","Census Tract 9203.43, Los Angeles County, California",1277
"06037930400","Census Tract 9304, Los Angeles County, California",530
"06037980001","Census Tract 9800.01, Los Angeles County, California",2
"06037980002","Census Tract 9800.02, Los Angeles County, California",1
"06037980003","Census Tract 9800.03, Los Angeles County, California",0
"06037980004","Census Tract 9800.04, Los Angeles County, California",0
"06037980005","Census Tract 9800.05, Los Angeles County, California",1
"06037980006","Census Tract 9800.06, Los Angeles County, California",0
"06037980007","Census Tract 9800.07, Los Angeles County, California",3
"06037980008","Census Tract 9800.08, Los Angeles County, California",58
"06037980009","Census Tract 9800.09, Los Angeles County, California",8
"06037980010","Census Tract 9800.10, Los Angeles County, California",64
"06037980011","Census Tract 9800.11, Los Angeles County, California",32
"06037980012","Census Tract 9800.12, Los Angeles County, California",0
"06037980013","Census Tract 9800.13, Los Angeles County, California",20
"06037980014","Census Tract 9800.14, Los Angeles County, California",107
"06037980015","Census Tract 9800.15, Los Angeles County, California",489
"06037980016","Census Tract 9800.16, Los Angeles County, California",78
"06037980017","Census Tract 9800.17, Los Angeles County, California",85
"06037980018","Census Tract 9800.18, Los Angeles County, California",0
"06037980019","Census Tract 9800.19, Los Angeles County, California",60
"06037980020","Census Tract 9800.20, Los Angeles County, California",1
"06037980021","Census Tract 9800.21, Los Angeles County, California",10
"06037980022","Census Tract 9800.22, Los Angeles County, California",0
"06037980023","Census Tract 9800.23, Los Angeles County, California",8
"06037980024","Census Tract 9800.24, Los Angeles County, California",74
"06037980025","Census Tract 9800.25, Los Angeles County, California",306
"06037980026","Census Tract 9800.26, Los Angeles County, California",6
"06037980028","Census Tract 9800.28, Los Angeles County, California",7
"06037980030","Census Tract 9800.30, Los Angeles County, California",0
"06037980031","Census Tract 9800.31, Los Angeles County, California",111
"06037980033","Census Tract 9800.33, Los Angeles County, California",10
"06037980034","Census Tract 9800.34, Los Angeles County, California",5
"06037980035","Census Tract 9800.35, Los Angeles County, California",167
"06037980036","Census Tract 9800.36, Los Angeles County, California",177
"06037980037","Census Tract 9800.37, Los Angeles County, California",0
"06037980038","Census Tract 9800.38, Los Angeles County, California",2
"06037980039","Census Tract 9800.39, Los Angeles County, California",0
"06037990100","Census Tract 9901, Los Angeles County, California",0
"06037990200","Census Tract 9902, Los Angeles County, California",0
"06037990300","Census Tract 9903, Los Angeles County, California",0
"06039000102","Census Tract 1.02, Madera County, California",2739
"06039000103","Census Tract 1.03, Madera County, California",2420
"06039000104","Census Tract 1.04, Madera County, California",2262
"06039000106","Census Tract 1.06, Madera County, California",2172
"06039000109","Census Tract 1.09, Madera County, California",1026
"06039000110","Census Tract 1.10, Madera County, California",1934
"06039000111","Census Tract 1.11, Madera County, California",1117
"06039000201","Census Tract 2.01, Madera County, California",469
"06039000203","Census Tract 2.03, Madera County, California",496
"06039000204","Census Tract 2.04, Madera County, California",1817
"06039000301","Census Tract 3.01, Madera County, California",1164
"06039000302","Census Tract 3.02, Madera County, California",1819
"06039000506","Census Tract 5.06, Madera County, California",1756
"06039000509","Census Tract 5.09, Madera County, California",2099
"06039000510","Census Tract 5.10, Madera County, California",1373
"06039000511","Census Tract 5.11, Madera County, California",1635
"06039000512","Census Tract 5.12, Madera County, California",1662
"06039000513","Census Tract 5.13, Madera County, California",1371
"06039000514","Census Tract 5.14, Madera County, California",1737
"06039000515","Census Tract 5.15, Madera County, California",1167
"06039000516","Census Tract 5.16, Madera County, California",785
"06039000517","Census Tract 5.17, Madera County, California",499
"06039000518","Census Tract 5.18, Madera County, California",784
"06039000602","Census Tract 6.02, Madera County, California",1275
"06039000603","Census Tract 6.03, Madera County, California",1374
"06039000604","Census Tract 6.04, Madera County, California",1278
"06039000701","Census Tract 7.01, Madera County, California",1901
"06039000702","Census Tract 7.02, Madera County, California",2100
"06039000801","Census Tract 8.01, Madera County, California",852
"06039000802","Census Tract 8.02, Madera County, California",1085
"06039000901","Census Tract 9.01, Madera County, California",745
"06039000902","Census Tract 9.02, Madera County, California",1087
"06039000903","Census Tract 9.03, Madera County, California",889
"06039001100","Census Tract 11, Madera County, California",2683
"06041101100","Census Tract 1011, Marin County, California",1101
"06041101200","Census Tract 1012, Marin County, California",1109
"06041102100","Census Tract 1021, Marin County, California",948
"06041102202","Census Tract 1022.02, Marin County, California",2217
"06041102203","Census Tract 1022.03, Marin County, California",2063
"06041103100","Census Tract 1031, Marin County, California",2802
"06041103200","Census Tract 1032, Marin County, California",2714
"06041104102","Census Tract 1041.02, Marin County, California",2138
"06041104103","Census Tract 1041.03, Marin County, California",1218
"06041104104","Census Tract 1041.04, Marin County, California",1909
"06041104200","Census Tract 1042, Marin County, California",2465
"06041104300","Census Tract 1043, Marin County, California",715
"06041105001","Census Tract 1050.01, Marin County, California",1465
"06041105002","Census Tract 1050.02, Marin County, California",1320
"06041106001","Census Tract 1060.01, Marin County, California",2335
"06041106002","Census Tract 1060.02, Marin County, California",2277
"06041107000","Census Tract 1070, Marin County, California",2473
"06041108100","Census Tract 1081, Marin County, California",2680
"06041108201","Census Tract 1082.01, Marin County, California",1189
"06041108202","Census Tract 1082.02, Marin County, California",1822
"06041109001","Census Tract 1090.01, Marin County, California",2007
"06041109002","Census Tract 1090.02, Marin County, California",1900
"06041110100","Census Tract 1101, Marin County, California",2505
"06041110200","Census Tract 1102, Marin County, California",2292
"06041111001","Census Tract 1110.01, Marin County, California",696
"06041111002","Census Tract 1110.02, Marin County, California",2276
"06041112100","Census Tract 1121, Marin County, California",1954
"06041112202","Census Tract 1122.02, Marin County, California",1343
"06041112203","Census Tract 1122.03, Marin County, California",607
"06041112204","Census Tract 1122.04, Marin County, California",1208
"06041113000","Census Tract 1130, Marin County, California",1742
"06041114100","Census Tract 1141, Marin County, California",2388
"06041114200","Census Tract 1142, Marin County, California",1379
"06041115000","Census Tract 1150, Marin County, California",2863
"06041116000","Census Tract 1160, Marin County, California",1382
"06041117000","Census Tract 1170, Marin County, California",2188
"06041118100","Census Tract 1181, Marin County, California",880
"06041119100","Census Tract 1191, Marin County, California",1959
"06041119201","Census Tract 1192.01, Marin County, California",2012
"06041119202","Census Tract 1192.02, Marin County, California",1289
"06041120001","Census Tract 1200.01, Marin County, California",682
"06041120002","Census Tract 1200.02, Marin County, California",2403
"06041121100","Census Tract 1211, Marin County, California",2503
"06041121200","Census Tract 1212, Marin County, California",2593
"06041122000","Census Tract 1220, Marin County, California",77
"06041123000","Census Tract 1230, Marin County, California",1063
"06041124100","Census Tract 1241, Marin County, California",2404
"06041124200","Census Tract 1242, Marin County, California",2747
"06041125000","Census Tract 1250, Marin County, California",2069
"06041126100","Census Tract 1261, Marin County, California",2529
"06041126200","Census Tract 1262, Marin County, California",2156
"06041127000","Census Tract 1270, Marin County, California",2145
"06041128100","Census Tract 1281, Marin County, California",2882
"06041128200","Census Tract 1282, Marin County, California",2042
"06041129000","Census Tract 1290, Marin County, California",1136
"06041130201","Census Tract 1302.01, Marin County, California",2130
"06041130203","Census Tract 1302.03, Marin County, California",996
"06041130204","Census Tract 1302.04, Marin County, California",1766
"06041131100","Census Tract 1311, Marin County, California",487
"06041132100","Census Tract 1321, Marin County, California",1685
"06041132200","Census Tract 1322, Marin County, California",1308
"06041133000","Census Tract 1330, Marin County, California",1931
"06041990100","Census Tract 9901, Marin County, California",0
"06043000101","Census Tract 1.01, Mariposa County, California",1985
"06043000102","Census Tract 1.02, Mariposa County, California",1310
"06043000200","Census Tract 2, Mariposa County, California",1891
"06043000301","Census Tract 3.01, Mariposa County, California",1899
"06043000302","Census Tract 3.02, Mariposa County, California",1668
"06043000400","Census Tract 4, Mariposa County, California",1007
"06045010100","Census Tract 101, Mendocino County, California",1318
"06045010200","Census Tract 102, Mendocino County, California",2201
"06045010300","Census Tract 103, Mendocino County, California",2047
"06045010400","Census Tract 104, Mendocino County, California",1664
"06045010500","Census Tract 105, Mendocino County, California",1993
"06045010601","Census Tract 106.01, Mendocino County, California",1427
"06045010602","Census Tract 106.02, Mendocino County, California",1994
"06045010700","Census Tract 107, Mendocino County, California",2709
"06045010801","Census Tract 108.01, Mendocino County, California",2367
"06045010802","Census Tract 108.02, Mendocino County, California",799
"06045010900","Census Tract 109, Mendocino County, California",1962
"06045011001","Census Tract 110.01, Mendocino County, California",1359
"06045011003","Census Tract 110.03, Mendocino County, California",1536
"06045011004","Census Tract 110.04, Mendocino County, California",1558
"06045011102","Census Tract 111.02, Mendocino County, California",2654
"06045011200","Census Tract 112, Mendocino County, California",1575
"06045011300","Census Tract 113, Mendocino County, California",2283
"06045011400","Census Tract 114, Mendocino County, California",1863
"06045011501","Census Tract 115.01, Mendocino County, California",1319
"06045011502","Census Tract 115.02, Mendocino County, California",1406
"06045011600","Census Tract 116, Mendocino County, California",2730
"06045011700","Census Tract 117, Mendocino County, California",1637
"06045011800","Census Tract 118, Mendocino County, California",969
"06045990100","Census Tract 9901, Mendocino County, California",0
"06047000201","Census Tract 2.01, Merced County, California",1075
"06047000202","Census Tract 2.02, Merced County, California",538
"06047000204","Census Tract 2.04, Merced County, California",1268
"06047000205","Census Tract 2.05, Merced County, California",1135
"06047000301","Census Tract 3.01, Merced County, California",1347
"06047000303","Census Tract 3.03, Merced County, California",648
"06047000305","Census Tract 3.05, Merced County, California",1589
"06047000306","Census Tract 3.06, Merced County, California",1037
"06047000401","Census Tract 4.01, Merced County, California",546
"06047000403","Census Tract 4.03, Merced County, California",1347
"06047000404","Census Tract 4.04, Merced County, California",1501
"06047000503","Census Tract 5.03, Merced County, California",625
"06047000504","Census Tract 5.04, Merced County, California",1811
"06047000505","Census Tract 5.05, Merced County, California",1942
"06047000601","Census Tract 6.01, Merced County, California",1893
"06047000602","Census Tract 6.02, Merced County, California",1241
"06047000603","Census Tract 6.03, Merced County, California",2161
"06047000701","Census Tract 7.01, Merced County, California",1094
"06047000702","Census Tract 7.02, Merced County, California",1703
"06047000801","Census Tract 8.01, Merced County, California",1991
"06047000802","Census Tract 8.02, Merced County, California",1509
"06047000901","Census Tract 9.01, Merced County, California",1075
"06047000903","Census Tract 9.03, Merced County, California",1350
"06047000904","Census Tract 9.04, Merced County, California",1377
"06047001003","Census Tract 10.03, Merced County, California",1524
"06047001004","Census Tract 10.04, Merced County, California",1927
"06047001005","Census Tract 10.05, Merced County, California",960
"06047001006","Census Tract 10.06, Merced County, California",2225
"06047001007","Census Tract 10.07, Merced County, California",1327
"06047001008","Census Tract 10.08, Merced County, California",2190
"06047001101","Census Tract 11.01, Merced County, California",2211
"06047001200","Census Tract 12, Merced County, California",1984
"06047001301","Census Tract 13.01, Merced County, California",1374
"06047001302","Census Tract 13.02, Merced County, California",1312
"06047001401","Census Tract 14.01, Merced County, California",1517
"06047001402","Census Tract 14.02, Merced County, California",1711
"06047001501","Census Tract 15.01, Merced County, California",749
"06047001502","Census Tract 15.02, Merced County, California",799
"06047001503","Census Tract 15.03, Merced County, California",1334
"06047001601","Census Tract 16.01, Merced County, California",1167
"06047001603","Census Tract 16.03, Merced County, California",926
"06047001604","Census Tract 16.04, Merced County, California",1098
"06047001700","Census Tract 17, Merced County, California",2158
"06047001801","Census Tract 18.01, Merced County, California",1126
"06047001901","Census Tract 19.01, Merced County, California",1605
"06047001902","Census Tract 19.02, Merced County, California",808
"06047002001","Census Tract 20.01, Merced County, California",469
"06047002002","Census Tract 20.02, Merced County, California",2501
"06047002100","Census Tract 21, Merced County, California",1530
"06047002201","Census Tract 22.01, Merced County, California",2287
"06047002203","Census Tract 22.03, Merced County, California",1548
"06047002204","Census Tract 22.04, Merced County, California",1622
"06047002301","Census Tract 23.01, Merced County, California",2716
"06047002303","Census Tract 23.03, Merced County, California",1947
"06047002304","Census Tract 23.04, Merced County, California",764
"06047002305","Census Tract 23.05, Merced County, California",1594
"06047002306","Census Tract 23.06, Merced County, California",876
"06047002401","Census Tract 24.01, Merced County, California",619
"06047002403","Census Tract 24.03, Merced County, California",1083
"06047002404","Census Tract 24.04, Merced County, California",1545
"06047002500","Census Tract 25, Merced County, California",810
"06047002601","Census Tract 26.01, Merced County, California",645
"06047002602","Census Tract 26.02, Merced County, California",1392
"06049000100","Census Tract 1, Modoc County, California",1669
"06049000200","Census Tract 2, Modoc County, California",874
"06049000300","Census Tract 3, Modoc County, California",1474
"06049000400","Census Tract 4, Modoc County, California",735
"06051000101","Census Tract 1.01, Mono County, California",2493
"06051000102","Census Tract 1.02, Mono County, California",1761
"06051000201","Census Tract 2.01, Mono County, California",2914
"06051000202","Census Tract 2.02, Mono County, California",6421
"06053000101","Census Tract 1.01, Monterey County, California",641
"06053000103","Census Tract 1.03, Monterey County, California",1482
"06053000104","Census Tract 1.04, Monterey County, California",1003
"06053000105","Census Tract 1.05, Monterey County, California",883
"06053000106","Census Tract 1.06, Monterey County, California",1480
"06053000200","Census Tract 2, Monterey County, California",1824
"06053000300","Census Tract 3, Monterey County, California",1360
"06053000400","Census Tract 4, Monterey County, California",2512
"06053000501","Census Tract 5.01, Monterey County, California",1166
"06053000502","Census Tract 5.02, Monterey County, California",1070
"06053000600","Census Tract 6, Monterey County, California",1493
"06053000701","Census Tract 7.01, Monterey County, California",1343
"06053000702","Census Tract 7.02, Monterey County, California",1315
"06053000800","Census Tract 8, Monterey County, California",1265
"06053000900","Census Tract 9, Monterey County, California",1370
"06053001200","Census Tract 12, Monterey County, California",1337
"06053001300","Census Tract 13, Monterey County, California",1113
"06053001400","Census Tract 14, Monterey County, California",1123
"06053001500","Census Tract 15, Monterey County, California",2640
"06053001600","Census Tract 16, Monterey County, California",1022
"06053001700","Census Tract 17, Monterey County, California",1416
"06053001801","Census Tract 18.01, Monterey County, California",1243
"06053001802","Census Tract 18.02, Monterey County, California",1877
"06053010101","Census Tract 101.01, Monterey County, California",1071
"06053010102","Census Tract 101.02, Monterey County, California",1059
"06053010202","Census Tract 102.02, Monterey County, California",1341
"06053010305","Census Tract 103.05, Monterey County, California",1653
"06053010306","Census Tract 103.06, Monterey County, California",590
"06053010400","Census Tract 104, Monterey County, California",1732
"06053010501","Census Tract 105.01, Monterey County, California",2243
"06053010504","Census Tract 105.04, Monterey County, California",1582
"06053010505","Census Tract 105.05, Monterey County, California",1592
"06053010506","Census Tract 105.06, Monterey County, California",1474
"06053010603","Census Tract 106.03, Monterey County, California",2219
"06053010604","Census Tract 106.04, Monterey County, California",1371
"06053010605","Census Tract 106.05, Monterey County, California",1021
"06053010606","Census Tract 106.06, Monterey County, California",1937
"06053010607","Census Tract 106.07, Monterey County, California",904
"06053010608","Census Tract 106.08, Monterey County, California",608
"06053010702","Census Tract 107.02, Monterey County, California",1696
"06053010804","Census Tract 108.04, Monterey County, California",1357
"06053010900","Census Tract 109, Monterey County, California",32
"06053011001","Census Tract 110.01, Monterey County, California",1723
"06053011002","Census Tract 110.02, Monterey County, California",1384
"06053011101","Census Tract 111.01, Monterey County, California",337
"06053011103","Census Tract 111.03, Monterey County, California",1089
"06053011104","Census Tract 111.04, Monterey County, California",1208
"06053011105","Census Tract 111.05, Monterey County, California",1750
"06053011106","Census Tract 111.06, Monterey County, California",514
"06053011202","Census Tract 112.02, Monterey County, California",1654
"06053011203","Census Tract 112.03, Monterey County, California",1718
"06053011204","Census Tract 112.04, Monterey County, California",1075
"06053011302","Census Tract 113.02, Monterey County, California",1527
"06053011303","Census Tract 113.03, Monterey County, California",1317
"06053011305","Census Tract 113.05, Monterey County, California",1042
"06053011306","Census Tract 113.06, Monterey County, California",754
"06053011400","Census Tract 114, Monterey County, California",1446
"06053011502","Census Tract 115.02, Monterey County, California",887
"06053011604","Census Tract 116.04, Monterey County, California",1336
"06053011605","Census Tract 116.05, Monterey County, California",1696
"06053011606","Census Tract 116.06, Monterey County, California",1164
"06053011700","Census Tract 117, Monterey County, California",2272
"06053011801","Census Tract 118.01, Monterey County, California",1381
"06053011802","Census Tract 118.02, Monterey County, California",1675
"06053011901","Census Tract 119.01, Monterey County, California",1490
"06053011902","Census Tract 119.02, Monterey County, California",1223
"06053012000","Census Tract 120, Monterey County, California",1527
"06053012100","Census Tract 121, Monterey County, California",972
"06053012200","Census Tract 122, Monterey County, California",1430
"06053012302","Census Tract 123.02, Monterey County, California",1108
"06053012401","Census Tract 124.01, Monterey County, California",1284
"06053012402","Census Tract 124.02, Monterey County, California",1800
"06053012503","Census Tract 125.03, Monterey County, California",1335
"06053012504","Census Tract 125.04, Monterey County, California",1528
"06053012601","Census Tract 126.01, Monterey County, California",117
"06053012700","Census Tract 127, Monterey County, California",1936
"06053012800","Census Tract 128, Monterey County, California",2690
"06053013000","Census Tract 130, Monterey County, California",2052
"06053013100","Census Tract 131, Monterey County, California",659
"06053013200","Census Tract 132, Monterey County, California",1891
"06053013300","Census Tract 133, Monterey County, California",2933
"06053013400","Census Tract 134, Monterey County, California",734
"06053013500","Census Tract 135, Monterey County, California",1770
"06053013600","Census Tract 136, Monterey County, California",1474
"06053013700","Census Tract 137, Monterey County, California",1435
"06053013800","Census Tract 138, Monterey County, California",1688
"06053013900","Census Tract 139, Monterey County, California",946
"06053014000","Census Tract 140, Monterey County, California",991
"06053014102","Census Tract 141.02, Monterey County, California",1389
"06053014104","Census Tract 141.04, Monterey County, California",22
"06053014105","Census Tract 141.05, Monterey County, California",1585
"06053014108","Census Tract 141.08, Monterey County, California",1833
"06053014109","Census Tract 141.09, Monterey County, California",1393
"06053014110","Census Tract 141.10, Monterey County, California",2590
"06053014201","Census Tract 142.01, Monterey County, California",1815
"06053014202","Census Tract 142.02, Monterey County, California",1683
"06053014301","Census Tract 143.01, Monterey County, California",1477
"06053014302","Census Tract 143.02, Monterey County, California",1661
"06053014500","Census Tract 145, Monterey County, California",1714
"06053014601","Census Tract 146.01, Monterey County, California",1353
"06053014700","Census Tract 147, Monterey County, California",2202
"06053014800","Census Tract 148, Monterey County, California",1488
"06053980000","Census Tract 9800, Monterey County, California",4
"06053990000","Census Tract 9900, Monterey County, California",0
"06055200201","Census Tract 2002.01, Napa County, California",1383
"06055200202","Census Tract 2002.02, Napa County, California",1211
"06055200203","Census Tract 2002.03, Napa County, California",871
"06055200301","Census Tract 2003.01, Napa County, California",2199
"06055200302","Census Tract 2003.02, Napa County, California",974
"06055200400","Census Tract 2004, Napa County, California",1685
"06055200501","Census Tract 2005.01, Napa County, California",1821
"06055200503","Census Tract 2005.03, Napa County, California",766
"06055200504","Census Tract 2005.04, Napa County, California",2472
"06055200505","Census Tract 2005.05, Napa County, California",1085
"06055200601","Census Tract 2006.01, Napa County, California",1713
"06055200602","Census Tract 2006.02, Napa County, California",1977
"06055200703","Census Tract 2007.03, Napa County, California",1248
"06055200704","Census Tract 2007.04, Napa County, California",1723
"06055200705","Census Tract 2007.05, Napa County, California",1153
"06055200706","Census Tract 2007.06, Napa County, California",1168
"06055200707","Census Tract 2007.07, Napa County, California",1453
"06055200802","Census Tract 2008.02, Napa County, California",2387
"06055200803","Census Tract 2008.03, Napa County, California",901
"06055200804","Census Tract 2008.04, Napa County, California",1668
"06055200900","Census Tract 2009, Napa County, California",26
"06055201003","Census Tract 2010.03, Napa County, California",1636
"06055201004","Census Tract 2010.04, Napa County, California",2029
"06055201005","Census Tract 2010.05, Napa County, California",781
"06055201006","Census Tract 2010.06, Napa County, California",1001
"06055201007","Census Tract 2010.07, Napa County, California",1176
"06055201101","Census Tract 2011.01, Napa County, California",825
"06055201102","Census Tract 2011.02, Napa County, California",941
"06055201200","Census Tract 2012, Napa County, California",2209
"06055201300","Census Tract 2013, Napa County, California",1348
"06055201401","Census Tract 2014.01, Napa County, California",2053
"06055201402","Census Tract 2014.02, Napa County, California",1256
"06055201403","Census Tract 2014.03, Napa County, California",363
"06055201500","Census Tract 2015, Napa County, California",1060
"06055201601","Census Tract 2016.01, Napa County, California",1085
"06055201602","Census Tract 2016.02, Napa County, California",1727
"06055201700","Census Tract 2017, Napa County, California",2075
"06055201800","Census Tract 2018, Napa County, California",919
"06055201900","Census Tract 2019, Napa County, California",688
"06055202000","Census Tract 2020, Napa County, California",2392
"06057000102","Census Tract 1.02, Nevada County, California",2969
"06057000104","Census Tract 1.04, Nevada County, California",1717
"06057000105","Census Tract 1.05, Nevada County, California",1223
"06057000106","Census Tract 1.06, Nevada County, California",809
"06057000107","Census Tract 1.07, Nevada County, California",2763
"06057000200","Census Tract 2, Nevada County, California",1193
"06057000300","Census Tract 3, Nevada County, California",1080
"06057000401","Census Tract 4.01, Nevada County, California",3006
"06057000403","Census Tract 4.03, Nevada County, California",804
"06057000404","Census Tract 4.04, Nevada County, California",2289
"06057000502","Census Tract 5.02, Nevada County, California",2333
"06057000503","Census Tract 5.03, Nevada County, California",542
"06057000504","Census Tract 5.04, Nevada County, California",2404
"06057000601","Census Tract 6.01, Nevada County, California",821
"06057000602","Census Tract 6.02, Nevada County, California",2415
"06057000701","Census Tract 7.01, Nevada County, California",3518
"06057000702","Census Tract 7.02, Nevada County, California",1867
"06057000801","Census Tract 8.01, Nevada County, California",2521
"06057000802","Census Tract 8.02, Nevada County, California",3266
"06057000900","Census Tract 9, Nevada County, California",2568
"06057001205","Census Tract 12.05, Nevada County, California",2184
"06057001207","Census Tract 12.07, Nevada County, California",2611
"06057001208","Census Tract 12.08, Nevada County, California",2499
"06057001209","Census Tract 12.09, Nevada County, California",2132
"06057001210","Census Tract 12.10, Nevada County, California",2925
"06057001211","Census Tract 12.11, Nevada County, California",1168
"06059001101","Census Tract 11.01, Orange County, California",1489
"06059001102","Census Tract 11.02, Orange County, California",1138
"06059001103","Census Tract 11.03, Orange County, California",1535
"06059001201","Census Tract 12.01, Orange County, California",1491
"06059001202","Census Tract 12.02, Orange County, California",1103
"06059001301","Census Tract 13.01, Orange County, California",3020
"06059001303","Census Tract 13.03, Orange County, California",1935
"06059001304","Census Tract 13.04, Orange County, California",1190
"06059001401","Census Tract 14.01, Orange County, California",1682
"06059001402","Census Tract 14.02, Orange County, California",1604
"06059001403","Census Tract 14.03, Orange County, California",1094
"06059001404","Census Tract 14.04, Orange County, California",1053
"06059001501","Census Tract 15.01, Orange County, California",2510
"06059001503","Census Tract 15.03, Orange County, California",1857
"06059001504","Census Tract 15.04, Orange County, California",2086
"06059001505","Census Tract 15.05, Orange County, California",2541
"06059001506","Census Tract 15.06, Orange County, California",1728
"06059001507","Census Tract 15.07, Orange County, California",2288
"06059001602","Census Tract 16.02, Orange County, California",1896
"06059001603","Census Tract 16.03, Orange County, California",1567
"06059001604","Census Tract 16.04, Orange County, California",1397
"06059001704","Census Tract 17.04, Orange County, California",2654
"06059001705","Census Tract 17.05, Orange County, California",1515
"06059001706","Census Tract 17.06, Orange County, California",1502
"06059001708","Census Tract 17.08, Orange County, California",1327
"06059001709","Census Tract 17.09, Orange County, California",937
"06059001710","Census Tract 17.10, Orange County, California",1637
"06059001801","Census Tract 18.01, Orange County, California",1619
"06059001802","Census Tract 18.02, Orange County, California",2249
"06059001901","Census Tract 19.01, Orange County, California",807
"06059001902","Census Tract 19.02, Orange County, California",805
"06059001903","Census Tract 19.03, Orange County, California",948
"06059011000","Census Tract 110, Orange County, California",2527
"06059011101","Census Tract 111.01, Orange County, California",1353
"06059011102","Census Tract 111.02, Orange County, California",1249
"06059011200","Census Tract 112, Orange County, California",1834
"06059011300","Census Tract 113, Orange County, California",2493
"06059011401","Census Tract 114.01, Orange County, California",788
"06059011402","Census Tract 114.02, Orange County, California",878
"06059011403","Census Tract 114.03, Orange County, California",2050
"06059011502","Census Tract 115.02, Orange County, California",1487
"06059011503","Census Tract 115.03, Orange County, California",579
"06059011504","Census Tract 115.04, Orange County, California",2706
"06059011601","Census Tract 116.01, Orange County, California",2408
"06059011602","Census Tract 116.02, Orange County, California",2119
"06059011707","Census Tract 117.07, Orange County, California",2510
"06059011708","Census Tract 117.08, Orange County, California",2128
"06059011709","Census Tract 117.09, Orange County, California",1486
"06059011710","Census Tract 117.10, Orange County, California",1248
"06059011711","Census Tract 117.11, Orange County, California",2881
"06059011712","Census Tract 117.12, Orange County, California",1611
"06059011714","Census Tract 117.14, Orange County, California",440
"06059011715","Census Tract 117.15, Orange County, California",2551
"06059011716","Census Tract 117.16, Orange County, California",1656
"06059011717","Census Tract 117.17, Orange County, California",974
"06059011718","Census Tract 117.18, Orange County, California",1115
"06059011720","Census Tract 117.20, Orange County, California",1526
"06059011721","Census Tract 117.21, Orange County, California",1607
"06059011722","Census Tract 117.22, Orange County, California",1078
"06059021802","Census Tract 218.02, Orange County, California",2776
"06059021807","Census Tract 218.07, Orange County, California",1370
"06059021809","Census Tract 218.09, Orange County, California",1123
"06059021810","Census Tract 218.10, Orange County, California",1220
"06059021812","Census Tract 218.12, Orange County, California",2250
"06059021813","Census Tract 218.13, Orange County, California",58
"06059021814","Census Tract 218.14, Orange County, California",2890
"06059021816","Census Tract 218.16, Orange County, California",1773
"06059021817","Census Tract 218.17, Orange County, California",1281
"06059021820","Census Tract 218.20, Orange County, California",1415
"06059021821","Census Tract 218.21, Orange County, California",2608
"06059021822","Census Tract 218.22, Orange County, California",3232
"06059021823","Census Tract 218.23, Orange County, California",1336
"06059021824","Census Tract 218.24, Orange County, California",871
"06059021825","Census Tract 218.25, Orange County, California",1124
"06059021826","Census Tract 218.26, Orange County, California",1105
"06059021827","Census Tract 218.27, Orange County, California",1100
"06059021828","Census Tract 218.28, Orange County, California",1329
"06059021829","Census Tract 218.29, Orange County, California",1796
"06059021830","Census Tract 218.30, Orange County, California",2039
"06059021831","Census Tract 218.31, Orange County, California",2505
"06059021832","Census Tract 218.32, Orange County, California",2240
"06059021903","Census Tract 219.03, Orange County, California",1329
"06059021905","Census Tract 219.05, Orange County, California",1897
"06059021912","Census Tract 219.12, Orange County, California",1534
"06059021913","Census Tract 219.13, Orange County, California",1995
"06059021914","Census Tract 219.14, Orange County, California",1451
"06059021915","Census Tract 219.15, Orange County, California",1483
"06059021916","Census Tract 219.16, Orange County, California",1452
"06059021917","Census Tract 219.17, Orange County, California",1211
"06059021918","Census Tract 219.18, Orange County, California",1840
"06059021919","Census Tract 219.19, Orange County, California",1108
"06059021920","Census Tract 219.20, Orange County, California",2599
"06059021921","Census Tract 219.21, Orange County, California",1438
"06059021922","Census Tract 219.22, Orange County, California",2348
"06059021923","Census Tract 219.23, Orange County, California",2410
"06059021924","Census Tract 219.24, Orange County, California",1630
"06059032002","Census Tract 320.02, Orange County, California",2081
"06059032003","Census Tract 320.03, Orange County, California",1581
"06059032011","Census Tract 320.11, Orange County, California",715
"06059032012","Census Tract 320.12, Orange County, California",1293
"06059032013","Census Tract 320.13, Orange County, California",2204
"06059032014","Census Tract 320.14, Orange County, California",1964
"06059032015","Census Tract 320.15, Orange County, California",2070
"06059032020","Census Tract 320.20, Orange County, California",1912
"06059032022","Census Tract 320.22, Orange County, California",2420
"06059032027","Census Tract 320.27, Orange County, California",2072
"06059032028","Census Tract 320.28, Orange County, California",1475
"06059032029","Census Tract 320.29, Orange County, California",1473
"06059032030","Census Tract 320.30, Orange County, California",1272
"06059032031","Census Tract 320.31, Orange County, California",1176
"06059032032","Census Tract 320.32, Orange County, California",1038
"06059032033","Census Tract 320.33, Orange County, California",1499
"06059032034","Census Tract 320.34, Orange County, California",1852
"06059032035","Census Tract 320.35, Orange County, California",1068
"06059032036","Census Tract 320.36, Orange County, California",1289
"06059032037","Census Tract 320.37, Orange County, California",2619
"06059032038","Census Tract 320.38, Orange County, California",2156
"06059032039","Census Tract 320.39, Orange County, California",2251
"06059032040","Census Tract 320.40, Orange County, California",905
"06059032041","Census Tract 320.41, Orange County, California",376
"06059032042","Census Tract 320.42, Orange County, California",1864
"06059032043","Census Tract 320.43, Orange County, California",1255
"06059032044","Census Tract 320.44, Orange County, California",2034
"06059032045","Census Tract 320.45, Orange County, California",1008
"06059032046","Census Tract 320.46, Orange County, California",1950
"06059032047","Census Tract 320.47, Orange County, California",2059
"06059032048","Census Tract 320.48, Orange County, California",2254
"06059032049","Census Tract 320.49, Orange County, California",3298
"06059032050","Census Tract 320.50, Orange County, California",1756
"06059032051","Census Tract 320.51, Orange County, California",2033
"06059032053","Census Tract 320.53, Orange County, California",3130
"06059032054","Census Tract 320.54, Orange County, California",2467
"06059032055","Census Tract 320.55, Orange County, California",1442
"06059032057","Census Tract 320.57, Orange County, California",2423
"06059032058","Census Tract 320.58, Orange County, California",2281
"06059032059","Census Tract 320.59, Orange County, California",3040
"06059032061","Census Tract 320.61, Orange County, California",2391
"06059032062","Census Tract 320.62, Orange County, California",1370
"06059032063","Census Tract 320.63, Orange County, California",2496
"06059032064","Census Tract 320.64, Orange County, California",1079
"06059032065","Census Tract 320.65, Orange County, California",1857
"06059032066","Census Tract 320.66, Orange County, California",3403
"06059042106","Census Tract 421.06, Orange County, California",1125
"06059042107","Census Tract 421.07, Orange County, California",1551
"06059042108","Census Tract 421.08, Orange County, California",3154
"06059042109","Census Tract 421.09, Orange County, California",2234
"06059042111","Census Tract 421.11, Orange County, California",2198
"06059042112","Census Tract 421.12, Orange County, California",2341
"06059042113","Census Tract 421.13, Orange County, California",1931
"06059042114","Census Tract 421.14, Orange County, California",1720
"06059042115","Census Tract 421.15, Orange County, California",587
"06059042116","Census Tract 421.16, Orange County, California",2807
"06059042201","Census Tract 422.01, Orange County, California",2749
"06059042203","Census Tract 422.03, Orange County, California",3551
"06059042205","Census Tract 422.05, Orange County, California",2444
"06059042206","Census Tract 422.06, Orange County, California",1550
"06059042305","Census Tract 423.05, Orange County, California",1964
"06059042307","Census Tract 423.07, Orange County, California",2316
"06059042311","Census Tract 423.11, Orange County, California",2298
"06059042312","Census Tract 423.12, Orange County, California",2303
"06059042313","Census Tract 423.13, Orange County, California",3146
"06059042315","Census Tract 423.15, Orange County, California",2513
"06059042317","Census Tract 423.17, Orange County, California",1553
"06059042319","Census Tract 423.19, Orange County, California",1148
"06059042320","Census Tract 423.20, Orange County, California",2649
"06059042323","Census Tract 423.23, Orange County, California",2890
"06059042324","Census Tract 423.24, Orange County, California",2381
"06059042325","Census Tract 423.25, Orange County, California",1541
"06059042326","Census Tract 423.26, Orange County, California",1825
"06059042327","Census Tract 423.27, Orange County, California",1729
"06059042328","Census Tract 423.28, Orange County, California",830
"06059042329","Census Tract 423.29, Orange County, California",1588
"06059042330","Census Tract 423.30, Orange County, California",2214
"06059042331","Census Tract 423.31, Orange County, California",2164
"06059042332","Census Tract 423.32, Orange County, California",2308
"06059042333","Census Tract 423.33, Orange County, California",2567
"06059042334","Census Tract 423.34, Orange County, California",2257
"06059042335","Census Tract 423.35, Orange County, California",2568
"06059042336","Census Tract 423.36, Orange County, California",1575
"06059042337","Census Tract 423.37, Orange County, California",1381
"06059042338","Census Tract 423.38, Orange County, California",2075
"06059042339","Census Tract 423.39, Orange County, California",1535
"06059042340","Census Tract 423.40, Orange County, California",692
"06059042341","Census Tract 423.41, Orange County, California",2533
"06059052408","Census Tract 524.08, Orange County, California",2170
"06059052410","Census Tract 524.10, Orange County, California",2143
"06059052411","Census Tract 524.11, Orange County, California",1350
"06059052415","Census Tract 524.15, Orange County, California",1301
"06059052416","Census Tract 524.16, Orange County, California",1275
"06059052417","Census Tract 524.17, Orange County, California",2442
"06059052419","Census Tract 524.19, Orange County, California",1148
"06059052421","Census Tract 524.21, Orange County, California",3570
"06059052422","Census Tract 524.22, Orange County, California",4154
"06059052423","Census Tract 524.23, Orange County, California",2429
"06059052424","Census Tract 524.24, Orange County, California",1884
"06059052425","Census Tract 524.25, Orange County, California",2345
"06059052427","Census Tract 524.27, Orange County, California",1743
"06059052428","Census Tract 524.28, Orange County, California",2722
"06059052429","Census Tract 524.29, Orange County, California",3354
"06059052430","Census Tract 524.30, Orange County, California",5401
"06059052431","Census Tract 524.31, Orange County, California",1662
"06059052432","Census Tract 524.32, Orange County, California",3517
"06059052433","Census Tract 524.33, Orange County, California",6165
"06059052434","Census Tract 524.34, Orange County, California",2291
"06059052435","Census Tract 524.35, Orange County, California",2366
"06059052436","Census Tract 524.36, Orange County, California",1929
"06059052437","Census Tract 524.37, Orange County, California",2804
"06059052438","Census Tract 524.38, Orange County, California",2877
"06059052439","Census Tract 524.39, Orange County, California",4013
"06059052502","Census Tract 525.02, Orange County, California",2061
"06059052505","Census Tract 525.05, Orange County, California",1967
"06059052506","Census Tract 525.06, Orange County, California",835
"06059052511","Census Tract 525.11, Orange County, California",2361
"06059052513","Census Tract 525.13, Orange County, California",2315
"06059052514","Census Tract 525.14, Orange County, California",2130
"06059052518","Census Tract 525.18, Orange County, California",4355
"06059052519","Census Tract 525.19, Orange County, California",1626
"06059052520","Census Tract 525.20, Orange County, California",1336
"06059052521","Census Tract 525.21, Orange County, California",2260
"06059052522","Census Tract 525.22, Orange County, California",1450
"06059052523","Census Tract 525.23, Orange County, California",1556
"06059052524","Census Tract 525.24, Orange County, California",3002
"06059052526","Census Tract 525.26, Orange County, California",1368
"06059052527","Census Tract 525.27, Orange County, California",2753
"06059052528","Census Tract 525.28, Orange County, California",1252
"06059052529","Census Tract 525.29, Orange County, California",1037
"06059052530","Census Tract 525.30, Orange County, California",2186
"06059052531","Census Tract 525.31, Orange County, California",1532
"06059052532","Census Tract 525.32, Orange County, California",2745
"06059052533","Census Tract 525.33, Orange County, California",2494
"06059052534","Census Tract 525.34, Orange County, California",1116
"06059052535","Census Tract 525.35, Orange County, California",2076
"06059062605","Census Tract 626.05, Orange County, California",2153
"06059062610","Census Tract 626.10, Orange County, California",8093
"06059062611","Census Tract 626.11, Orange County, California",1784
"06059062614","Census Tract 626.14, Orange County, California",4960
"06059062619","Census Tract 626.19, Orange County, California",1993
"06059062620","Census Tract 626.20, Orange County, California",2692
"06059062622","Census Tract 626.22, Orange County, California",3024
"06059062625","Census Tract 626.25, Orange County, California",2238
"06059062626","Census Tract 626.26, Orange County, California",1184
"06059062627","Census Tract 626.27, Orange County, California",1612
"06059062628","Census Tract 626.28, Orange County, California",999
"06059062629","Census Tract 626.29, Orange County, California",922
"06059062630","Census Tract 626.30, Orange County, California",747
"06059062631","Census Tract 626.31, Orange County, California",1258
"06059062632","Census Tract 626.32, Orange County, California",2230
"06059062633","Census Tract 626.33, Orange County, California",1919
"06059062634","Census Tract 626.34, Orange County, California",2068
"06059062635","Census Tract 626.35, Orange County, California",1681
"06059062636","Census Tract 626.36, Orange County, California",1518
"06059062637","Census Tract 626.37, Orange County, California",2776
"06059062638","Census Tract 626.38, Orange County, California",2537
"06059062639","Census Tract 626.39, Orange County, California",2984
"06059062640","Census Tract 626.40, Orange County, California",1697
"06059062641","Census Tract 626.41, Orange County, California",2087
"06059062642","Census Tract 626.42, Orange County, California",1369
"06059062643","Census Tract 626.43, Orange County, California",3118
"06059062645","Census Tract 626.45, Orange County, California",2659
"06059062646","Census Tract 626.46, Orange County, California",2891
"06059062647","Census Tract 626.47, Orange County, California",2839
"06059062648","Census Tract 626.48, Orange County, California",2486
"06059062649","Census Tract 626.49, Orange County, California",2192
"06059062650","Census Tract 626.50, Orange County, California",1710
"06059062651","Census Tract 626.51, Orange County, California",1187
"06059062652","Census Tract 626.52, Orange County, California",1924
"06059062653","Census Tract 626.53, Orange County, California",3769
"06059062654","Census Tract 626.54, Orange County, California",2642
"06059062655","Census Tract 626.55, Orange County, California",2051
"06059062656","Census Tract 626.56, Orange County, California",1981
"06059062657","Census Tract 626.57, Orange County, California",1339
"06059062658","Census Tract 626.58, Orange County, California",2140
"06059062701","Census Tract 627.01, Orange County, California",1613
"06059062702","Census Tract 627.02, Orange County, California",2712
"06059062800","Census Tract 628, Orange County, California",2767
"06059062900","Census Tract 629, Orange County, California",934
"06059063004","Census Tract 630.04, Orange County, California",3400
"06059063005","Census Tract 630.05, Orange County, California",959
"06059063006","Census Tract 630.06, Orange County, California",2035
"06059063007","Census Tract 630.07, Orange County, California",3169
"06059063008","Census Tract 630.08, Orange County, California",1646
"06059063009","Census Tract 630.09, Orange County, California",753
"06059063010","Census Tract 630.10, Orange County, California",3172
"06059063101","Census Tract 631.01, Orange County, California",1261
"06059063102","Census Tract 631.02, Orange County, California",2939
"06059063103","Census Tract 631.03, Orange County, California",1097
"06059063201","Census Tract 632.01, Orange County, California",1691
"06059063202","Census Tract 632.02, Orange County, California",1594
"06059063301","Census Tract 633.01, Orange County, California",1491
"06059063302","Census Tract 633.02, Orange County, California",1728
"06059063400","Census Tract 634, Orange County, California",2183
"06059063500","Census Tract 635, Orange County, California",3477
"06059063601","Census Tract 636.01, Orange County, California",1488
"06059063603","Census Tract 636.03, Orange County, California",3290
"06059063604","Census Tract 636.04, Orange County, California",1728
"06059063605","Census Tract 636.05, Orange County, California",1788
"06059063701","Census Tract 637.01, Orange County, California",1781
"06059063702","Census Tract 637.02, Orange County, California",2325
"06059063802","Census Tract 638.02, Orange County, California",1091
"06059063803","Census Tract 638.03, Orange County, California",1660
"06059063805","Census Tract 638.05, Orange County, California",906
"06059063806","Census Tract 638.06, Orange County, California",1424
"06059063807","Census Tract 638.07, Orange County, California",2266
"06059063808","Census Tract 638.08, Orange County, California",1585
"06059063902","Census Tract 639.02, Orange County, California",2791
"06059063903","Census Tract 639.03, Orange County, California",1226
"06059063904","Census Tract 639.04, Orange County, California",1340
"06059063905","Census Tract 639.05, Orange County, California",1879
"06059063906","Census Tract 639.06, Orange County, California",2403
"06059063908","Census Tract 639.08, Orange County, California",2643
"06059063909","Census Tract 639.09, Orange County, California",1930
"06059063910","Census Tract 639.10, Orange County, California",1824
"06059074003","Census Tract 740.03, Orange County, California",1432
"06059074004","Census Tract 740.04, Orange County, California",2284
"06059074005","Census Tract 740.05, Orange County, California",1552
"06059074006","Census Tract 740.06, Orange County, California",1987
"06059074102","Census Tract 741.02, Orange County, California",1317
"06059074103","Census Tract 741.03, Orange County, California",904
"06059074106","Census Tract 741.06, Orange County, California",1948
"06059074107","Census Tract 741.07, Orange County, California",2703
"06059074108","Census Tract 741.08, Orange County, California",899
"06059074109","Census Tract 741.09, Orange County, California",666
"06059074110","Census Tract 741.10, Orange County, California",953
"06059074111","Census Tract 741.11, Orange County, California",1370
"06059074200","Census Tract 742, Orange County, California",1717
"06059074300","Census Tract 743, Orange County, California",795
"06059074403","Census Tract 744.03, Orange County, California",1309
"06059074405","Census Tract 744.05, Orange County, California",1698
"06059074406","Census Tract 744.06, Orange County, California",951
"06059074407","Census Tract 744.07, Orange County, California",1795
"06059074408","Census Tract 744.08, Orange County, California",1635
"06059074501","Census Tract 745.01, Orange County, California",1370
"06059074502","Census Tract 745.02, Orange County, California",1004
"06059074601","Census Tract 746.01, Orange County, California",1690
"06059074602","Census Tract 746.02, Orange County, California",1706
"06059074701","Census Tract 747.01, Orange County, California",1427
"06059074702","Census Tract 747.02, Orange County, California",1107
"06059074801","Census Tract 748.01, Orange County, California",1044
"06059074802","Census Tract 748.02, Orange County, California",1251
"06059074803","Census Tract 748.03, Orange County, California",1824
"06059074805","Census Tract 748.05, Orange County, California",1017
"06059074806","Census Tract 748.06, Orange County, California",903
"06059074901","Census Tract 749.01, Orange County, California",1915
"06059074902","Census Tract 749.02, Orange County, California",1191
"06059075002","Census Tract 750.02, Orange County, California",2433
"06059075003","Census Tract 750.03, Orange County, California",1760
"06059075004","Census Tract 750.04, Orange County, California",1317
"06059075100","Census Tract 751, Orange County, California",2044
"06059075201","Census Tract 752.01, Orange County, California",1114
"06059075202","Census Tract 752.02, Orange County, California",1123
"06059075301","Census Tract 753.01, Orange County, California",1611
"06059075302","Census Tract 753.02, Orange County, California",1131
"06059075303","Census Tract 753.03, Orange County, California",1283
"06059075401","Census Tract 754.01, Orange County, California",1271
"06059075403","Census Tract 754.03, Orange County, California",2809
"06059075404","Census Tract 754.04, Orange County, California",2170
"06059075405","Census Tract 754.05, Orange County, California",1009
"06059075504","Census Tract 755.04, Orange County, California",1598
"06059075505","Census Tract 755.05, Orange County, California",1539
"06059075506","Census Tract 755.06, Orange County, California",1200
"06059075507","Census Tract 755.07, Orange County, California",2018
"06059075512","Census Tract 755.12, Orange County, California",1196
"06059075513","Census Tract 755.13, Orange County, California",1544
"06059075514","Census Tract 755.14, Orange County, California",1190
"06059075516","Census Tract 755.16, Orange County, California",5960
"06059075517","Census Tract 755.17, Orange County, California",1977
"06059075518","Census Tract 755.18, Orange County, California",3360
"06059075603","Census Tract 756.03, Orange County, California",1420
"06059075604","Census Tract 756.04, Orange County, California",2773
"06059075605","Census Tract 756.05, Orange County, California",2185
"06059075606","Census Tract 756.06, Orange County, California",2256
"06059075607","Census Tract 756.07, Orange County, California",2972
"06059075701","Census Tract 757.01, Orange County, California",2191
"06059075702","Census Tract 757.02, Orange County, California",1168
"06059075703","Census Tract 757.03, Orange County, California",1384
"06059075805","Census Tract 758.05, Orange County, California",1382
"06059075806","Census Tract 758.06, Orange County, California",2184
"06059075807","Census Tract 758.07, Orange County, California",1269
"06059075808","Census Tract 758.08, Orange County, California",1156
"06059075809","Census Tract 758.09, Orange County, California",1101
"06059075810","Census Tract 758.10, Orange County, California",1020
"06059075811","Census Tract 758.11, Orange County, California",891
"06059075812","Census Tract 758.12, Orange County, California",1948
"06059075813","Census Tract 758.13, Orange County, California",1806
"06059075814","Census Tract 758.14, Orange County, California",1169
"06059075815","Census Tract 758.15, Orange County, California",1642
"06059075816","Census Tract 758.16, Orange County, California",1267
"06059075901","Census Tract 759.01, Orange County, California",1695
"06059075902","Census Tract 759.02, Orange County, California",2882
"06059076001","Census Tract 760.01, Orange County, California",2787
"06059076002","Census Tract 760.02, Orange County, California",1106
"06059076102","Census Tract 761.02, Orange County, California",2269
"06059076103","Census Tract 761.03, Orange County, California",2600
"06059076104","Census Tract 761.04, Orange County, California",3070
"06059076105","Census Tract 761.05, Orange County, California",1373
"06059076201","Census Tract 762.01, Orange County, California",2555
"06059076202","Census Tract 762.02, Orange County, California",2027
"06059076204","Census Tract 762.04, Orange County, California",1496
"06059076205","Census Tract 762.05, Orange County, California",1721
"06059076206","Census Tract 762.06, Orange County, California",1645
"06059076208","Census Tract 762.08, Orange County, California",1759
"06059086301","Census Tract 863.01, Orange County, California",1902
"06059086303","Census Tract 863.03, Orange County, California",5872
"06059086304","Census Tract 863.04, Orange County, California",1745
"06059086305","Census Tract 863.05, Orange County, California",1144
"06059086306","Census Tract 863.06, Orange County, California",1309
"06059086402","Census Tract 864.02, Orange County, California",1411
"06059086404","Census Tract 864.04, Orange County, California",1500
"06059086405","Census Tract 864.05, Orange County, California",1827
"06059086406","Census Tract 864.06, Orange County, California",1395
"06059086407","Census Tract 864.07, Orange County, California",2133
"06059086501","Census Tract 865.01, Orange County, California",1187
"06059086502","Census Tract 865.02, Orange County, California",1406
"06059086601","Census Tract 866.01, Orange County, California",2428
"06059086602","Census Tract 866.02, Orange County, California",1755
"06059086701","Census Tract 867.01, Orange County, California",2552
"06059086702","Census Tract 867.02, Orange County, California",1961
"06059086801","Census Tract 868.01, Orange County, California",1050
"06059086802","Census Tract 868.02, Orange County, California",1547
"06059086803","Census Tract 868.03, Orange County, California",2838
"06059086901","Census Tract 869.01, Orange County, California",2911
"06059086902","Census Tract 869.02, Orange County, California",1812
"06059086903","Census Tract 869.03, Orange County, California",2066
"06059087001","Census Tract 870.01, Orange County, California",1686
"06059087002","Census Tract 870.02, Orange County, California",2398
"06059087101","Census Tract 871.01, Orange County, California",1884
"06059087102","Census Tract 871.02, Orange County, California",1923
"06059087103","Census Tract 871.03, Orange County, California",2408
"06059087105","Census Tract 871.05, Orange County, California",1497
"06059087106","Census Tract 871.06, Orange County, California",1439
"06059087200","Census Tract 872, Orange County, California",2553
"06059087301","Census Tract 873.01, Orange County, California",1358
"06059087302","Census Tract 873.02, Orange County, California",2188
"06059087401","Census Tract 874.01, Orange County, California",1634
"06059087403","Census Tract 874.03, Orange County, California",733
"06059087404","Census Tract 874.04, Orange County, California",927
"06059087405","Census Tract 874.05, Orange County, California",1413
"06059087503","Census Tract 875.03, Orange County, California",1808
"06059087504","Census Tract 875.04, Orange County, California",1791
"06059087505","Census Tract 875.05, Orange County, California",1388
"06059087601","Census Tract 876.01, Orange County, California",1491
"06059087602","Census Tract 876.02, Orange County, California",2232
"06059087701","Census Tract 877.01, Orange County, California",1742
"06059087703","Census Tract 877.03, Orange County, California",1542
"06059087704","Census Tract 877.04, Orange County, California",1352
"06059087801","Census Tract 878.01, Orange County, California",1681
"06059087802","Census Tract 878.02, Orange County, California",2270
"06059087803","Census Tract 878.03, Orange County, California",1442
"06059087805","Census Tract 878.05, Orange County, California",1927
"06059087806","Census Tract 878.06, Orange County, California",1585
"06059087901","Census Tract 879.01, Orange County, California",1196
"06059087902","Census Tract 879.02, Orange County, California",1300
"06059088001","Census Tract 880.01, Orange County, California",1262
"06059088002","Census Tract 880.02, Orange County, California",1126
"06059088101","Census Tract 881.01, Orange County, California",683
"06059088104","Census Tract 881.04, Orange County, California",1521
"06059088105","Census Tract 881.05, Orange County, California",1079
"06059088106","Census Tract 881.06, Orange County, California",1732
"06059088107","Census Tract 881.07, Orange County, California",1734
"06059088201","Census Tract 882.01, Orange County, California",1100
"06059088202","Census Tract 882.02, Orange County, California",893
"06059088203","Census Tract 882.03, Orange County, California",1529
"06059088301","Census Tract 883.01, Orange County, California",1767
"06059088302","Census Tract 883.02, Orange County, California",1807
"06059088401","Census Tract 884.01, Orange County, California",1313
"06059088402","Census Tract 884.02, Orange County, California",1313
"06059088403","Census Tract 884.03, Orange County, California",1907
"06059088501","Census Tract 885.01, Orange County, California",1948
"06059088502","Census Tract 885.02, Orange County, California",1468
"06059088601","Census Tract 886.01, Orange County, California",2258
"06059088602","Census Tract 886.02, Orange County, California",1362
"06059088701","Census Tract 887.01, Orange County, California",2123
"06059088702","Census Tract 887.02, Orange County, California",1571
"06059088801","Census Tract 888.01, Orange County, California",2645
"06059088802","Census Tract 888.02, Orange County, California",1485
"06059088901","Census Tract 889.01, Orange County, California",1721
"06059088902","Census Tract 889.02, Orange County, California",1188
"06059088903","Census Tract 889.03, Orange County, California",2046
"06059088904","Census Tract 889.04, Orange County, California",1497
"06059088905","Census Tract 889.05, Orange County, California",1371
"06059089001","Census Tract 890.01, Orange County, California",1687
"06059089003","Census Tract 890.03, Orange County, California",889
"06059089004","Census Tract 890.04, Orange County, California",2218
"06059089102","Census Tract 891.02, Orange County, California",1623
"06059089104","Census Tract 891.04, Orange County, California",1370
"06059089105","Census Tract 891.05, Orange County, California",1330
"06059089106","Census Tract 891.06, Orange County, California",972
"06059089107","Census Tract 891.07, Orange County, California",1306
"06059099202","Census Tract 992.02, Orange County, California",2129
"06059099203","Census Tract 992.03, Orange County, California",1559
"06059099204","Census Tract 992.04, Orange County, California",1386
"06059099212","Census Tract 992.12, Orange County, California",1788
"06059099214","Census Tract 992.14, Orange County, California",1451
"06059099215","Census Tract 992.15, Orange County, California",1946
"06059099216","Census Tract 992.16, Orange County, California",1562
"06059099217","Census Tract 992.17, Orange County, California",904
"06059099220","Census Tract 992.20, Orange County, California",2593
"06059099222","Census Tract 992.22, Orange County, California",1658
"06059099223","Census Tract 992.23, Orange County, California",1739
"06059099224","Census Tract 992.24, Orange County, California",1114
"06059099225","Census Tract 992.25, Orange County, California",1050
"06059099226","Census Tract 992.26, Orange County, California",1140
"06059099227","Census Tract 992.27, Orange County, California",2161
"06059099229","Census Tract 992.29, Orange County, California",2659
"06059099230","Census Tract 992.30, Orange County, California",1536
"06059099231","Census Tract 992.31, Orange County, California",1815
"06059099232","Census Tract 992.32, Orange County, California",1978
"06059099233","Census Tract 992.33, Orange County, California",1078
"06059099234","Census Tract 992.34, Orange County, California",1241
"06059099235","Census Tract 992.35, Orange County, California",2325
"06059099237","Census Tract 992.37, Orange County, California",1256
"06059099238","Census Tract 992.38, Orange County, California",1394
"06059099239","Census Tract 992.39, Orange County, California",1379
"06059099240","Census Tract 992.40, Orange County, California",2192
"06059099241","Census Tract 992.41, Orange County, California",1982
"06059099242","Census Tract 992.42, Orange County, California",1136
"06059099243","Census Tract 992.43, Orange County, California",1861
"06059099244","Census Tract 992.44, Orange County, California",1952
"06059099245","Census Tract 992.45, Orange County, California",1098
"06059099246","Census Tract 992.46, Orange County, California",1242
"06059099247","Census Tract 992.47, Orange County, California",804
"06059099248","Census Tract 992.48, Orange County, California",1484
"06059099249","Census Tract 992.49, Orange County, California",861
"06059099250","Census Tract 992.50, Orange County, California",1093
"06059099251","Census Tract 992.51, Orange County, California",2248
"06059099305","Census Tract 993.05, Orange County, California",3185
"06059099306","Census Tract 993.06, Orange County, California",2859
"06059099307","Census Tract 993.07, Orange County, California",1396
"06059099308","Census Tract 993.08, Orange County, California",2219
"06059099309","Census Tract 993.09, Orange County, California",2459
"06059099310","Census Tract 993.10, Orange County, California",2211
"06059099311","Census Tract 993.11, Orange County, California",2137
"06059099402","Census Tract 994.02, Orange County, California",2158
"06059099404","Census Tract 994.04, Orange County, California",1781
"06059099405","Census Tract 994.05, Orange County, California",1709
"06059099406","Census Tract 994.06, Orange County, California",1720
"06059099407","Census Tract 994.07, Orange County, California",969
"06059099408","Census Tract 994.08, Orange County, California",1705
"06059099410","Census Tract 994.10, Orange County, California",2144
"06059099411","Census Tract 994.11, Orange County, California",2114
"06059099412","Census Tract 994.12, Orange County, California",1952
"06059099415","Census Tract 994.15, Orange County, California",1969
"06059099416","Census Tract 994.16, Orange County, California",2409
"06059099417","Census Tract 994.17, Orange County, California",2273
"06059099418","Census Tract 994.18, Orange County, California",2151
"06059099419","Census Tract 994.19, Orange County, California",1549
"06059099502","Census Tract 995.02, Orange County, California",191
"06059099504","Census Tract 995.04, Orange County, California",1039
"06059099506","Census Tract 995.06, Orange County, California",791
"06059099508","Census Tract 995.08, Orange County, California",2282
"06059099509","Census Tract 995.09, Orange County, California",2954
"06059099510","Census Tract 995.10, Orange County, California",3668
"06059099511","Census Tract 995.11, Orange County, California",1995
"06059099512","Census Tract 995.12, Orange County, California",1760
"06059099513","Census Tract 995.13, Orange County, California",1240
"06059099514","Census Tract 995.14, Orange County, California",2425
"06059099601","Census Tract 996.01, Orange County, California",1980
"06059099602","Census Tract 996.02, Orange County, California",1166
"06059099603","Census Tract 996.03, Orange County, California",2410
"06059099604","Census Tract 996.04, Orange County, California",1217
"06059099605","Census Tract 996.05, Orange County, California",2172
"06059099701","Census Tract 997.01, Orange County, California",1800
"06059099702","Census Tract 997.02, Orange County, California",2393
"06059099703","Census Tract 997.03, Orange County, California",2185
"06059099801","Census Tract 998.01, Orange County, California",1633
"06059099802","Census Tract 998.02, Orange County, California",1878
"06059099803","Census Tract 998.03, Orange County, California",1760
"06059099902","Census Tract 999.02, Orange County, California",1359
"06059099903","Census Tract 999.03, Orange County, California",1500
"06059099904","Census Tract 999.04, Orange County, California",1899
"06059099905","Census Tract 999.05, Orange County, California",1332
"06059099906","Census Tract 999.06, Orange County, California",1678
"06059110001","Census Tract 1100.01, Orange County, California",1547
"06059110003","Census Tract 1100.03, Orange County, California",1140
"06059110004","Census Tract 1100.04, Orange County, California",1690
"06059110005","Census Tract 1100.05, Orange County, California",1148
"06059110006","Census Tract 1100.06, Orange County, California",1102
"06059110007","Census Tract 1100.07, Orange County, California",1690
"06059110008","Census Tract 1100.08, Orange County, California",1734
"06059110010","Census Tract 1100.10, Orange County, California",1425
"06059110011","Census Tract 1100.11, Orange County, California",1115
"06059110012","Census Tract 1100.12, Orange County, California",1969
"06059110014","Census Tract 1100.14, Orange County, California",1937
"06059110015","Census Tract 1100.15, Orange County, California",1233
"06059110102","Census Tract 1101.02, Orange County, California",1880
"06059110104","Census Tract 1101.04, Orange County, California",2066
"06059110106","Census Tract 1101.06, Orange County, California",1248
"06059110108","Census Tract 1101.08, Orange County, California",1094
"06059110109","Census Tract 1101.09, Orange County, California",1819
"06059110110","Census Tract 1101.10, Orange County, California",1937
"06059110111","Census Tract 1101.11, Orange County, California",2162
"06059110113","Census Tract 1101.13, Orange County, California",985
"06059110114","Census Tract 1101.14, Orange County, California",1521
"06059110115","Census Tract 1101.15, Orange County, California",1222
"06059110116","Census Tract 1101.16, Orange County, California",1559
"06059110117","Census Tract 1101.17, Orange County, California",2146
"06059110118","Census Tract 1101.18, Orange County, California",767
"06059110201","Census Tract 1102.01, Orange County, California",2755
"06059110202","Census Tract 1102.02, Orange County, California",2569
"06059110203","Census Tract 1102.03, Orange County, California",1851
"06059110301","Census Tract 1103.01, Orange County, California",2278
"06059110302","Census Tract 1103.02, Orange County, California",1684
"06059110303","Census Tract 1103.03, Orange County, California",1572
"06059110304","Census Tract 1103.04, Orange County, California",1401
"06059110401","Census Tract 1104.01, Orange County, California",1685
"06059110402","Census Tract 1104.02, Orange County, California",1429
"06059110500","Census Tract 1105, Orange County, California",2578
"06059110603","Census Tract 1106.03, Orange County, California",2596
"06059110604","Census Tract 1106.04, Orange County, California",2737
"06059110605","Census Tract 1106.05, Orange County, California",2286
"06059110606","Census Tract 1106.06, Orange County, California",1452
"06059110607","Census Tract 1106.07, Orange County, California",1524
"06059980000","Census Tract 9800, Orange County, California",11
"06059990100","Census Tract 9901, Orange County, California",0
"06061020104","Census Tract 201.04, Placer County, California",1979
"06061020105","Census Tract 201.05, Placer County, California",1964
"06061020106","Census Tract 201.06, Placer County, California",1967
"06061020107","Census Tract 201.07, Placer County, California",1957
"06061020200","Census Tract 202, Placer County, California",2849
"06061020300","Census Tract 203, Placer County, California",2326
"06061020401","Census Tract 204.01, Placer County, California",1078
"06061020402","Census Tract 204.02, Placer County, California",1588
"06061020501","Census Tract 205.01, Placer County, California",1173
"06061020502","Census Tract 205.02, Placer County, California",1870
"06061020601","Census Tract 206.01, Placer County, California",2730
"06061020604","Census Tract 206.04, Placer County, California",2177
"06061020605","Census Tract 206.05, Placer County, California",2047
"06061020606","Census Tract 206.06, Placer County, California",1458
"06061020607","Census Tract 206.07, Placer County, California",1812
"06061020608","Census Tract 206.08, Placer County, California",1376
"06061020710","Census Tract 207.10, Placer County, California",1697
"06061020711","Census Tract 207.11, Placer County, California",2111
"06061020712","Census Tract 207.12, Placer County, California",1569
"06061020713","Census Tract 207.13, Placer County, California",1433
"06061020714","Census Tract 207.14, Placer County, California",1485
"06061020715","Census Tract 207.15, Placer County, California",1176
"06061020717","Census Tract 207.17, Placer County, California",1987
"06061020805","Census Tract 208.05, Placer County, California",1752
"06061020806","Census Tract 208.06, Placer County, California",1730
"06061020901","Census Tract 209.01, Placer County, California",1099
"06061020908","Census Tract 209.08, Placer County, California",2797
"06061021003","Census Tract 210.03, Placer County, California",2903
"06061021034","Census Tract 210.34, Placer County, California",1467
"06061021037","Census Tract 210.37, Placer County, California",1046
"06061021038","Census Tract 210.38, Placer County, California",2591
"06061021039","Census Tract 210.39, Placer County, California",1122
"06061021040","Census Tract 210.40, Placer County, California",2077
"06061021043","Census Tract 210.43, Placer County, California",1437
"06061021044","Census Tract 210.44, Placer County, California",1903
"06061021045","Census Tract 210.45, Placer County, California",1388
"06061021046","Census Tract 210.46, Placer County, California",2209
"06061021047","Census Tract 210.47, Placer County, California",1526
"06061021048","Census Tract 210.48, Placer County, California",1154
"06061021103","Census Tract 211.03, Placer County, California",1991
"06061021106","Census Tract 211.06, Placer County, California",936
"06061021108","Census Tract 211.08, Placer County, California",1479
"06061021109","Census Tract 211.09, Placer County, California",1991
"06061021122","Census Tract 211.22, Placer County, California",1367
"06061021123","Census Tract 211.23, Placer County, California",2797
"06061021128","Census Tract 211.28, Placer County, California",1292
"06061021129","Census Tract 211.29, Placer County, California",1441
"06061021130","Census Tract 211.30, Placer County, California",1052
"06061021131","Census Tract 211.31, Placer County, California",2391
"06061021203","Census Tract 212.03, Placer County, California",2731
"06061021204","Census Tract 212.04, Placer County, California",1023
"06061021304","Census Tract 213.04, Placer County, California",2267
"06061021323","Census Tract 213.23, Placer County, California",3321
"06061021324","Census Tract 213.24, Placer County, California",2036
"06061021325","Census Tract 213.25, Placer County, California",3340
"06061021326","Census Tract 213.26, Placer County, California",1232
"06061021327","Census Tract 213.27, Placer County, California",2174
"06061021328","Census Tract 213.28, Placer County, California",2714
"06061021401","Census Tract 214.01, Placer County, California",1063
"06061021403","Census Tract 214.03, Placer County, California",2441
"06061021501","Census Tract 215.01, Placer County, California",2309
"06061021502","Census Tract 215.02, Placer County, California",1634
"06061021603","Census Tract 216.03, Placer County, California",2112
"06061021604","Census Tract 216.04, Placer County, California",1369
"06061021801","Census Tract 218.01, Placer County, California",1904
"06061021802","Census Tract 218.02, Placer County, California",2585
"06061021901","Census Tract 219.01, Placer County, California",1361
"06061021902","Census Tract 219.02, Placer County, California",1894
"06061022002","Census Tract 220.02, Placer County, California",2884
"06061022011","Census Tract 220.11, Placer County, California",4234
"06061022013","Census Tract 220.13, Placer County, California",1495
"06061022014","Census Tract 220.14, Placer County, California",3764
"06061022100","Census Tract 221, Placer County, California",1457
"06061022200","Census Tract 222, Placer County, California",1383
"06061022300","Census Tract 223, Placer County, California",1497
"06061022400","Census Tract 224, Placer County, California",1994
"06061022500","Census Tract 225, Placer County, California",1584
"06061022600","Census Tract 226, Placer County, California",2098
"06061022800","Census Tract 228, Placer County, California",1783
"06061022900","Census Tract 229, Placer County, California",1994
"06061023000","Census Tract 230, Placer County, California",1127
"06061023100","Census Tract 231, Placer County, California",3074
"06061023200","Census Tract 232, Placer County, California",1782
"06061023300","Census Tract 233, Placer County, California",1977
"06061023400","Census Tract 234, Placer County, California",1880
"06061023501","Census Tract 235.01, Placer County, California",480
"06061023502","Census Tract 235.02, Placer County, California",1692
"06061023600","Census Tract 236, Placer County, California",2725
"06061023700","Census Tract 237, Placer County, California",2154
"06061023800","Census Tract 238, Placer County, California",2011
"06061023900","Census Tract 239, Placer County, California",1030
"06061990000","Census Tract 9900, Placer County, California",0
"06063000100","Census Tract 1, Plumas County, California",2622
"06063000201","Census Tract 2.01, Plumas County, California",2179
"06063000202","Census Tract 2.02, Plumas County, California",1261
"06063000300","Census Tract 3, Plumas County, California",2839
"06063000400","Census Tract 4, Plumas County, California",1572
"06063000501","Census Tract 5.01, Plumas County, California",1405
"06063000502","Census Tract 5.02, Plumas County, California",3518
"06065030101","Census Tract 301.01, Riverside County, California",349
"06065030103","Census Tract 301.03, Riverside County, California",707
"06065030104","Census Tract 301.04, Riverside County, California",2076
"06065030200","Census Tract 302, Riverside County, California",2025
"06065030300","Census Tract 303, Riverside County, California",1847
"06065030400","Census Tract 304, Riverside County, California",1935
"06065030501","Census Tract 305.01, Riverside County, California",1513
"06065030502","Census Tract 305.02, Riverside County, California",522
"06065030503","Census Tract 305.03, Riverside County, California",1127
"06065030602","Census Tract 306.02, Riverside County, California",1323
"06065030603","Census Tract 306.03, Riverside County, California",1111
"06065030604","Census Tract 306.04, Riverside County, California",1012
"06065030605","Census Tract 306.05, Riverside County, California",935
"06065030700","Census Tract 307, Riverside County, California",2240
"06065030800","Census Tract 308, Riverside County, California",2597
"06065030900","Census Tract 309, Riverside County, California",878
"06065031001","Census Tract 310.01, Riverside County, California",2221
"06065031002","Census Tract 310.02, Riverside County, California",1201
"06065031100","Census Tract 311, Riverside County, California",1759
"06065031200","Census Tract 312, Riverside County, California",2232
"06065031300","Census Tract 313, Riverside County, California",652
"06065031401","Census Tract 314.01, Riverside County, California",2304
"06065031402","Census Tract 314.02, Riverside County, California",2449
"06065031501","Census Tract 315.01, Riverside County, California",1514
"06065031503","Census Tract 315.03, Riverside County, California",1493
"06065031504","Census Tract 315.04, Riverside County, California",1421
"06065031601","Census Tract 316.01, Riverside County, California",1291
"06065031602","Census Tract 316.02, Riverside County, California",1685
"06065031701","Census Tract 317.01, Riverside County, California",867
"06065031702","Census Tract 317.02, Riverside County, California",742
"06065031703","Census Tract 317.03, Riverside County, California",1186
"06065031704","Census Tract 317.04, Riverside County, California",1822
"06065040101","Census Tract 401.01, Riverside County, California",1016
"06065040102","Census Tract 401.02, Riverside County, California",1430
"06065040201","Census Tract 402.01, Riverside County, California",1821
"06065040202","Census Tract 402.02, Riverside County, California",890
"06065040203","Census Tract 402.03, Riverside County, California",958
"06065040204","Census Tract 402.04, Riverside County, California",925
"06065040302","Census Tract 403.02, Riverside County, California",2136
"06065040303","Census Tract 403.03, Riverside County, California",1016
"06065040304","Census Tract 403.04, Riverside County, California",1210
"06065040305","Census Tract 403.05, Riverside County, California",937
"06065040402","Census Tract 404.02, Riverside County, California",1074
"06065040403","Census Tract 404.03, Riverside County, California",1406
"06065040404","Census Tract 404.04, Riverside County, California",921
"06065040405","Census Tract 404.05, Riverside County, California",1643
"06065040501","Census Tract 405.01, Riverside County, California",1872
"06065040502","Census Tract 405.02, Riverside County, California",1656
"06065040503","Census Tract 405.03, Riverside County, California",1861
"06065040603","Census Tract 406.03, Riverside County, California",646
"06065040604","Census Tract 406.04, Riverside County, California",1464
"06065040605","Census Tract 406.05, Riverside County, California",828
"06065040606","Census Tract 406.06, Riverside County, California",813
"06065040609","Census Tract 406.09, Riverside County, California",4345
"06065040611","Census Tract 406.11, Riverside County, California",2078
"06065040616","Census Tract 406.16, Riverside County, California",2784
"06065040617","Census Tract 406.17, Riverside County, California",1938
"06065040618","Census Tract 406.18, Riverside County, California",2994
"06065040619","Census Tract 406.19, Riverside County, California",1451
"06065040620","Census Tract 406.20, Riverside County, California",1966
"06065040621","Census Tract 406.21, Riverside County, California",1068
"06065040622","Census Tract 406.22, Riverside County, California",1720
"06065040701","Census Tract 407.01, Riverside County, California",686
"06065040702","Census Tract 407.02, Riverside County, California",937
"06065040703","Census Tract 407.03, Riverside County, California",939
"06065040806","Census Tract 408.06, Riverside County, California",866
"06065040807","Census Tract 408.07, Riverside County, California",1011
"06065040808","Census Tract 408.08, Riverside County, California",2214
"06065040809","Census Tract 408.09, Riverside County, California",1052
"06065040812","Census Tract 408.12, Riverside County, California",1143
"06065040813","Census Tract 408.13, Riverside County, California",1899
"06065040814","Census Tract 408.14, Riverside County, California",1656
"06065040815","Census Tract 408.15, Riverside County, California",1212
"06065040816","Census Tract 408.16, Riverside County, California",861
"06065040821","Census Tract 408.21, Riverside County, California",2039
"06065040901","Census Tract 409.01, Riverside County, California",2662
"06065040902","Census Tract 409.02, Riverside County, California",1794
"06065040903","Census Tract 409.03, Riverside County, California",812
"06065040904","Census Tract 409.04, Riverside County, California",995
"06065041001","Census Tract 410.01, Riverside County, California",776
"06065041002","Census Tract 410.02, Riverside County, California",838
"06065041003","Census Tract 410.03, Riverside County, California",690
"06065041004","Census Tract 410.04, Riverside County, California",1399
"06065041101","Census Tract 411.01, Riverside County, California",1274
"06065041102","Census Tract 411.02, Riverside County, California",1117
"06065041201","Census Tract 412.01, Riverside County, California",1219
"06065041202","Census Tract 412.02, Riverside County, California",1003
"06065041203","Census Tract 412.03, Riverside County, California",1008
"06065041301","Census Tract 413.01, Riverside County, California",868
"06065041302","Census Tract 413.02, Riverside County, California",1067
"06065041403","Census Tract 414.03, Riverside County, California",1608
"06065041404","Census Tract 414.04, Riverside County, California",984
"06065041405","Census Tract 414.05, Riverside County, California",1355
"06065041406","Census Tract 414.06, Riverside County, California",2051
"06065041407","Census Tract 414.07, Riverside County, California",1856
"06065041408","Census Tract 414.08, Riverside County, California",1540
"06065041410","Census Tract 414.10, Riverside County, California",651
"06065041411","Census Tract 414.11, Riverside County, California",839
"06065041412","Census Tract 414.12, Riverside County, California",1539
"06065041413","Census Tract 414.13, Riverside County, California",2033
"06065041414","Census Tract 414.14, Riverside County, California",1321
"06065041415","Census Tract 414.15, Riverside County, California",1315
"06065041500","Census Tract 415, Riverside County, California",1427
"06065041601","Census Tract 416.01, Riverside County, California",880
"06065041602","Census Tract 416.02, Riverside County, California",949
"06065041702","Census Tract 417.02, Riverside County, California",1286
"06065041703","Census Tract 417.03, Riverside County, California",1731
"06065041704","Census Tract 417.04, Riverside County, California",947
"06065041803","Census Tract 418.03, Riverside County, California",1775
"06065041804","Census Tract 418.04, Riverside County, California",1329
"06065041805","Census Tract 418.05, Riverside County, California",1974
"06065041806","Census Tract 418.06, Riverside County, California",1200
"06065041807","Census Tract 418.07, Riverside County, California",663
"06065041808","Census Tract 418.08, Riverside County, California",1859
"06065041809","Census Tract 418.09, Riverside County, California",2107
"06065041810","Census Tract 418.10, Riverside County, California",1677
"06065041812","Census Tract 418.12, Riverside County, California",1042
"06065041813","Census Tract 418.13, Riverside County, California",2105
"06065041904","Census Tract 419.04, Riverside County, California",1481
"06065041905","Census Tract 419.05, Riverside County, California",941
"06065041906","Census Tract 419.06, Riverside County, California",2010
"06065041909","Census Tract 419.09, Riverside County, California",1587
"06065041910","Census Tract 419.10, Riverside County, California",2986
"06065041912","Census Tract 419.12, Riverside County, California",2075
"06065041913","Census Tract 419.13, Riverside County, California",2133
"06065041914","Census Tract 419.14, Riverside County, California",1610
"06065041915","Census Tract 419.15, Riverside County, California",2626
"06065042003","Census Tract 420.03, Riverside County, California",1827
"06065042004","Census Tract 420.04, Riverside County, California",1044
"06065042005","Census Tract 420.05, Riverside County, California",1605
"06065042007","Census Tract 420.07, Riverside County, California",2158
"06065042008","Census Tract 420.08, Riverside County, California",2657
"06065042009","Census Tract 420.09, Riverside County, California",1895
"06065042010","Census Tract 420.10, Riverside County, California",1532
"06065042012","Census Tract 420.12, Riverside County, California",2061
"06065042015","Census Tract 420.15, Riverside County, California",1581
"06065042016","Census Tract 420.16, Riverside County, California",768
"06065042017","Census Tract 420.17, Riverside County, California",1106
"06065042018","Census Tract 420.18, Riverside County, California",1721
"06065042206","Census Tract 422.06, Riverside County, California",2815
"06065042207","Census Tract 422.07, Riverside County, California",1263
"06065042208","Census Tract 422.08, Riverside County, California",937
"06065042209","Census Tract 422.09, Riverside County, California",1778
"06065042210","Census Tract 422.10, Riverside County, California",2136
"06065042212","Census Tract 422.12, Riverside County, California",2398
"06065042213","Census Tract 422.13, Riverside County, California",1666
"06065042214","Census Tract 422.14, Riverside County, California",2068
"06065042217","Census Tract 422.17, Riverside County, California",2178
"06065042300","Census Tract 423, Riverside County, California",3054
"06065042401","Census Tract 424.01, Riverside County, California",637
"06065042402","Census Tract 424.02, Riverside County, California",1366
"06065042403","Census Tract 424.03, Riverside County, California",1209
"06065042404","Census Tract 424.04, Riverside County, California",683
"06065042405","Census Tract 424.05, Riverside County, California",1980
"06065042406","Census Tract 424.06, Riverside County, California",1308
"06065042407","Census Tract 424.07, Riverside County, California",917
"06065042408","Census Tract 424.08, Riverside County, California",913
"06065042409","Census Tract 424.09, Riverside County, California",980
"06065042410","Census Tract 424.10, Riverside County, California",1603
"06065042411","Census Tract 424.11, Riverside County, California",801
"06065042412","Census Tract 424.12, Riverside County, California",1750
"06065042505","Census Tract 425.05, Riverside County, California",1090
"06065042507","Census Tract 425.07, Riverside County, California",1317
"06065042508","Census Tract 425.08, Riverside County, California",1260
"06065042509","Census Tract 425.09, Riverside County, California",869
"06065042510","Census Tract 425.10, Riverside County, California",1225
"06065042511","Census Tract 425.11, Riverside County, California",1141
"06065042512","Census Tract 425.12, Riverside County, California",953
"06065042513","Census Tract 425.13, Riverside County, California",849
"06065042514","Census Tract 425.14, Riverside County, California",907
"06065042515","Census Tract 425.15, Riverside County, California",1106
"06065042516","Census Tract 425.16, Riverside County, California",990
"06065042517","Census Tract 425.17, Riverside County, California",883
"06065042518","Census Tract 425.18, Riverside County, California",1024
"06065042519","Census Tract 425.19, Riverside County, California",557
"06065042520","Census Tract 425.20, Riverside County, California",1389
"06065042521","Census Tract 425.21, Riverside County, California",1260
"06065042522","Census Tract 425.22, Riverside County, California",1410
"06065042523","Census Tract 425.23, Riverside County, California",1603
"06065042621","Census Tract 426.21, Riverside County, California",2017
"06065042622","Census Tract 426.22, Riverside County, California",1660
"06065042623","Census Tract 426.23, Riverside County, California",1319
"06065042624","Census Tract 426.24, Riverside County, California",1250
"06065042625","Census Tract 426.25, Riverside County, California",1565
"06065042626","Census Tract 426.26, Riverside County, California",2234
"06065042627","Census Tract 426.27, Riverside County, California",1321
"06065042628","Census Tract 426.28, Riverside County, California",1486
"06065042629","Census Tract 426.29, Riverside County, California",1263
"06065042630","Census Tract 426.30, Riverside County, California",1609
"06065042631","Census Tract 426.31, Riverside County, California",1258
"06065042632","Census Tract 426.32, Riverside County, California",713
"06065042708","Census Tract 427.08, Riverside County, California",1621
"06065042709","Census Tract 427.09, Riverside County, California",2397
"06065042711","Census Tract 427.11, Riverside County, California",3096
"06065042714","Census Tract 427.14, Riverside County, California",1393
"06065042716","Census Tract 427.16, Riverside County, California",2113
"06065042717","Census Tract 427.17, Riverside County, California",1664
"06065042719","Census Tract 427.19, Riverside County, California",1618
"06065042720","Census Tract 427.20, Riverside County, California",1519
"06065042723","Census Tract 427.23, Riverside County, California",2525
"06065042724","Census Tract 427.24, Riverside County, California",1282
"06065042726","Census Tract 427.26, Riverside County, California",2935
"06065042728","Census Tract 427.28, Riverside County, California",772
"06065042730","Census Tract 427.30, Riverside County, California",1630
"06065042731","Census Tract 427.31, Riverside County, California",2215
"06065042732","Census Tract 427.32, Riverside County, California",1900
"06065042733","Census Tract 427.33, Riverside County, California",4229
"06065042737","Census Tract 427.37, Riverside County, California",1003
"06065042738","Census Tract 427.38, Riverside County, California",3093
"06065042739","Census Tract 427.39, Riverside County, California",2662
"06065042740","Census Tract 427.40, Riverside County, California",1455
"06065042741","Census Tract 427.41, Riverside County, California",1609
"06065042742","Census Tract 427.42, Riverside County, California",1936
"06065042743","Census Tract 427.43, Riverside County, California",1293
"06065042744","Census Tract 427.44, Riverside County, California",1053
"06065042745","Census Tract 427.45, Riverside County, California",2496
"06065042746","Census Tract 427.46, Riverside County, California",1001
"06065042747","Census Tract 427.47, Riverside County, California",1057
"06065042748","Census Tract 427.48, Riverside County, California",2038
"06065042749","Census Tract 427.49, Riverside County, California",1658
"06065042750","Census Tract 427.50, Riverside County, California",1257
"06065042751","Census Tract 427.51, Riverside County, California",2174
"06065042752","Census Tract 427.52, Riverside County, California",2481
"06065042801","Census Tract 428.01, Riverside County, California",1272
"06065042802","Census Tract 428.02, Riverside County, California",1591
"06065042902","Census Tract 429.02, Riverside County, California",1505
"06065042903","Census Tract 429.03, Riverside County, California",1537
"06065042905","Census Tract 429.05, Riverside County, California",902
"06065042906","Census Tract 429.06, Riverside County, California",1452
"06065042907","Census Tract 429.07, Riverside County, California",963
"06065042908","Census Tract 429.08, Riverside County, California",1073
"06065043001","Census Tract 430.01, Riverside County, California",3380
"06065043003","Census Tract 430.03, Riverside County, California",2045
"06065043005","Census Tract 430.05, Riverside County, California",1733
"06065043006","Census Tract 430.06, Riverside County, California",1562
"06065043007","Census Tract 430.07, Riverside County, California",2074
"06065043008","Census Tract 430.08, Riverside County, California",1925
"06065043009","Census Tract 430.09, Riverside County, California",1693
"06065043010","Census Tract 430.10, Riverside County, California",1667
"06065043201","Census Tract 432.01, Riverside County, California",1190
"06065043202","Census Tract 432.02, Riverside County, California",1689
"06065043203","Census Tract 432.03, Riverside County, California",1162
"06065043204","Census Tract 432.04, Riverside County, California",1949
"06065043205","Census Tract 432.05, Riverside County, California",1404
"06065043206","Census Tract 432.06, Riverside County, California",2879
"06065043207","Census Tract 432.07, Riverside County, California",1750
"06065043208","Census Tract 432.08, Riverside County, California",1407
"06065043209","Census Tract 432.09, Riverside County, California",1540
"06065043210","Census Tract 432.10, Riverside County, California",1988
"06065043211","Census Tract 432.11, Riverside County, California",1700
"06065043216","Census Tract 432.16, Riverside County, California",2673
"06065043217","Census Tract 432.17, Riverside County, California",1111
"06065043218","Census Tract 432.18, Riverside County, California",1842
"06065043220","Census Tract 432.20, Riverside County, California",1951
"06065043222","Census Tract 432.22, Riverside County, California",1675
"06065043227","Census Tract 432.27, Riverside County, California",2537
"06065043228","Census Tract 432.28, Riverside County, California",1611
"06065043229","Census Tract 432.29, Riverside County, California",2531
"06065043235","Census Tract 432.35, Riverside County, California",3155
"06065043246","Census Tract 432.46, Riverside County, California",1803
"06065043248","Census Tract 432.48, Riverside County, California",1350
"06065043252","Census Tract 432.52, Riverside County, California",2820
"06065043254","Census Tract 432.54, Riverside County, California",1662
"06065043256","Census Tract 432.56, Riverside County, California",1077
"06065043262","Census Tract 432.62, Riverside County, California",1807
"06065043264","Census Tract 432.64, Riverside County, California",2313
"06065043265","Census Tract 432.65, Riverside County, California",2531
"06065043266","Census Tract 432.66, Riverside County, California",1784
"06065043267","Census Tract 432.67, Riverside County, California",2470
"06065043270","Census Tract 432.70, Riverside County, California",1915
"06065043271","Census Tract 432.71, Riverside County, California",1397
"06065043272","Census Tract 432.72, Riverside County, California",2089
"06065043274","Census Tract 432.74, Riverside County, California",669
"06065043276","Census Tract 432.76, Riverside County, California",1190
"06065043278","Census Tract 432.78, Riverside County, California",2203
"06065043279","Census Tract 432.79, Riverside County, California",1857
"06065043292","Census Tract 432.92, Riverside County, California",1414
"06065043293","Census Tract 432.93, Riverside County, California",1210
"06065043294","Census Tract 432.94, Riverside County, California",1227
"06065043295","Census Tract 432.95, Riverside County, California",1425
"06065043296","Census Tract 432.96, Riverside County, California",940
"06065043297","Census Tract 432.97, Riverside County, California",2498
"06065043298","Census Tract 432.98, Riverside County, California",1790
"06065043304","Census Tract 433.04, Riverside County, California",2900
"06065043306","Census Tract 433.06, Riverside County, California",1862
"06065043307","Census Tract 433.07, Riverside County, California",2739
"06065043308","Census Tract 433.08, Riverside County, California",1073
"06065043309","Census Tract 433.09, Riverside County, California",1165
"06065043310","Census Tract 433.10, Riverside County, California",1151
"06065043311","Census Tract 433.11, Riverside County, California",748
"06065043312","Census Tract 433.12, Riverside County, California",1291
"06065043313","Census Tract 433.13, Riverside County, California",1092
"06065043314","Census Tract 433.14, Riverside County, California",1208
"06065043315","Census Tract 433.15, Riverside County, California",733
"06065043316","Census Tract 433.16, Riverside County, California",1876
"06065043318","Census Tract 433.18, Riverside County, California",1687
"06065043319","Census Tract 433.19, Riverside County, California",1287
"06065043401","Census Tract 434.01, Riverside County, California",2189
"06065043403","Census Tract 434.03, Riverside County, California",1083
"06065043404","Census Tract 434.04, Riverside County, California",1587
"06065043405","Census Tract 434.05, Riverside County, California",2331
"06065043503","Census Tract 435.03, Riverside County, California",2475
"06065043505","Census Tract 435.05, Riverside County, California",1848
"06065043506","Census Tract 435.06, Riverside County, California",2451
"06065043509","Census Tract 435.09, Riverside County, California",2027
"06065043512","Census Tract 435.12, Riverside County, California",2262
"06065043513","Census Tract 435.13, Riverside County, California",1011
"06065043517","Census Tract 435.17, Riverside County, California",2078
"06065043518","Census Tract 435.18, Riverside County, California",1393
"06065043519","Census Tract 435.19, Riverside County, California",668
"06065043520","Census Tract 435.20, Riverside County, California",1365
"06065043521","Census Tract 435.21, Riverside County, California",1903
"06065043522","Census Tract 435.22, Riverside County, California",1041
"06065043523","Census Tract 435.23, Riverside County, California",1410
"06065043524","Census Tract 435.24, Riverside County, California",1463
"06065043601","Census Tract 436.01, Riverside County, California",1488
"06065043602","Census Tract 436.02, Riverside County, California",1290
"06065043701","Census Tract 437.01, Riverside County, California",1617
"06065043702","Census Tract 437.02, Riverside County, California",1797
"06065043703","Census Tract 437.03, Riverside County, California",1034
"06065043802","Census Tract 438.02, Riverside County, California",2592
"06065043807","Census Tract 438.07, Riverside County, California",2032
"06065043809","Census Tract 438.09, Riverside County, California",2649
"06065043810","Census Tract 438.10, Riverside County, California",2163
"06065043812","Census Tract 438.12, Riverside County, California",4503
"06065043813","Census Tract 438.13, Riverside County, California",1747
"06065043818","Census Tract 438.18, Riverside County, California",1239
"06065043820","Census Tract 438.20, Riverside County, California",1890
"06065043821","Census Tract 438.21, Riverside County, California",1756
"06065043822","Census Tract 438.22, Riverside County, California",1073
"06065043823","Census Tract 438.23, Riverside County, California",3293
"06065043824","Census Tract 438.24, Riverside County, California",2267
"06065043900","Census Tract 439, Riverside County, California",2062
"06065044000","Census Tract 440, Riverside County, California",703
"06065044101","Census Tract 441.01, Riverside County, California",1096
"06065044102","Census Tract 441.02, Riverside County, California",964
"06065044103","Census Tract 441.03, Riverside County, California",2356
"06065044104","Census Tract 441.04, Riverside County, California",945
"06065044200","Census Tract 442, Riverside County, California",1886
"06065044300","Census Tract 443, Riverside County, California",1354
"06065044403","Census Tract 444.03, Riverside County, California",1988
"06065044404","Census Tract 444.04, Riverside County, California",1714
"06065044405","Census Tract 444.05, Riverside County, California",2429
"06065044406","Census Tract 444.06, Riverside County, California",1379
"06065044407","Census Tract 444.07, Riverside County, California",1841
"06065044505","Census Tract 445.05, Riverside County, California",3094
"06065044507","Census Tract 445.07, Riverside County, California",2515
"06065044509","Census Tract 445.09, Riverside County, California",1762
"06065044510","Census Tract 445.10, Riverside County, California",2336
"06065044515","Census Tract 445.15, Riverside County, California",1385
"06065044516","Census Tract 445.16, Riverside County, California",2672
"06065044517","Census Tract 445.17, Riverside County, California",1538
"06065044518","Census Tract 445.18, Riverside County, California",2470
"06065044520","Census Tract 445.20, Riverside County, California",882
"06065044521","Census Tract 445.21, Riverside County, California",559
"06065044523","Census Tract 445.23, Riverside County, California",1738
"06065044524","Census Tract 445.24, Riverside County, California",1147
"06065044602","Census Tract 446.02, Riverside County, California",2041
"06065044604","Census Tract 446.04, Riverside County, California",1994
"06065044605","Census Tract 446.05, Riverside County, California",3032
"06065044606","Census Tract 446.06, Riverside County, California",2252
"06065044701","Census Tract 447.01, Riverside County, California",2213
"06065044702","Census Tract 447.02, Riverside County, California",607
"06065044804","Census Tract 448.04, Riverside County, California",1098
"06065044805","Census Tract 448.05, Riverside County, California",1530
"06065044806","Census Tract 448.06, Riverside County, California",1578
"06065044807","Census Tract 448.07, Riverside County, California",1111
"06065044904","Census Tract 449.04, Riverside County, California",1826
"06065044907","Census Tract 449.07, Riverside County, California",1469
"06065044911","Census Tract 449.11, Riverside County, California",2935
"06065044916","Census Tract 449.16, Riverside County, California",2406
"06065044917","Census Tract 449.17, Riverside County, California",3401
"06065044918","Census Tract 449.18, Riverside County, California",2450
"06065044919","Census Tract 449.19, Riverside County, California",4269
"06065044921","Census Tract 449.21, Riverside County, California",1447
"06065044922","Census Tract 449.22, Riverside County, California",3734
"06065044923","Census Tract 449.23, Riverside County, California",1182
"06065044924","Census Tract 449.24, Riverside County, California",1264
"06065044925","Census Tract 449.25, Riverside County, California",1129
"06065044926","Census Tract 449.26, Riverside County, California",1614
"06065044927","Census Tract 449.27, Riverside County, California",3452
"06065044928","Census Tract 449.28, Riverside County, California",2993
"06065044929","Census Tract 449.29, Riverside County, California",3241
"06065044930","Census Tract 449.30, Riverside County, California",1827
"06065044931","Census Tract 449.31, Riverside County, California",685
"06065044932","Census Tract 449.32, Riverside County, California",1163
"06065044933","Census Tract 449.33, Riverside County, California",977
"06065044934","Census Tract 449.34, Riverside County, California",946
"06065045000","Census Tract 450, Riverside County, California",1697
"06065045103","Census Tract 451.03, Riverside County, California",2879
"06065045109","Census Tract 451.09, Riverside County, California",1687
"06065045110","Census Tract 451.10, Riverside County, California",2027
"06065045114","Census Tract 451.14, Riverside County, California",1922
"06065045115","Census Tract 451.15, Riverside County, California",1587
"06065045116","Census Tract 451.16, Riverside County, California",1148
"06065045117","Census Tract 451.17, Riverside County, California",2736
"06065045118","Census Tract 451.18, Riverside County, California",1779
"06065045119","Census Tract 451.19, Riverside County, California",1192
"06065045120","Census Tract 451.20, Riverside County, California",2556
"06065045122","Census Tract 451.22, Riverside County, California",1311
"06065045123","Census Tract 451.23, Riverside County, California",1737
"06065045124","Census Tract 451.24, Riverside County, California",1295
"06065045125","Census Tract 451.25, Riverside County, California",3516
"06065045126","Census Tract 451.26, Riverside County, California",1231
"06065045127","Census Tract 451.27, Riverside County, California",1402
"06065045128","Census Tract 451.28, Riverside County, California",1322
"06065045129","Census Tract 451.29, Riverside County, California",2937
"06065045207","Census Tract 452.07, Riverside County, California",1874
"06065045209","Census Tract 452.09, Riverside County, California",2199
"06065045212","Census Tract 452.12, Riverside County, California",1268
"06065045213","Census Tract 452.13, Riverside County, California",2056
"06065045214","Census Tract 452.14, Riverside County, California",2906
"06065045216","Census Tract 452.16, Riverside County, California",1499
"06065045217","Census Tract 452.17, Riverside County, California",1946
"06065045222","Census Tract 452.22, Riverside County, California",2050
"06065045224","Census Tract 452.24, Riverside County, California",2623
"06065045226","Census Tract 452.26, Riverside County, California",1441
"06065045228","Census Tract 452.28, Riverside County, California",2491
"06065045233","Census Tract 452.33, Riverside County, California",2003
"06065045234","Census Tract 452.34, Riverside County, California",2104
"06065045235","Census Tract 452.35, Riverside County, California",1549
"06065045302","Census Tract 453.02, Riverside County, California",1095
"06065045303","Census Tract 453.03, Riverside County, California",833
"06065045305","Census Tract 453.05, Riverside County, California",1343
"06065045306","Census Tract 453.06, Riverside County, California",1779
"06065045501","Census Tract 455.01, Riverside County, California",1625
"06065045502","Census Tract 455.02, Riverside County, California",1239
"06065045606","Census Tract 456.06, Riverside County, California",2564
"06065045610","Census Tract 456.10, Riverside County, California",1104
"06065045611","Census Tract 456.11, Riverside County, California",952
"06065045612","Census Tract 456.12, Riverside County, California",1225
"06065045613","Census Tract 456.13, Riverside County, California",2686
"06065045614","Census Tract 456.14, Riverside County, California",1219
"06065045615","Census Tract 456.15, Riverside County, California",965
"06065045616","Census Tract 456.16, Riverside County, California",518
"06065045617","Census Tract 456.17, Riverside County, California",1520
"06065045618","Census Tract 456.18, Riverside County, California",544
"06065045619","Census Tract 456.19, Riverside County, California",1068
"06065045703","Census Tract 457.03, Riverside County, California",1425
"06065045704","Census Tract 457.04, Riverside County, California",830
"06065045706","Census Tract 457.06, Riverside County, California",1049
"06065045707","Census Tract 457.07, Riverside County, California",1543
"06065045708","Census Tract 457.08, Riverside County, California",1056
"06065045709","Census Tract 457.09, Riverside County, California",1095
"06065045900","Census Tract 459, Riverside County, California",683
"06065046101","Census Tract 461.01, Riverside County, California",1237
"06065046102","Census Tract 461.02, Riverside County, California",787
"06065046103","Census Tract 461.03, Riverside County, California",1043
"06065046200","Census Tract 462, Riverside County, California",1197
"06065046401","Census Tract 464.01, Riverside County, California",1351
"06065046402","Census Tract 464.02, Riverside County, California",1952
"06065046403","Census Tract 464.03, Riverside County, California",2350
"06065046404","Census Tract 464.04, Riverside County, California",1908
"06065046405","Census Tract 464.05, Riverside County, California",1275
"06065046501","Census Tract 465.01, Riverside County, California",104
"06065046502","Census Tract 465.02, Riverside County, California",1462
"06065046601","Census Tract 466.01, Riverside County, California",228
"06065046602","Census Tract 466.02, Riverside County, California",1086
"06065046700","Census Tract 467, Riverside County, California",1725
"06065046800","Census Tract 468, Riverside County, California",1536
"06065046900","Census Tract 469, Riverside County, California",935
"06065047000","Census Tract 470, Riverside County, California",910
"06065047201","Census Tract 472.01, Riverside County, California",2015
"06065047202","Census Tract 472.02, Riverside County, California",1454
"06065047901","Census Tract 479.01, Riverside County, California",1511
"06065047902","Census Tract 479.02, Riverside County, California",1828
"06065048100","Census Tract 481, Riverside County, California",2090
"06065048200","Census Tract 482, Riverside County, California",1236
"06065048300","Census Tract 483, Riverside County, California",1661
"06065048700","Census Tract 487, Riverside County, California",1207
"06065048800","Census Tract 488, Riverside County, California",1124
"06065048901","Census Tract 489.01, Riverside County, California",1011
"06065048902","Census Tract 489.02, Riverside County, California",1951
"06065049001","Census Tract 490.01, Riverside County, California",1593
"06065049002","Census Tract 490.02, Riverside County, California",752
"06065049101","Census Tract 491.01, Riverside County, California",1957
"06065049102","Census Tract 491.02, Riverside County, California",2097
"06065049400","Census Tract 494, Riverside County, California",1599
"06065049501","Census Tract 495.01, Riverside County, California",1298
"06065049502","Census Tract 495.02, Riverside County, California",1127
"06065049600","Census Tract 496, Riverside County, California",2675
"06065049701","Census Tract 497.01, Riverside County, California",1178
"06065049702","Census Tract 497.02, Riverside County, California",1683
"06065049800","Census Tract 498, Riverside County, California",1577
"06065050301","Census Tract 503.01, Riverside County, California",1724
"06065050302","Census Tract 503.02, Riverside County, California",1678
"06065050401","Census Tract 504.01, Riverside County, California",1403
"06065050402","Census Tract 504.02, Riverside County, California",1721
"06065050501","Census Tract 505.01, Riverside County, California",1603
"06065050502","Census Tract 505.02, Riverside County, California",1124
"06065050503","Census Tract 505.03, Riverside County, California",1768
"06065050600","Census Tract 506, Riverside County, California",2722
"06065050701","Census Tract 507.01, Riverside County, California",2256
"06065050702","Census Tract 507.02, Riverside County, California",1458
"06065050901","Census Tract 509.01, Riverside County, California",1161
"06065050902","Census Tract 509.02, Riverside County, California",979
"06065051100","Census Tract 511, Riverside County, California",1879
"06065051200","Census Tract 512, Riverside County, California",2072
"06065051301","Census Tract 513.01, Riverside County, California",1612
"06065051302","Census Tract 513.02, Riverside County, California",1708
"06065051401","Census Tract 514.01, Riverside County, California",2717
"06065051402","Census Tract 514.02, Riverside County, California",2480
"06065940100","Census Tract 9401, Riverside County, California",1027
"06065940400","Census Tract 9404, Riverside County, California",1457
"06065940500","Census Tract 9405, Riverside County, California",2453
"06065940600","Census Tract 9406, Riverside County, California",4274
"06065940700","Census Tract 9407, Riverside County, California",2422
"06065940800","Census Tract 9408, Riverside County, California",2793
"06065940900","Census Tract 9409, Riverside County, California",1544
"06065941001","Census Tract 9410.01, Riverside County, California",1501
"06065941002","Census Tract 9410.02, Riverside County, California",2668
"06065941100","Census Tract 9411, Riverside County, California",2268
"06065941200","Census Tract 9412, Riverside County, California",2859
"06065941300","Census Tract 9413, Riverside County, California",2448
"06065941400","Census Tract 9414, Riverside County, California",3041
"06065941500","Census Tract 9415, Riverside County, California",1487
"06065980004","Census Tract 9800.04, Riverside County, California",3
"06065981000","Census Tract 9810, Riverside County, California",2
"06067000100","Census Tract 1, Sacramento County, California",1752
"06067000200","Census Tract 2, Sacramento County, California",1809
"06067000300","Census Tract 3, Sacramento County, California",1590
"06067000400","Census Tract 4, Sacramento County, California",2398
"06067000501","Census Tract 5.01, Sacramento County, California",1222
"06067000502","Census Tract 5.02, Sacramento County, California",963
"06067000600","Census Tract 6, Sacramento County, California",868
"06067000700","Census Tract 7, Sacramento County, California",649
"06067000800","Census Tract 8, Sacramento County, California",1165
"06067001102","Census Tract 11.02, Sacramento County, California",1184
"06067001103","Census Tract 11.03, Sacramento County, California",1319
"06067001201","Census Tract 12.01, Sacramento County, California",1789
"06067001202","Census Tract 12.02, Sacramento County, California",1454
"06067001300","Census Tract 13, Sacramento County, California",2258
"06067001400","Census Tract 14, Sacramento County, California",1940
"06067001500","Census Tract 15, Sacramento County, California",2497
"06067001601","Census Tract 16.01, Sacramento County, California",1655
"06067001602","Census Tract 16.02, Sacramento County, California",1261
"06067001701","Census Tract 17.01, Sacramento County, California",1131
"06067001702","Census Tract 17.02, Sacramento County, California",2126
"06067001800","Census Tract 18, Sacramento County, California",2646
"06067001900","Census Tract 19, Sacramento County, California",1897
"06067002000","Census Tract 20, Sacramento County, California",1686
"06067002100","Census Tract 21, Sacramento County, California",1377
"06067002200","Census Tract 22, Sacramento County, California",2206
"06067002300","Census Tract 23, Sacramento County, California",1686
"06067002400","Census Tract 24, Sacramento County, California",2157
"06067002500","Census Tract 25, Sacramento County, California",928
"06067002600","Census Tract 26, Sacramento County, California",1305
"06067002700","Census Tract 27, Sacramento County, California",1627
"06067002800","Census Tract 28, Sacramento County, California",1234
"06067002900","Census Tract 29, Sacramento County, California",2316
"06067003001","Census Tract 30.01, Sacramento County, California",1023
"06067003002","Census Tract 30.02, Sacramento County, California",1791
"06067003101","Census Tract 31.01, Sacramento County, California",1253
"06067003102","Census Tract 31.02, Sacramento County, California",1087
"06067003202","Census Tract 32.02, Sacramento County, California",1778
"06067003203","Census Tract 32.03, Sacramento County, California",783
"06067003204","Census Tract 32.04, Sacramento County, California",1568
"06067003300","Census Tract 33, Sacramento County, California",1957
"06067003400","Census Tract 34, Sacramento County, California",1926
"06067003501","Census Tract 35.01, Sacramento County, California",1283
"06067003502","Census Tract 35.02, Sacramento County, California",1337
"06067003600","Census Tract 36, Sacramento County, California",1025
"06067003700","Census Tract 37, Sacramento County, California",1393
"06067003800","Census Tract 38, Sacramento County, California",1814
"06067003900","Census Tract 39, Sacramento County, California",1698
"06067004005","Census Tract 40.05, Sacramento County, California",2074
"06067004006","Census Tract 40.06, Sacramento County, California",2386
"06067004008","Census Tract 40.08, Sacramento County, California",1572
"06067004011","Census Tract 40.11, Sacramento County, California",1444
"06067004012","Census Tract 40.12, Sacramento County, California",1433
"06067004013","Census Tract 40.13, Sacramento County, California",1542
"06067004014","Census Tract 40.14, Sacramento County, California",1307
"06067004015","Census Tract 40.15, Sacramento County, California",1881
"06067004016","Census Tract 40.16, Sacramento County, California",870
"06067004017","Census Tract 40.17, Sacramento County, California",1327
"06067004018","Census Tract 40.18, Sacramento County, California",1071
"06067004019","Census Tract 40.19, Sacramento County, California",1309
"06067004020","Census Tract 40.20, Sacramento County, California",1284
"06067004100","Census Tract 41, Sacramento County, California",1744
"06067004201","Census Tract 42.01, Sacramento County, California",1721
"06067004202","Census Tract 42.02, Sacramento County, California",1739
"06067004203","Census Tract 42.03, Sacramento County, California",1699
"06067004301","Census Tract 43.01, Sacramento County, California",1319
"06067004302","Census Tract 43.02, Sacramento County, California",1207
"06067004401","Census Tract 44.01, Sacramento County, California",1443
"06067004402","Census Tract 44.02, Sacramento County, California",1390
"06067004501","Census Tract 45.01, Sacramento County, California",1152
"06067004502","Census Tract 45.02, Sacramento County, California",1785
"06067004602","Census Tract 46.02, Sacramento County, California",1723
"06067004603","Census Tract 46.03, Sacramento County, California",928
"06067004604","Census Tract 46.04, Sacramento County, California",1594
"06067004701","Census Tract 47.01, Sacramento County, California",1242
"06067004702","Census Tract 47.02, Sacramento County, California",1568
"06067004801","Census Tract 48.01, Sacramento County, California",1739
"06067004802","Census Tract 48.02, Sacramento County, California",1527
"06067004904","Census Tract 49.04, Sacramento County, California",2012
"06067004906","Census Tract 49.06, Sacramento County, California",970
"06067004907","Census Tract 49.07, Sacramento County, California",838
"06067004908","Census Tract 49.08, Sacramento County, California",1275
"06067004909","Census Tract 49.09, Sacramento County, California",1010
"06067004910","Census Tract 49.10, Sacramento County, California",1323
"06067005002","Census Tract 50.02, Sacramento County, California",2674
"06067005003","Census Tract 50.03, Sacramento County, California",1602
"06067005004","Census Tract 50.04, Sacramento County, California",1005
"06067005101","Census Tract 51.01, Sacramento County, California",1411
"06067005102","Census Tract 51.02, Sacramento County, California",1740
"06067005201","Census Tract 52.01, Sacramento County, California",1013
"06067005202","Census Tract 52.02, Sacramento County, California",1518
"06067005204","Census Tract 52.04, Sacramento County, California",2093
"06067005205","Census Tract 52.05, Sacramento County, California",1357
"06067005301","Census Tract 53.01, Sacramento County, California",797
"06067005402","Census Tract 54.02, Sacramento County, California",1844
"06067005403","Census Tract 54.03, Sacramento County, California",1419
"06067005404","Census Tract 54.04, Sacramento County, California",3118
"06067005502","Census Tract 55.02, Sacramento County, California",2190
"06067005505","Census Tract 55.05, Sacramento County, California",2325
"06067005506","Census Tract 55.06, Sacramento County, California",1449
"06067005508","Census Tract 55.08, Sacramento County, California",2042
"06067005509","Census Tract 55.09, Sacramento County, California",1120
"06067005510","Census Tract 55.10, Sacramento County, California",2543
"06067005601","Census Tract 56.01, Sacramento County, California",2497
"06067005605","Census Tract 56.05, Sacramento County, California",1454
"06067005606","Census Tract 56.06, Sacramento County, California",1972
"06067005701","Census Tract 57.01, Sacramento County, California",1352
"06067005702","Census Tract 57.02, Sacramento County, California",1927
"06067005801","Census Tract 58.01, Sacramento County, California",2331
"06067005803","Census Tract 58.03, Sacramento County, California",1529
"06067005804","Census Tract 58.04, Sacramento County, California",1150
"06067005901","Census Tract 59.01, Sacramento County, California",2652
"06067005903","Census Tract 59.03, Sacramento County, California",1239
"06067005904","Census Tract 59.04, Sacramento County, California",2257
"06067006002","Census Tract 60.02, Sacramento County, California",2236
"06067006003","Census Tract 60.03, Sacramento County, California",2018
"06067006004","Census Tract 60.04, Sacramento County, California",1105
"06067006101","Census Tract 61.01, Sacramento County, California",2320
"06067006102","Census Tract 61.02, Sacramento County, California",1901
"06067006202","Census Tract 62.02, Sacramento County, California",1672
"06067006203","Census Tract 62.03, Sacramento County, California",1487
"06067006204","Census Tract 62.04, Sacramento County, California",1600
"06067006300","Census Tract 63, Sacramento County, California",1828
"06067006400","Census Tract 64, Sacramento County, California",1939
"06067006501","Census Tract 65.01, Sacramento County, California",1454
"06067006502","Census Tract 65.02, Sacramento County, California",739
"06067006600","Census Tract 66, Sacramento County, California",2314
"06067006703","Census Tract 67.03, Sacramento County, California",1451
"06067006704","Census Tract 67.04, Sacramento County, California",1151
"06067006705","Census Tract 67.05, Sacramento County, California",1316
"06067006706","Census Tract 67.06, Sacramento County, California",1059
"06067006801","Census Tract 68.01, Sacramento County, California",578
"06067006802","Census Tract 68.02, Sacramento County, California",1006
"06067006803","Census Tract 68.03, Sacramento County, California",856
"06067006901","Census Tract 69.01, Sacramento County, California",926
"06067006902","Census Tract 69.02, Sacramento County, California",1466
"06067007001","Census Tract 70.01, Sacramento County, California",1350
"06067007007","Census Tract 70.07, Sacramento County, California",1689
"06067007010","Census Tract 70.10, Sacramento County, California",2022
"06067007011","Census Tract 70.11, Sacramento County, California",2789
"06067007012","Census Tract 70.12, Sacramento County, California",1433
"06067007013","Census Tract 70.13, Sacramento County, California",1039
"06067007016","Census Tract 70.16, Sacramento County, California",1813
"06067007017","Census Tract 70.17, Sacramento County, California",1080
"06067007019","Census Tract 70.19, Sacramento County, California",922
"06067007020","Census Tract 70.20, Sacramento County, California",1751
"06067007021","Census Tract 70.21, Sacramento County, California",1665
"06067007022","Census Tract 70.22, Sacramento County, California",1357
"06067007023","Census Tract 70.23, Sacramento County, California",1846
"06067007024","Census Tract 70.24, Sacramento County, California",997
"06067007025","Census Tract 70.25, Sacramento County, California",1403
"06067007026","Census Tract 70.26, Sacramento County, California",2342
"06067007027","Census Tract 70.27, Sacramento County, California",1068
"06067007028","Census Tract 70.28, Sacramento County, California",1968
"06067007101","Census Tract 71.01, Sacramento County, California",90
"06067007103","Census Tract 71.03, Sacramento County, California",1692
"06067007105","Census Tract 71.05, Sacramento County, California",2464
"06067007106","Census Tract 71.06, Sacramento County, California",2389
"06067007107","Census Tract 71.07, Sacramento County, California",1521
"06067007108","Census Tract 71.08, Sacramento County, California",1907
"06067007109","Census Tract 71.09, Sacramento County, California",2030
"06067007110","Census Tract 71.10, Sacramento County, California",1404
"06067007111","Census Tract 71.11, Sacramento County, California",1378
"06067007202","Census Tract 72.02, Sacramento County, California",1411
"06067007204","Census Tract 72.04, Sacramento County, California",1613
"06067007206","Census Tract 72.06, Sacramento County, California",1394
"06067007207","Census Tract 72.07, Sacramento County, California",1431
"06067007208","Census Tract 72.08, Sacramento County, California",1515
"06067007209","Census Tract 72.09, Sacramento County, California",1292
"06067007301","Census Tract 73.01, Sacramento County, California",1750
"06067007402","Census Tract 74.02, Sacramento County, California",2078
"06067007403","Census Tract 74.03, Sacramento County, California",1444
"06067007413","Census Tract 74.13, Sacramento County, California",2517
"06067007414","Census Tract 74.14, Sacramento County, California",1467
"06067007415","Census Tract 74.15, Sacramento County, California",1190
"06067007416","Census Tract 74.16, Sacramento County, California",1560
"06067007417","Census Tract 74.17, Sacramento County, California",1149
"06067007422","Census Tract 74.22, Sacramento County, California",941
"06067007423","Census Tract 74.23, Sacramento County, California",2143
"06067007424","Census Tract 74.24, Sacramento County, California",1420
"06067007426","Census Tract 74.26, Sacramento County, California",822
"06067007427","Census Tract 74.27, Sacramento County, California",2248
"06067007428","Census Tract 74.28, Sacramento County, California",1318
"06067007429","Census Tract 74.29, Sacramento County, California",1911
"06067007430","Census Tract 74.30, Sacramento County, California",2545
"06067007431","Census Tract 74.31, Sacramento County, California",1120
"06067007432","Census Tract 74.32, Sacramento County, California",1593
"06067007434","Census Tract 74.34, Sacramento County, California",1928
"06067007435","Census Tract 74.35, Sacramento County, California",828
"06067007436","Census Tract 74.36, Sacramento County, California",658
"06067007437","Census Tract 74.37, Sacramento County, California",2043
"06067007438","Census Tract 74.38, Sacramento County, California",1127
"06067007439","Census Tract 74.39, Sacramento County, California",1608
"06067007501","Census Tract 75.01, Sacramento County, California",2818
"06067007503","Census Tract 75.03, Sacramento County, California",2237
"06067007504","Census Tract 75.04, Sacramento County, California",878
"06067007602","Census Tract 76.02, Sacramento County, California",2121
"06067007603","Census Tract 76.03, Sacramento County, California",1416
"06067007604","Census Tract 76.04, Sacramento County, California",1784
"06067007701","Census Tract 77.01, Sacramento County, California",2931
"06067007702","Census Tract 77.02, Sacramento County, California",1969
"06067007801","Census Tract 78.01, Sacramento County, California",2601
"06067007802","Census Tract 78.02, Sacramento County, California",2166
"06067007903","Census Tract 79.03, Sacramento County, California",1965
"06067007904","Census Tract 79.04, Sacramento County, California",2021
"06067007905","Census Tract 79.05, Sacramento County, California",1828
"06067007906","Census Tract 79.06, Sacramento County, California",1654
"06067008005","Census Tract 80.05, Sacramento County, California",1906
"06067008006","Census Tract 80.06, Sacramento County, California",2532
"06067008007","Census Tract 80.07, Sacramento County, California",1492
"06067008008","Census Tract 80.08, Sacramento County, California",2054
"06067008009","Census Tract 80.09, Sacramento County, California",2113
"06067008010","Census Tract 80.10, Sacramento County, California",2169
"06067008111","Census Tract 81.11, Sacramento County, California",2464
"06067008113","Census Tract 81.13, Sacramento County, California",1505
"06067008117","Census Tract 81.17, Sacramento County, California",829
"06067008119","Census Tract 81.19, Sacramento County, California",2315
"06067008120","Census Tract 81.20, Sacramento County, California",2086
"06067008122","Census Tract 81.22, Sacramento County, California",1623
"06067008124","Census Tract 81.24, Sacramento County, California",1663
"06067008125","Census Tract 81.25, Sacramento County, California",2178
"06067008127","Census Tract 81.27, Sacramento County, California",1755
"06067008128","Census Tract 81.28, Sacramento County, California",963
"06067008129","Census Tract 81.29, Sacramento County, California",1321
"06067008130","Census Tract 81.30, Sacramento County, California",1387
"06067008131","Census Tract 81.31, Sacramento County, California",2694
"06067008132","Census Tract 81.32, Sacramento County, California",1557
"06067008133","Census Tract 81.33, Sacramento County, California",1253
"06067008134","Census Tract 81.34, Sacramento County, California",2185
"06067008135","Census Tract 81.35, Sacramento County, California",2279
"06067008136","Census Tract 81.36, Sacramento County, California",1451
"06067008137","Census Tract 81.37, Sacramento County, California",987
"06067008138","Census Tract 81.38, Sacramento County, California",1428
"06067008139","Census Tract 81.39, Sacramento County, California",1879
"06067008140","Census Tract 81.40, Sacramento County, California",1213
"06067008141","Census Tract 81.41, Sacramento County, California",2944
"06067008142","Census Tract 81.42, Sacramento County, California",1496
"06067008143","Census Tract 81.43, Sacramento County, California",1790
"06067008144","Census Tract 81.44, Sacramento County, California",1122
"06067008145","Census Tract 81.45, Sacramento County, California",2734
"06067008203","Census Tract 82.03, Sacramento County, California",1952
"06067008204","Census Tract 82.04, Sacramento County, California",1834
"06067008206","Census Tract 82.06, Sacramento County, California",2343
"06067008207","Census Tract 82.07, Sacramento County, California",1879
"06067008208","Census Tract 82.08, Sacramento County, California",1979
"06067008209","Census Tract 82.09, Sacramento County, California",1927
"06067008210","Census Tract 82.10, Sacramento County, California",2662
"06067008211","Census Tract 82.11, Sacramento County, California",1115
"06067008402","Census Tract 84.02, Sacramento County, California",2105
"06067008403","Census Tract 84.03, Sacramento County, California",2630
"06067008404","Census Tract 84.04, Sacramento County, California",1595
"06067008501","Census Tract 85.01, Sacramento County, California",2591
"06067008504","Census Tract 85.04, Sacramento County, California",2221
"06067008505","Census Tract 85.05, Sacramento County, California",765
"06067008506","Census Tract 85.06, Sacramento County, California",1605
"06067008507","Census Tract 85.07, Sacramento County, California",1702
"06067008508","Census Tract 85.08, Sacramento County, California",3157
"06067008509","Census Tract 85.09, Sacramento County, California",1514
"06067008510","Census Tract 85.10, Sacramento County, California",1747
"06067008512","Census Tract 85.12, Sacramento County, California",1759
"06067008513","Census Tract 85.13, Sacramento County, California",1552
"06067008601","Census Tract 86.01, Sacramento County, California",2376
"06067008602","Census Tract 86.02, Sacramento County, California",746
"06067008702","Census Tract 87.02, Sacramento County, California",1345
"06067008703","Census Tract 87.03, Sacramento County, California",2604
"06067008704","Census Tract 87.04, Sacramento County, California",986
"06067008706","Census Tract 87.06, Sacramento County, California",656
"06067008707","Census Tract 87.07, Sacramento County, California",1889
"06067008708","Census Tract 87.08, Sacramento County, California",1057
"06067008802","Census Tract 88.02, Sacramento County, California",891
"06067008803","Census Tract 88.03, Sacramento County, California",695
"06067008905","Census Tract 89.05, Sacramento County, California",1768
"06067008907","Census Tract 89.07, Sacramento County, California",2063
"06067008908","Census Tract 89.08, Sacramento County, California",2163
"06067008909","Census Tract 89.09, Sacramento County, California",900
"06067008910","Census Tract 89.10, Sacramento County, California",1399
"06067008911","Census Tract 89.11, Sacramento County, California",870
"06067008912","Census Tract 89.12, Sacramento County, California",1343
"06067008913","Census Tract 89.13, Sacramento County, California",1591
"06067009004","Census Tract 90.04, Sacramento County, California",1339
"06067009005","Census Tract 90.05, Sacramento County, California",1330
"06067009006","Census Tract 90.06, Sacramento County, California",2005
"06067009007","Census Tract 90.07, Sacramento County, California",1156
"06067009008","Census Tract 90.08, Sacramento County, California",1755
"06067009010","Census Tract 90.10, Sacramento County, California",2749
"06067009011","Census Tract 90.11, Sacramento County, California",1891
"06067009103","Census Tract 91.03, Sacramento County, California",1297
"06067009105","Census Tract 91.05, Sacramento County, California",1169
"06067009106","Census Tract 91.06, Sacramento County, California",1982
"06067009107","Census Tract 91.07, Sacramento County, California",1371
"06067009108","Census Tract 91.08, Sacramento County, California",1449
"06067009109","Census Tract 91.09, Sacramento County, California",1784
"06067009110","Census Tract 91.10, Sacramento County, California",784
"06067009111","Census Tract 91.11, Sacramento County, California",2325
"06067009112","Census Tract 91.12, Sacramento County, California",1397
"06067009201","Census Tract 92.01, Sacramento County, California",2330
"06067009307","Census Tract 93.07, Sacramento County, California",1870
"06067009308","Census Tract 93.08, Sacramento County, California",2236
"06067009309","Census Tract 93.09, Sacramento County, California",923
"06067009310","Census Tract 93.10, Sacramento County, California",2572
"06067009311","Census Tract 93.11, Sacramento County, California",1992
"06067009312","Census Tract 93.12, Sacramento County, California",2243
"06067009314","Census Tract 93.14, Sacramento County, California",1908
"06067009316","Census Tract 93.16, Sacramento County, California",1304
"06067009317","Census Tract 93.17, Sacramento County, California",2175
"06067009318","Census Tract 93.18, Sacramento County, California",680
"06067009319","Census Tract 93.19, Sacramento County, California",1526
"06067009320","Census Tract 93.20, Sacramento County, California",1465
"06067009321","Census Tract 93.21, Sacramento County, California",1724
"06067009323","Census Tract 93.23, Sacramento County, California",1857
"06067009326","Census Tract 93.26, Sacramento County, California",1535
"06067009328","Census Tract 93.28, Sacramento County, California",1673
"06067009329","Census Tract 93.29, Sacramento County, California",751
"06067009330","Census Tract 93.30, Sacramento County, California",1306
"06067009331","Census Tract 93.31, Sacramento County, California",2086
"06067009332","Census Tract 93.32, Sacramento County, California",498
"06067009333","Census Tract 93.33, Sacramento County, California",733
"06067009334","Census Tract 93.34, Sacramento County, California",1650
"06067009335","Census Tract 93.35, Sacramento County, California",1698
"06067009336","Census Tract 93.36, Sacramento County, California",1231
"06067009403","Census Tract 94.03, Sacramento County, California",738
"06067009404","Census Tract 94.04, Sacramento County, California",2408
"06067009406","Census Tract 94.06, Sacramento County, California",838
"06067009408","Census Tract 94.08, Sacramento County, California",546
"06067009409","Census Tract 94.09, Sacramento County, California",1528
"06067009410","Census Tract 94.10, Sacramento County, California",1942
"06067009501","Census Tract 95.01, Sacramento County, California",831
"06067009502","Census Tract 95.02, Sacramento County, California",2443
"06067009503","Census Tract 95.03, Sacramento County, California",1231
"06067009504","Census Tract 95.04, Sacramento County, California",897
"06067009601","Census Tract 96.01, Sacramento County, California",1915
"06067009608","Census Tract 96.08, Sacramento County, California",3209
"06067009609","Census Tract 96.09, Sacramento County, California",1482
"06067009610","Census Tract 96.10, Sacramento County, California",1894
"06067009611","Census Tract 96.11, Sacramento County, California",1235
"06067009612","Census Tract 96.12, Sacramento County, California",1838
"06067009614","Census Tract 96.14, Sacramento County, California",2251
"06067009616","Census Tract 96.16, Sacramento County, California",2185
"06067009617","Census Tract 96.17, Sacramento County, California",1387
"06067009618","Census Tract 96.18, Sacramento County, California",1562
"06067009622","Census Tract 96.22, Sacramento County, California",2774
"06067009632","Census Tract 96.32, Sacramento County, California",2052
"06067009633","Census Tract 96.33, Sacramento County, California",1059
"06067009634","Census Tract 96.34, Sacramento County, California",1532
"06067009635","Census Tract 96.35, Sacramento County, California",1887
"06067009637","Census Tract 96.37, Sacramento County, California",1638
"06067009639","Census Tract 96.39, Sacramento County, California",1283
"06067009640","Census Tract 96.40, Sacramento County, California",1097
"06067009641","Census Tract 96.41, Sacramento County, California",1443
"06067009642","Census Tract 96.42, Sacramento County, California",696
"06067009643","Census Tract 96.43, Sacramento County, California",2123
"06067009644","Census Tract 96.44, Sacramento County, California",1316
"06067009645","Census Tract 96.45, Sacramento County, California",1595
"06067009646","Census Tract 96.46, Sacramento County, California",1002
"06067009647","Census Tract 96.47, Sacramento County, California",1907
"06067009648","Census Tract 96.48, Sacramento County, California",1004
"06067009649","Census Tract 96.49, Sacramento County, California",1643
"06067009650","Census Tract 96.50, Sacramento County, California",934
"06067009651","Census Tract 96.51, Sacramento County, California",1967
"06067009652","Census Tract 96.52, Sacramento County, California",1397
"06067009653","Census Tract 96.53, Sacramento County, California",669
"06067009800","Census Tract 98, Sacramento County, California",1311
"06067009900","Census Tract 99, Sacramento County, California",1566
"06067988300","Census Tract 9883, Sacramento County, California",41
"06069000100","Census Tract 1, San Benito County, California",1784
"06069000200","Census Tract 2, San Benito County, California",2506
"06069000300","Census Tract 3, San Benito County, California",1478
"06069000400","Census Tract 4, San Benito County, California",2139
"06069000501","Census Tract 5.01, San Benito County, California",1786
"06069000502","Census Tract 5.02, San Benito County, California",1907
"06069000601","Census Tract 6.01, San Benito County, California",1384
"06069000602","Census Tract 6.02, San Benito County, California",1319
"06069000701","Census Tract 7.01, San Benito County, California",1225
"06069000702","Census Tract 7.02, San Benito County, California",2090
"06069000801","Census Tract 8.01, San Benito County, California",1363
"06069000802","Census Tract 8.02, San Benito County, California",1384
"06071000103","Census Tract 1.03, San Bernardino County, California",1610
"06071000104","Census Tract 1.04, San Bernardino County, California",2017
"06071000105","Census Tract 1.05, San Bernardino County, California",1931
"06071000107","Census Tract 1.07, San Bernardino County, California",848
"06071000108","Census Tract 1.08, San Bernardino County, California",1753
"06071000109","Census Tract 1.09, San Bernardino County, California",2113
"06071000111","Census Tract 1.11, San Bernardino County, California",964
"06071000115","Census Tract 1.15, San Bernardino County, California",3347
"06071000117","Census Tract 1.17, San Bernardino County, California",2286
"06071000118","Census Tract 1.18, San Bernardino County, California",1563
"06071000119","Census Tract 1.19, San Bernardino County, California",1886
"06071000120","Census Tract 1.20, San Bernardino County, California",2172
"06071000121","Census Tract 1.21, San Bernardino County, California",2780
"06071000122","Census Tract 1.22, San Bernardino County, California",990
"06071000201","Census Tract 2.01, San Bernardino County, California",1797
"06071000203","Census Tract 2.03, San Bernardino County, California",1162
"06071000205","Census Tract 2.05, San Bernardino County, California",1467
"06071000207","Census Tract 2.07, San Bernardino County, California",1089
"06071000208","Census Tract 2.08, San Bernardino County, California",1094
"06071000304","Census Tract 3.04, San Bernardino County, California",1714
"06071000305","Census Tract 3.05, San Bernardino County, California",1538
"06071000306","Census Tract 3.06, San Bernardino County, California",932
"06071000307","Census Tract 3.07, San Bernardino County, California",878
"06071000308","Census Tract 3.08, San Bernardino County, California",928
"06071000401","Census Tract 4.01, San Bernardino County, California",1960
"06071000403","Census Tract 4.03, San Bernardino County, California",1407
"06071000404","Census Tract 4.04, San Bernardino County, California",2063
"06071000501","Census Tract 5.01, San Bernardino County, California",2058
"06071000503","Census Tract 5.03, San Bernardino County, California",1662
"06071000504","Census Tract 5.04, San Bernardino County, California",1573
"06071000603","Census Tract 6.03, San Bernardino County, California",1566
"06071000604","Census Tract 6.04, San Bernardino County, California",1818
"06071000605","Census Tract 6.05, San Bernardino County, California",1340
"06071000606","Census Tract 6.06, San Bernardino County, California",1207
"06071000804","Census Tract 8.04, San Bernardino County, California",1268
"06071000808","Census Tract 8.08, San Bernardino County, California",2075
"06071000812","Census Tract 8.12, San Bernardino County, California",1427
"06071000813","Census Tract 8.13, San Bernardino County, California",1309
"06071000814","Census Tract 8.14, San Bernardino County, California",1366
"06071000815","Census Tract 8.15, San Bernardino County, California",1302
"06071000816","Census Tract 8.16, San Bernardino County, California",1421
"06071000817","Census Tract 8.17, San Bernardino County, California",1569
"06071000818","Census Tract 8.18, San Bernardino County, California",1926
"06071000819","Census Tract 8.19, San Bernardino County, California",2063
"06071000820","Census Tract 8.20, San Bernardino County, California",1387
"06071000821","Census Tract 8.21, San Bernardino County, California",1962
"06071000823","Census Tract 8.23, San Bernardino County, California",2650
"06071000824","Census Tract 8.24, San Bernardino County, California",1906
"06071000825","Census Tract 8.25, San Bernardino County, California",1574
"06071000826","Census Tract 8.26, San Bernardino County, California",1410
"06071000901","Census Tract 9.01, San Bernardino County, California",1829
"06071000903","Census Tract 9.03, San Bernardino County, California",1552
"06071000904","Census Tract 9.04, San Bernardino County, California",1340
"06071001001","Census Tract 10.01, San Bernardino County, California",1553
"06071001002","Census Tract 10.02, San Bernardino County, California",1419
"06071001101","Census Tract 11.01, San Bernardino County, California",1264
"06071001103","Census Tract 11.03, San Bernardino County, California",1350
"06071001104","Census Tract 11.04, San Bernardino County, California",1701
"06071001200","Census Tract 12, San Bernardino County, California",1571
"06071001305","Census Tract 13.05, San Bernardino County, California",1384
"06071001307","Census Tract 13.07, San Bernardino County, California",971
"06071001308","Census Tract 13.08, San Bernardino County, California",1276
"06071001309","Census Tract 13.09, San Bernardino County, California",1181
"06071001310","Census Tract 13.10, San Bernardino County, California",1504
"06071001311","Census Tract 13.11, San Bernardino County, California",1070
"06071001312","Census Tract 13.12, San Bernardino County, California",2285
"06071001400","Census Tract 14, San Bernardino County, California",1364
"06071001501","Census Tract 15.01, San Bernardino County, California",993
"06071001503","Census Tract 15.03, San Bernardino County, California",884
"06071001504","Census Tract 15.04, San Bernardino County, California",1689
"06071001600","Census Tract 16, San Bernardino County, California",1482
"06071001702","Census Tract 17.02, San Bernardino County, California",2008
"06071001703","Census Tract 17.03, San Bernardino County, California",1749
"06071001704","Census Tract 17.04, San Bernardino County, California",1535
"06071001706","Census Tract 17.06, San Bernardino County, California",1879
"06071001707","Census Tract 17.07, San Bernardino County, California",1486
"06071001803","Census Tract 18.03, San Bernardino County, California",1315
"06071001804","Census Tract 18.04, San Bernardino County, California",1876
"06071001806","Census Tract 18.06, San Bernardino County, California",1267
"06071001808","Census Tract 18.08, San Bernardino County, California",1189
"06071001809","Census Tract 18.09, San Bernardino County, California",1130
"06071001810","Census Tract 18.10, San Bernardino County, California",1166
"06071001812","Census Tract 18.12, San Bernardino County, California",1110
"06071001813","Census Tract 18.13, San Bernardino County, California",963
"06071001901","Census Tract 19.01, San Bernardino County, California",1624
"06071001906","Census Tract 19.06, San Bernardino County, California",3973
"06071001907","Census Tract 19.07, San Bernardino County, California",3461
"06071001908","Census Tract 19.08, San Bernardino County, California",1574
"06071001909","Census Tract 19.09, San Bernardino County, California",833
"06071001910","Census Tract 19.10, San Bernardino County, California",696
"06071001911","Census Tract 19.11, San Bernardino County, California",1792
"06071002011","Census Tract 20.11, San Bernardino County, California",1295
"06071002013","Census Tract 20.13, San Bernardino County, California",1649
"06071002014","Census Tract 20.14, San Bernardino County, California",1573
"06071002015","Census Tract 20.15, San Bernardino County, California",1571
"06071002016","Census Tract 20.16, San Bernardino County, California",1229
"06071002017","Census Tract 20.17, San Bernardino County, California",1867
"06071002018","Census Tract 20.18, San Bernardino County, California",1815
"06071002019","Census Tract 20.19, San Bernardino County, California",1759
"06071002021","Census Tract 20.21, San Bernardino County, California",1714
"06071002023","Census Tract 20.23, San Bernardino County, California",2384
"06071002025","Census Tract 20.25, San Bernardino County, California",1889
"06071002027","Census Tract 20.27, San Bernardino County, California",2108
"06071002028","Census Tract 20.28, San Bernardino County, California",1889
"06071002029","Census Tract 20.29, San Bernardino County, California",1931
"06071002031","Census Tract 20.31, San Bernardino County, California",1907
"06071002035","Census Tract 20.35, San Bernardino County, California",2648
"06071002037","Census Tract 20.37, San Bernardino County, California",2140
"06071002038","Census Tract 20.38, San Bernardino County, California",1490
"06071002039","Census Tract 20.39, San Bernardino County, California",1674
"06071002040","Census Tract 20.40, San Bernardino County, California",1365
"06071002041","Census Tract 20.41, San Bernardino County, California",1446
"06071002042","Census Tract 20.42, San Bernardino County, California",736
"06071002043","Census Tract 20.43, San Bernardino County, California",1738
"06071002044","Census Tract 20.44, San Bernardino County, California",1520
"06071002045","Census Tract 20.45, San Bernardino County, California",960
"06071002046","Census Tract 20.46, San Bernardino County, California",2098
"06071002047","Census Tract 20.47, San Bernardino County, California",1599
"06071002048","Census Tract 20.48, San Bernardino County, California",1221
"06071002049","Census Tract 20.49, San Bernardino County, California",1148
"06071002050","Census Tract 20.50, San Bernardino County, California",2298
"06071002051","Census Tract 20.51, San Bernardino County, California",1990
"06071002101","Census Tract 21.01, San Bernardino County, California",1357
"06071002103","Census Tract 21.03, San Bernardino County, California",1952
"06071002105","Census Tract 21.05, San Bernardino County, California",1928
"06071002107","Census Tract 21.07, San Bernardino County, California",1945
"06071002109","Census Tract 21.09, San Bernardino County, California",2764
"06071002111","Census Tract 21.11, San Bernardino County, California",1710
"06071002112","Census Tract 21.12, San Bernardino County, California",1759
"06071002204","Census Tract 22.04, San Bernardino County, California",1502
"06071002206","Census Tract 22.06, San Bernardino County, California",2018
"06071002207","Census Tract 22.07, San Bernardino County, California",1000
"06071002306","Census Tract 23.06, San Bernardino County, California",998
"06071002307","Census Tract 23.07, San Bernardino County, California",1190
"06071002308","Census Tract 23.08, San Bernardino County, California",2340
"06071002309","Census Tract 23.09, San Bernardino County, California",1019
"06071002310","Census Tract 23.10, San Bernardino County, California",1417
"06071002311","Census Tract 23.11, San Bernardino County, California",1306
"06071002312","Census Tract 23.12, San Bernardino County, California",1549
"06071002313","Census Tract 23.13, San Bernardino County, California",1749
"06071002314","Census Tract 23.14, San Bernardino County, California",1756
"06071002315","Census Tract 23.15, San Bernardino County, California",1194
"06071002403","Census Tract 24.03, San Bernardino County, California",1116
"06071002404","Census Tract 24.04, San Bernardino County, California",818
"06071002405","Census Tract 24.05, San Bernardino County, California",1257
"06071002406","Census Tract 24.06, San Bernardino County, California",711
"06071002501","Census Tract 25.01, San Bernardino County, California",1346
"06071002503","Census Tract 25.03, San Bernardino County, California",820
"06071002504","Census Tract 25.04, San Bernardino County, California",876
"06071002602","Census Tract 26.02, San Bernardino County, California",1987
"06071002604","Census Tract 26.04, San Bernardino County, California",1494
"06071002606","Census Tract 26.06, San Bernardino County, California",1942
"06071002608","Census Tract 26.08, San Bernardino County, California",1431
"06071002609","Census Tract 26.09, San Bernardino County, California",973
"06071002610","Census Tract 26.10, San Bernardino County, California",892
"06071002611","Census Tract 26.11, San Bernardino County, California",1138
"06071002703","Census Tract 27.03, San Bernardino County, California",1675
"06071002705","Census Tract 27.05, San Bernardino County, California",1582
"06071002706","Census Tract 27.06, San Bernardino County, California",3632
"06071002707","Census Tract 27.07, San Bernardino County, California",805
"06071002708","Census Tract 27.08, San Bernardino County, California",1743
"06071002709","Census Tract 27.09, San Bernardino County, California",1068
"06071002801","Census Tract 28.01, San Bernardino County, California",1438
"06071002803","Census Tract 28.03, San Bernardino County, California",1059
"06071002804","Census Tract 28.04, San Bernardino County, California",1562
"06071002901","Census Tract 29.01, San Bernardino County, California",1245
"06071002902","Census Tract 29.02, San Bernardino County, California",1935
"06071003000","Census Tract 30, San Bernardino County, California",1156
"06071003101","Census Tract 31.01, San Bernardino County, California",1222
"06071003102","Census Tract 31.02, San Bernardino County, California",1503
"06071003201","Census Tract 32.01, San Bernardino County, California",1014
"06071003202","Census Tract 32.02, San Bernardino County, California",1165
"06071003301","Census Tract 33.01, San Bernardino County, California",1645
"06071003302","Census Tract 33.02, San Bernardino County, California",2036
"06071003401","Census Tract 34.01, San Bernardino County, California",1864
"06071003403","Census Tract 34.03, San Bernardino County, California",1080
"06071003404","Census Tract 34.04, San Bernardino County, California",1426
"06071003405","Census Tract 34.05, San Bernardino County, California",1607
"06071003503","Census Tract 35.03, San Bernardino County, California",1381
"06071003505","Census Tract 35.05, San Bernardino County, California",1781
"06071003506","Census Tract 35.06, San Bernardino County, California",1340
"06071003507","Census Tract 35.07, San Bernardino County, California",1213
"06071003509","Census Tract 35.09, San Bernardino County, California",1394
"06071003510","Census Tract 35.10, San Bernardino County, California",1296
"06071003603","Census Tract 36.03, San Bernardino County, California",1041
"06071003605","Census Tract 36.05, San Bernardino County, California",1058
"06071003606","Census Tract 36.06, San Bernardino County, California",1378
"06071003607","Census Tract 36.07, San Bernardino County, California",1652
"06071003609","Census Tract 36.09, San Bernardino County, California",1457
"06071003611","Census Tract 36.11, San Bernardino County, California",1383
"06071003612","Census Tract 36.12, San Bernardino County, California",1120
"06071003700","Census Tract 37, San Bernardino County, California",1328
"06071003801","Census Tract 38.01, San Bernardino County, California",1376
"06071003803","Census Tract 38.03, San Bernardino County, California",1248
"06071003804","Census Tract 38.04, San Bernardino County, California",1211
"06071003900","Census Tract 39, San Bernardino County, California",1421
"06071004001","Census Tract 40.01, San Bernardino County, California",1003
"06071004003","Census Tract 40.03, San Bernardino County, California",1379
"06071004004","Census Tract 40.04, San Bernardino County, California",1531
"06071004101","Census Tract 41.01, San Bernardino County, California",1325
"06071004103","Census Tract 41.03, San Bernardino County, California",1305
"06071004104","Census Tract 41.04, San Bernardino County, California",1177
"06071004201","Census Tract 42.01, San Bernardino County, California",1869
"06071004202","Census Tract 42.02, San Bernardino County, California",1505
"06071004301","Census Tract 43.01, San Bernardino County, California",1076
"06071004302","Census Tract 43.02, San Bernardino County, California",1289
"06071004401","Census Tract 44.01, San Bernardino County, California",1189
"06071004403","Census Tract 44.03, San Bernardino County, California",1525
"06071004404","Census Tract 44.04, San Bernardino County, California",1660
"06071004503","Census Tract 45.03, San Bernardino County, California",1132
"06071004505","Census Tract 45.05, San Bernardino County, California",1741
"06071004507","Census Tract 45.07, San Bernardino County, California",1663
"06071004509","Census Tract 45.09, San Bernardino County, California",1543
"06071004510","Census Tract 45.10, San Bernardino County, California",1521
"06071004511","Census Tract 45.11, San Bernardino County, California",1286
"06071004512","Census Tract 45.12, San Bernardino County, California",1644
"06071004601","Census Tract 46.01, San Bernardino County, California",2482
"06071004603","Census Tract 46.03, San Bernardino County, California",2374
"06071004604","Census Tract 46.04, San Bernardino County, California",1623
"06071004700","Census Tract 47, San Bernardino County, California",1552
"06071004800","Census Tract 48, San Bernardino County, California",906
"06071004901","Census Tract 49.01, San Bernardino County, California",1185
"06071004902","Census Tract 49.02, San Bernardino County, California",801
"06071005101","Census Tract 51.01, San Bernardino County, California",1524
"06071005102","Census Tract 51.02, San Bernardino County, California",1429
"06071005200","Census Tract 52, San Bernardino County, California",1468
"06071005300","Census Tract 53, San Bernardino County, California",1764
"06071005400","Census Tract 54, San Bernardino County, California",2015
"06071005501","Census Tract 55.01, San Bernardino County, California",791
"06071005502","Census Tract 55.02, San Bernardino County, California",1957
"06071005601","Census Tract 56.01, San Bernardino County, California",1161
"06071005602","Census Tract 56.02, San Bernardino County, California",917
"06071005701","Census Tract 57.01, San Bernardino County, California",1013
"06071005800","Census Tract 58, San Bernardino County, California",1384
"06071006101","Census Tract 61.01, San Bernardino County, California",1438
"06071006102","Census Tract 61.02, San Bernardino County, California",1355
"06071006201","Census Tract 62.01, San Bernardino County, California",1146
"06071006203","Census Tract 62.03, San Bernardino County, California",1680
"06071006204","Census Tract 62.04, San Bernardino County, California",1464
"06071006301","Census Tract 63.01, San Bernardino County, California",1643
"06071006303","Census Tract 63.03, San Bernardino County, California",1317
"06071006304","Census Tract 63.04, San Bernardino County, California",1196
"06071006401","Census Tract 64.01, San Bernardino County, California",882
"06071006402","Census Tract 64.02, San Bernardino County, California",1427
"06071006501","Census Tract 65.01, San Bernardino County, California",948
"06071006502","Census Tract 65.02, San Bernardino County, California",1007
"06071006601","Census Tract 66.01, San Bernardino County, California",1327
"06071006603","Census Tract 66.03, San Bernardino County, California",1343
"06071006604","Census Tract 66.04, San Bernardino County, California",1220
"06071006700","Census Tract 67, San Bernardino County, California",1206
"06071007001","Census Tract 70.01, San Bernardino County, California",956
"06071007002","Census Tract 70.02, San Bernardino County, California",1419
"06071007104","Census Tract 71.04, San Bernardino County, California",1435
"06071007105","Census Tract 71.05, San Bernardino County, California",1282
"06071007106","Census Tract 71.06, San Bernardino County, California",1556
"06071007107","Census Tract 71.07, San Bernardino County, California",1268
"06071007108","Census Tract 71.08, San Bernardino County, California",1096
"06071007110","Census Tract 71.10, San Bernardino County, California",1508
"06071007111","Census Tract 71.11, San Bernardino County, California",1489
"06071007112","Census Tract 71.12, San Bernardino County, California",1283
"06071007201","Census Tract 72.01, San Bernardino County, California",1071
"06071007202","Census Tract 72.02, San Bernardino County, California",816
"06071007303","Census Tract 73.03, San Bernardino County, California",2283
"06071007305","Census Tract 73.05, San Bernardino County, California",1826
"06071007306","Census Tract 73.06, San Bernardino County, California",2430
"06071007307","Census Tract 73.07, San Bernardino County, California",1937
"06071007308","Census Tract 73.08, San Bernardino County, California",2002
"06071007404","Census Tract 74.04, San Bernardino County, California",1737
"06071007407","Census Tract 74.07, San Bernardino County, California",928
"06071007408","Census Tract 74.08, San Bernardino County, California",1373
"06071007409","Census Tract 74.09, San Bernardino County, California",1817
"06071007410","Census Tract 74.10, San Bernardino County, California",2278
"06071007411","Census Tract 74.11, San Bernardino County, California",503
"06071007412","Census Tract 74.12, San Bernardino County, California",2187
"06071007603","Census Tract 76.03, San Bernardino County, California",1581
"06071007604","Census Tract 76.04, San Bernardino County, California",1395
"06071007605","Census Tract 76.05, San Bernardino County, California",1190
"06071007606","Census Tract 76.06, San Bernardino County, California",958
"06071007800","Census Tract 78, San Bernardino County, California",3250
"06071007903","Census Tract 79.03, San Bernardino County, California",1581
"06071007904","Census Tract 79.04, San Bernardino County, California",2218
"06071007905","Census Tract 79.05, San Bernardino County, California",1245
"06071007906","Census Tract 79.06, San Bernardino County, California",1389
"06071008001","Census Tract 80.01, San Bernardino County, California",2227
"06071008003","Census Tract 80.03, San Bernardino County, California",1255
"06071008004","Census Tract 80.04, San Bernardino County, California",1011
"06071008100","Census Tract 81, San Bernardino County, California",1621
"06071008201","Census Tract 82.01, San Bernardino County, California",1761
"06071008202","Census Tract 82.02, San Bernardino County, California",1016
"06071008301","Census Tract 83.01, San Bernardino County, California",2713
"06071008302","Census Tract 83.02, San Bernardino County, California",1292
"06071008402","Census Tract 84.02, San Bernardino County, California",2317
"06071008403","Census Tract 84.03, San Bernardino County, California",2168
"06071008404","Census Tract 84.04, San Bernardino County, California",1153
"06071008405","Census Tract 84.05, San Bernardino County, California",1670
"06071008406","Census Tract 84.06, San Bernardino County, California",1820
"06071008501","Census Tract 85.01, San Bernardino County, California",1518
"06071008502","Census Tract 85.02, San Bernardino County, California",1793
"06071008601","Census Tract 86.01, San Bernardino County, California",2330
"06071008602","Census Tract 86.02, San Bernardino County, California",1413
"06071008705","Census Tract 87.05, San Bernardino County, California",1736
"06071008708","Census Tract 87.08, San Bernardino County, California",1501
"06071008709","Census Tract 87.09, San Bernardino County, California",1793
"06071008710","Census Tract 87.10, San Bernardino County, California",1945
"06071008711","Census Tract 87.11, San Bernardino County, California",1370
"06071008712","Census Tract 87.12, San Bernardino County, California",1557
"06071008713","Census Tract 87.13, San Bernardino County, California",1597
"06071008714","Census Tract 87.14, San Bernardino County, California",1600
"06071008715","Census Tract 87.15, San Bernardino County, California",2475
"06071008716","Census Tract 87.16, San Bernardino County, California",2289
"06071008800","Census Tract 88, San Bernardino County, California",2530
"06071008901","Census Tract 89.01, San Bernardino County, California",1094
"06071009109","Census Tract 91.09, San Bernardino County, California",2214
"06071009119","Census Tract 91.19, San Bernardino County, California",2090
"06071009120","Census Tract 91.20, San Bernardino County, California",1612
"06071009121","Census Tract 91.21, San Bernardino County, California",1300
"06071009122","Census Tract 91.22, San Bernardino County, California",1329
"06071009123","Census Tract 91.23, San Bernardino County, California",969
"06071009124","Census Tract 91.24, San Bernardino County, California",1243
"06071009125","Census Tract 91.25, San Bernardino County, California",1585
"06071009126","Census Tract 91.26, San Bernardino County, California",1975
"06071009127","Census Tract 91.27, San Bernardino County, California",2071
"06071009128","Census Tract 91.28, San Bernardino County, California",1503
"06071009129","Census Tract 91.29, San Bernardino County, California",1747
"06071009130","Census Tract 91.30, San Bernardino County, California",1267
"06071009131","Census Tract 91.31, San Bernardino County, California",1639
"06071009132","Census Tract 91.32, San Bernardino County, California",823
"06071009133","Census Tract 91.33, San Bernardino County, California",1649
"06071009134","Census Tract 91.34, San Bernardino County, California",342
"06071009135","Census Tract 91.35, San Bernardino County, California",1640
"06071009136","Census Tract 91.36, San Bernardino County, California",1477
"06071009137","Census Tract 91.37, San Bernardino County, California",1187
"06071009138","Census Tract 91.38, San Bernardino County, California",1436
"06071009139","Census Tract 91.39, San Bernardino County, California",1451
"06071009201","Census Tract 92.01, San Bernardino County, California",2684
"06071009202","Census Tract 92.02, San Bernardino County, California",1036
"06071009300","Census Tract 93, San Bernardino County, California",495
"06071009400","Census Tract 94, San Bernardino County, California",1612
"06071009501","Census Tract 95.01, San Bernardino County, California",1554
"06071009502","Census Tract 95.02, San Bernardino County, California",1486
"06071009708","Census Tract 97.08, San Bernardino County, California",2276
"06071009709","Census Tract 97.09, San Bernardino County, California",2171
"06071009712","Census Tract 97.12, San Bernardino County, California",2234
"06071009713","Census Tract 97.13, San Bernardino County, California",2473
"06071009714","Census Tract 97.14, San Bernardino County, California",1383
"06071009717","Census Tract 97.17, San Bernardino County, California",1496
"06071009718","Census Tract 97.18, San Bernardino County, California",2698
"06071009719","Census Tract 97.19, San Bernardino County, California",1232
"06071009720","Census Tract 97.20, San Bernardino County, California",581
"06071009721","Census Tract 97.21, San Bernardino County, California",1848
"06071009722","Census Tract 97.22, San Bernardino County, California",1199
"06071009723","Census Tract 97.23, San Bernardino County, California",1987
"06071009724","Census Tract 97.24, San Bernardino County, California",1456
"06071009725","Census Tract 97.25, San Bernardino County, California",1890
"06071009726","Census Tract 97.26, San Bernardino County, California",1257
"06071009727","Census Tract 97.27, San Bernardino County, California",1534
"06071009800","Census Tract 98, San Bernardino County, California",1620
"06071009906","Census Tract 99.06, San Bernardino County, California",1554
"06071009908","Census Tract 99.08, San Bernardino County, California",1569
"06071009910","Census Tract 99.10, San Bernardino County, California",1482
"06071009911","Census Tract 99.11, San Bernardino County, California",1976
"06071009912","Census Tract 99.12, San Bernardino County, California",1968
"06071009913","Census Tract 99.13, San Bernardino County, California",1985
"06071009914","Census Tract 99.14, San Bernardino County, California",1311
"06071009915","Census Tract 99.15, San Bernardino County, California",810
"06071009916","Census Tract 99.16, San Bernardino County, California",1865
"06071009917","Census Tract 99.17, San Bernardino County, California",2078
"06071009918","Census Tract 99.18, San Bernardino County, California",1113
"06071010009","Census Tract 100.09, San Bernardino County, California",1480
"06071010010","Census Tract 100.10, San Bernardino County, California",2067
"06071010011","Census Tract 100.11, San Bernardino County, California",1656
"06071010012","Census Tract 100.12, San Bernardino County, California",1630
"06071010014","Census Tract 100.14, San Bernardino County, California",1474
"06071010015","Census Tract 100.15, San Bernardino County, California",1766
"06071010016","Census Tract 100.16, San Bernardino County, California",1941
"06071010019","Census Tract 100.19, San Bernardino County, California",1700
"06071010021","Census Tract 100.21, San Bernardino County, California",2278
"06071010022","Census Tract 100.22, San Bernardino County, California",1539
"06071010023","Census Tract 100.23, San Bernardino County, California",1931
"06071010024","Census Tract 100.24, San Bernardino County, California",1891
"06071010027","Census Tract 100.27, San Bernardino County, California",1596
"06071010028","Census Tract 100.28, San Bernardino County, California",1291
"06071010029","Census Tract 100.29, San Bernardino County, California",1275
"06071010030","Census Tract 100.30, San Bernardino County, California",899
"06071010031","Census Tract 100.31, San Bernardino County, California",1404
"06071010032","Census Tract 100.32, San Bernardino County, California",2056
"06071010033","Census Tract 100.33, San Bernardino County, California",932
"06071010034","Census Tract 100.34, San Bernardino County, California",1660
"06071010035","Census Tract 100.35, San Bernardino County, California",1064
"06071010036","Census Tract 100.36, San Bernardino County, California",1706
"06071010037","Census Tract 100.37, San Bernardino County, California",2454
"06071010038","Census Tract 100.38, San Bernardino County, California",1552
"06071010039","Census Tract 100.39, San Bernardino County, California",1103
"06071010040","Census Tract 100.40, San Bernardino County, California",1445
"06071010041","Census Tract 100.41, San Bernardino County, California",1679
"06071010042","Census Tract 100.42, San Bernardino County, California",1333
"06071010300","Census Tract 103, San Bernardino County, California",1590
"06071010402","Census Tract 104.02, San Bernardino County, California",1825
"06071010410","Census Tract 104.10, San Bernardino County, California",1586
"06071010413","Census Tract 104.13, San Bernardino County, California",2947
"06071010415","Census Tract 104.15, San Bernardino County, California",2438
"06071010417","Census Tract 104.17, San Bernardino County, California",1779
"06071010419","Census Tract 104.19, San Bernardino County, California",2472
"06071010420","Census Tract 104.20, San Bernardino County, California",2243
"06071010422","Census Tract 104.22, San Bernardino County, California",793
"06071010424","Census Tract 104.24, San Bernardino County, California",1526
"06071010425","Census Tract 104.25, San Bernardino County, California",965
"06071010426","Census Tract 104.26, San Bernardino County, California",1129
"06071010427","Census Tract 104.27, San Bernardino County, California",1473
"06071010428","Census Tract 104.28, San Bernardino County, California",2049
"06071010429","Census Tract 104.29, San Bernardino County, California",1823
"06071010430","Census Tract 104.30, San Bernardino County, California",1504
"06071010431","Census Tract 104.31, San Bernardino County, California",1392
"06071010432","Census Tract 104.32, San Bernardino County, California",924
"06071010433","Census Tract 104.33, San Bernardino County, California",2039
"06071010434","Census Tract 104.34, San Bernardino County, California",813
"06071010435","Census Tract 104.35, San Bernardino County, California",1510
"06071010436","Census Tract 104.36, San Bernardino County, California",1055
"06071010700","Census Tract 107, San Bernardino County, California",1729
"06071010803","Census Tract 108.03, San Bernardino County, California",2483
"06071010804","Census Tract 108.04, San Bernardino County, California",1918
"06071010805","Census Tract 108.05, San Bernardino County, California",1394
"06071010806","Census Tract 108.06, San Bernardino County, California",1778
"06071010903","Census Tract 109.03, San Bernardino County, California",2627
"06071010904","Census Tract 109.04, San Bernardino County, California",1895
"06071010905","Census Tract 109.05, San Bernardino County, California",2352
"06071010906","Census Tract 109.06, San Bernardino County, California",1547
"06071011002","Census Tract 110.02, San Bernardino County, California",1239
"06071011003","Census Tract 110.03, San Bernardino County, California",1726
"06071011004","Census Tract 110.04, San Bernardino County, California",690
"06071011101","Census Tract 111.01, San Bernardino County, California",2604
"06071011102","Census Tract 111.02, San Bernardino County, California",2485
"06071011203","Census Tract 112.03, San Bernardino County, California",2280
"06071011204","Census Tract 112.04, San Bernardino County, California",3010
"06071011205","Census Tract 112.05, San Bernardino County, California",1518
"06071011206","Census Tract 112.06, San Bernardino County, California",2578
"06071011300","Census Tract 113, San Bernardino County, California",2193
"06071011404","Census Tract 114.04, San Bernardino County, California",2534
"06071011405","Census Tract 114.05, San Bernardino County, California",2661
"06071011406","Census Tract 114.06, San Bernardino County, California",1819
"06071011407","Census Tract 114.07, San Bernardino County, California",1930
"06071011408","Census Tract 114.08, San Bernardino County, California",2310
"06071011500","Census Tract 115, San Bernardino County, California",1496
"06071011601","Census Tract 116.01, San Bernardino County, California",2786
"06071011602","Census Tract 116.02, San Bernardino County, California",743
"06071011700","Census Tract 117, San Bernardino County, California",626
"06071011801","Census Tract 118.01, San Bernardino County, California",1446
"06071011802","Census Tract 118.02, San Bernardino County, California",1178
"06071011900","Census Tract 119, San Bernardino County, California",1101
"06071012001","Census Tract 120.01, San Bernardino County, California",2163
"06071012002","Census Tract 120.02, San Bernardino County, California",2254
"06071012101","Census Tract 121.01, San Bernardino County, California",2359
"06071012103","Census Tract 121.03, San Bernardino County, California",1707
"06071012105","Census Tract 121.05, San Bernardino County, California",1217
"06071012106","Census Tract 121.06, San Bernardino County, California",1085
"06071012201","Census Tract 122.01, San Bernardino County, California",2525
"06071012202","Census Tract 122.02, San Bernardino County, California",0
"06071012300","Census Tract 123, San Bernardino County, California",0
"06071012400","Census Tract 124, San Bernardino County, California",865
"06071012500","Census Tract 125, San Bernardino County, California",1341
"06071012700","Census Tract 127, San Bernardino County, California",1399
"06071025000","Census Tract 250, San Bernardino County, California",2468
"06071025100","Census Tract 251, San Bernardino County, California",2233
"06071940100","Census Tract 9401, San Bernardino County, California",1445
"06071980100","Census Tract 9801, San Bernardino County, California",1
"06071980200","Census Tract 9802, San Bernardino County, California",1
"06073000100","Census Tract 1, San Diego County, California",1295
"06073000201","Census Tract 2.01, San Diego County, California",1139
"06073000202","Census Tract 2.02, San Diego County, California",2449
"06073000301","Census Tract 3.01, San Diego County, California",1394
"06073000302","Census Tract 3.02, San Diego County, California",1988
"06073000400","Census Tract 4, San Diego County, California",2470
"06073000500","Census Tract 5, San Diego County, California",1730
"06073000600","Census Tract 6, San Diego County, California",2083
"06073000700","Census Tract 7, San Diego County, California",2568
"06073000800","Census Tract 8, San Diego County, California",2898
"06073000901","Census Tract 9.01, San Diego County, California",1901
"06073000902","Census Tract 9.02, San Diego County, California",1567
"06073001000","Census Tract 10, San Diego County, California",2711
"06073001100","Census Tract 11, San Diego County, California",1804
"06073001201","Census Tract 12.01, San Diego County, California",1276
"06073001202","Census Tract 12.02, San Diego County, California",1778
"06073001301","Census Tract 13.01, San Diego County, California",1607
"06073001302","Census Tract 13.02, San Diego County, California",2013
"06073001400","Census Tract 14, San Diego County, California",1751
"06073001500","Census Tract 15, San Diego County, California",2058
"06073001600","Census Tract 16, San Diego County, California",2536
"06073001700","Census Tract 17, San Diego County, California",2336
"06073001801","Census Tract 18.01, San Diego County, California",1022
"06073001802","Census Tract 18.02, San Diego County, California",1716
"06073001900","Census Tract 19, San Diego County, California",1519
"06073002001","Census Tract 20.01, San Diego County, California",1620
"06073002002","Census Tract 20.02, San Diego County, California",1199
"06073002100","Census Tract 21, San Diego County, California",2647
"06073002201","Census Tract 22.01, San Diego County, California",1282
"06073002202","Census Tract 22.02, San Diego County, California",1824
"06073002301","Census Tract 23.01, San Diego County, California",1271
"06073002302","Census Tract 23.02, San Diego County, California",2218
"06073002401","Census Tract 24.01, San Diego County, California",1700
"06073002402","Census Tract 24.02, San Diego County, California",1552
"06073002501","Census Tract 25.01, San Diego County, California",1601
"06073002502","Census Tract 25.02, San Diego County, California",2057
"06073002601","Census Tract 26.01, San Diego County, California",1688
"06073002602","Census Tract 26.02, San Diego County, California",1258
"06073002702","Census Tract 27.02, San Diego County, California",2106
"06073002703","Census Tract 27.03, San Diego County, California",2391
"06073002705","Census Tract 27.05, San Diego County, California",1305
"06073002707","Census Tract 27.07, San Diego County, California",1596
"06073002708","Census Tract 27.08, San Diego County, California",2091
"06073002709","Census Tract 27.09, San Diego County, California",1153
"06073002710","Census Tract 27.10, San Diego County, California",1216
"06073002711","Census Tract 27.11, San Diego County, California",928
"06073002712","Census Tract 27.12, San Diego County, California",1798
"06073002801","Census Tract 28.01, San Diego County, California",909
"06073002803","Census Tract 28.03, San Diego County, California",2547
"06073002804","Census Tract 28.04, San Diego County, California",1587
"06073002902","Census Tract 29.02, San Diego County, California",2703
"06073002903","Census Tract 29.03, San Diego County, California",1401
"06073002904","Census Tract 29.04, San Diego County, California",2683
"06073002905","Census Tract 29.05, San Diego County, California",1746
"06073003001","Census Tract 30.01, San Diego County, California",1287
"06073003003","Census Tract 30.03, San Diego County, California",1616
"06073003004","Census Tract 30.04, San Diego County, California",1390
"06073003101","Census Tract 31.01, San Diego County, California",1093
"06073003103","Census Tract 31.03, San Diego County, California",1677
"06073003105","Census Tract 31.05, San Diego County, California",1067
"06073003107","Census Tract 31.07, San Diego County, California",1622
"06073003108","Census Tract 31.08, San Diego County, California",986
"06073003109","Census Tract 31.09, San Diego County, California",822
"06073003111","Census Tract 31.11, San Diego County, California",1739
"06073003112","Census Tract 31.12, San Diego County, California",1317
"06073003113","Census Tract 31.13, San Diego County, California",1285
"06073003114","Census Tract 31.14, San Diego County, California",804
"06073003115","Census Tract 31.15, San Diego County, California",1803
"06073003201","Census Tract 32.01, San Diego County, California",1502
"06073003202","Census Tract 32.02, San Diego County, California",1339
"06073003204","Census Tract 32.04, San Diego County, California",1127
"06073003207","Census Tract 32.07, San Diego County, California",2192
"06073003208","Census Tract 32.08, San Diego County, California",2312
"06073003209","Census Tract 32.09, San Diego County, California",1778
"06073003211","Census Tract 32.11, San Diego County, California",896
"06073003212","Census Tract 32.12, San Diego County, California",1139
"06073003213","Census Tract 32.13, San Diego County, California",1077
"06073003214","Census Tract 32.14, San Diego County, California",1576
"06073003301","Census Tract 33.01, San Diego County, California",959
"06073003303","Census Tract 33.03, San Diego County, California",1201
"06073003304","Census Tract 33.04, San Diego County, California",1064
"06073003305","Census Tract 33.05, San Diego County, California",1678
"06073003401","Census Tract 34.01, San Diego County, California",2122
"06073003403","Census Tract 34.03, San Diego County, California",1118
"06073003404","Census Tract 34.04, San Diego County, California",1175
"06073003501","Census Tract 35.01, San Diego County, California",1130
"06073003502","Census Tract 35.02, San Diego County, California",1290
"06073003601","Census Tract 36.01, San Diego County, California",793
"06073003602","Census Tract 36.02, San Diego County, California",797
"06073003603","Census Tract 36.03, San Diego County, California",1088
"06073003800","Census Tract 38, San Diego County, California",619
"06073003901","Census Tract 39.01, San Diego County, California",1064
"06073003902","Census Tract 39.02, San Diego County, California",1353
"06073004000","Census Tract 40, San Diego County, California",1269
"06073004101","Census Tract 41.01, San Diego County, California",1986
"06073004102","Census Tract 41.02, San Diego County, California",856
"06073004200","Census Tract 42, San Diego County, California",2501
"06073004300","Census Tract 43, San Diego County, California",1884
"06073004400","Census Tract 44, San Diego County, California",1864
"06073004501","Census Tract 45.01, San Diego County, California",1457
"06073004600","Census Tract 46, San Diego County, California",1145
"06073004700","Census Tract 47, San Diego County, California",697
"06073004800","Census Tract 48, San Diego County, California",1183
"06073004900","Census Tract 49, San Diego County, California",1646
"06073005000","Census Tract 50, San Diego County, California",714
"06073005101","Census Tract 51.01, San Diego County, California",1991
"06073005102","Census Tract 51.02, San Diego County, California",3745
"06073005103","Census Tract 51.03, San Diego County, California",870
"06073005201","Census Tract 52.01, San Diego County, California",2256
"06073005202","Census Tract 52.02, San Diego County, California",3289
"06073005301","Census Tract 53.01, San Diego County, California",2129
"06073005302","Census Tract 53.02, San Diego County, California",1561
"06073005401","Census Tract 54.01, San Diego County, California",1591
"06073005402","Census Tract 54.02, San Diego County, California",3099
"06073005403","Census Tract 54.03, San Diego County, California",2222
"06073005500","Census Tract 55, San Diego County, California",5
"06073005601","Census Tract 56.01, San Diego County, California",1954
"06073005602","Census Tract 56.02, San Diego County, California",1437
"06073005700","Census Tract 57, San Diego County, California",955
"06073005801","Census Tract 58.01, San Diego County, California",1578
"06073005802","Census Tract 58.02, San Diego County, California",1898
"06073005900","Census Tract 59, San Diego County, California",2000
"06073006000","Census Tract 60, San Diego County, California",2654
"06073006100","Census Tract 61, San Diego County, California",1267
"06073006200","Census Tract 62, San Diego County, California",52
"06073006300","Census Tract 63, San Diego County, California",22
"06073006500","Census Tract 65, San Diego County, California",1749
"06073006600","Census Tract 66, San Diego County, California",516
"06073006801","Census Tract 68.01, San Diego County, California",1446
"06073006802","Census Tract 68.02, San Diego County, California",2754
"06073006900","Census Tract 69, San Diego County, California",2256
"06073007002","Census Tract 70.02, San Diego County, California",1263
"06073007100","Census Tract 71, San Diego County, California",2401
"06073007200","Census Tract 72, San Diego County, California",1638
"06073007302","Census Tract 73.02, San Diego County, California",892
"06073007303","Census Tract 73.03, San Diego County, California",1021
"06073007304","Census Tract 73.04, San Diego County, California",2007
"06073007401","Census Tract 74.01, San Diego County, California",1612
"06073007402","Census Tract 74.02, San Diego County, California",1660
"06073007501","Census Tract 75.01, San Diego County, California",2385
"06073007502","Census Tract 75.02, San Diego County, California",1857
"06073007601","Census Tract 76.01, San Diego County, California",1977
"06073007602","Census Tract 76.02, San Diego County, California",1597
"06073007701","Census Tract 77.01, San Diego County, California",2363
"06073007702","Census Tract 77.02, San Diego County, California",2287
"06073007800","Census Tract 78, San Diego County, California",2794
"06073007905","Census Tract 79.05, San Diego County, California",1678
"06073007907","Census Tract 79.07, San Diego County, California",1763
"06073007908","Census Tract 79.08, San Diego County, California",1548
"06073007910","Census Tract 79.10, San Diego County, California",1752
"06073007911","Census Tract 79.11, San Diego County, California",1567
"06073007912","Census Tract 79.12, San Diego County, California",1065
"06073008002","Census Tract 80.02, San Diego County, California",1096
"06073008003","Census Tract 80.03, San Diego County, California",1863
"06073008006","Census Tract 80.06, San Diego County, California",2155
"06073008101","Census Tract 81.01, San Diego County, California",2334
"06073008102","Census Tract 81.02, San Diego County, California",1541
"06073008201","Census Tract 82.01, San Diego County, California",1246
"06073008202","Census Tract 82.02, San Diego County, California",1021
"06073008301","Census Tract 83.01, San Diego County, California",1315
"06073008303","Census Tract 83.03, San Diego County, California",1764
"06073008305","Census Tract 83.05, San Diego County, California",816
"06073008306","Census Tract 83.06, San Diego County, California",1215
"06073008307","Census Tract 83.07, San Diego County, California",1603
"06073008310","Census Tract 83.10, San Diego County, California",2543
"06073008311","Census Tract 83.11, San Diego County, California",1177
"06073008312","Census Tract 83.12, San Diego County, California",2042
"06073008313","Census Tract 83.13, San Diego County, California",912
"06073008324","Census Tract 83.24, San Diego County, California",3060
"06073008327","Census Tract 83.27, San Diego County, California",2523
"06073008328","Census Tract 83.28, San Diego County, California",2696
"06073008330","Census Tract 83.30, San Diego County, California",2091
"06073008331","Census Tract 83.31, San Diego County, California",909
"06073008336","Census Tract 83.36, San Diego County, California",742
"06073008337","Census Tract 83.37, San Diego County, California",1344
"06073008339","Census Tract 83.39, San Diego County, California",884
"06073008343","Census Tract 83.43, San Diego County, California",2071
"06073008344","Census Tract 83.44, San Diego County, California",1297
"06073008345","Census Tract 83.45, San Diego County, California",1831
"06073008346","Census Tract 83.46, San Diego County, California",1781
"06073008347","Census Tract 83.47, San Diego County, California",2136
"06073008348","Census Tract 83.48, San Diego County, California",1807
"06073008349","Census Tract 83.49, San Diego County, California",1083
"06073008350","Census Tract 83.50, San Diego County, California",2243
"06073008351","Census Tract 83.51, San Diego County, California",1373
"06073008352","Census Tract 83.52, San Diego County, California",1158
"06073008353","Census Tract 83.53, San Diego County, California",1563
"06073008355","Census Tract 83.55, San Diego County, California",960
"06073008356","Census Tract 83.56, San Diego County, California",1363
"06073008357","Census Tract 83.57, San Diego County, California",1502
"06073008358","Census Tract 83.58, San Diego County, California",2230
"06073008359","Census Tract 83.59, San Diego County, California",1838
"06073008360","Census Tract 83.60, San Diego County, California",2194
"06073008361","Census Tract 83.61, San Diego County, California",1559
"06073008362","Census Tract 83.62, San Diego County, California",1742
"06073008363","Census Tract 83.63, San Diego County, California",2295
"06073008364","Census Tract 83.64, San Diego County, California",2868
"06073008365","Census Tract 83.65, San Diego County, California",932
"06073008366","Census Tract 83.66, San Diego County, California",2212
"06073008367","Census Tract 83.67, San Diego County, California",1173
"06073008368","Census Tract 83.68, San Diego County, California",1984
"06073008369","Census Tract 83.69, San Diego County, California",1994
"06073008370","Census Tract 83.70, San Diego County, California",1949
"06073008371","Census Tract 83.71, San Diego County, California",1789
"06073008372","Census Tract 83.72, San Diego County, California",1450
"06073008373","Census Tract 83.73, San Diego County, California",1284
"06073008374","Census Tract 83.74, San Diego County, California",1292
"06073008375","Census Tract 83.75, San Diego County, California",2320
"06073008376","Census Tract 83.76, San Diego County, California",3030
"06073008377","Census Tract 83.77, San Diego County, California",1429
"06073008378","Census Tract 83.78, San Diego County, California",592
"06073008379","Census Tract 83.79, San Diego County, California",2371
"06073008380","Census Tract 83.80, San Diego County, California",2827
"06073008381","Census Tract 83.81, San Diego County, California",965
"06073008501","Census Tract 85.01, San Diego County, California",2172
"06073008502","Census Tract 85.02, San Diego County, California",2409
"06073008503","Census Tract 85.03, San Diego County, California",3033
"06073008504","Census Tract 85.04, San Diego County, California",2397
"06073008505","Census Tract 85.05, San Diego County, California",2185
"06073008506","Census Tract 85.06, San Diego County, California",1561
"06073008507","Census Tract 85.07, San Diego County, California",2975
"06073008509","Census Tract 85.09, San Diego County, California",2786
"06073008510","Census Tract 85.10, San Diego County, California",2891
"06073008511","Census Tract 85.11, San Diego County, California",2746
"06073008512","Census Tract 85.12, San Diego County, California",1669
"06073008513","Census Tract 85.13, San Diego County, California",1127
"06073008600","Census Tract 86, San Diego County, California",2075
"06073008701","Census Tract 87.01, San Diego County, California",1270
"06073008702","Census Tract 87.02, San Diego County, California",1814
"06073008800","Census Tract 88, San Diego County, California",2069
"06073008901","Census Tract 89.01, San Diego County, California",2573
"06073008902","Census Tract 89.02, San Diego County, California",1603
"06073009000","Census Tract 90, San Diego County, California",1368
"06073009101","Census Tract 91.01, San Diego County, California",2412
"06073009102","Census Tract 91.02, San Diego County, California",1853
"06073009103","Census Tract 91.03, San Diego County, California",1706
"06073009104","Census Tract 91.04, San Diego County, California",1182
"06073009107","Census Tract 91.07, San Diego County, California",2562
"06073009108","Census Tract 91.08, San Diego County, California",901
"06073009109","Census Tract 91.09, San Diego County, California",88
"06073009201","Census Tract 92.01, San Diego County, California",2202
"06073009203","Census Tract 92.03, San Diego County, California",2346
"06073009204","Census Tract 92.04, San Diego County, California",1299
"06073009301","Census Tract 93.01, San Diego County, California",1768
"06073009305","Census Tract 93.05, San Diego County, California",2341
"06073009306","Census Tract 93.06, San Diego County, California",2506
"06073009307","Census Tract 93.07, San Diego County, California",2699
"06073009308","Census Tract 93.08, San Diego County, California",2482
"06073009400","Census Tract 94, San Diego County, California",558
"06073009502","Census Tract 95.02, San Diego County, California",1574
"06073009504","Census Tract 95.04, San Diego County, California",2614
"06073009505","Census Tract 95.05, San Diego County, California",2763
"06073009506","Census Tract 95.06, San Diego County, California",1656
"06073009507","Census Tract 95.07, San Diego County, California",1522
"06073009509","Census Tract 95.09, San Diego County, California",2680
"06073009510","Census Tract 95.10, San Diego County, California",1290
"06073009511","Census Tract 95.11, San Diego County, California",1040
"06073009602","Census Tract 96.02, San Diego County, California",1773
"06073009603","Census Tract 96.03, San Diego County, California",3624
"06073009604","Census Tract 96.04, San Diego County, California",1579
"06073009703","Census Tract 97.03, San Diego County, California",1393
"06073009704","Census Tract 97.04, San Diego County, California",2583
"06073009705","Census Tract 97.05, San Diego County, California",1526
"06073009706","Census Tract 97.06, San Diego County, California",2977
"06073009801","Census Tract 98.01, San Diego County, California",2311
"06073009802","Census Tract 98.02, San Diego County, California",2575
"06073009804","Census Tract 98.04, San Diego County, California",1840
"06073009805","Census Tract 98.05, San Diego County, California",2031
"06073009901","Census Tract 99.01, San Diego County, California",34
"06073009902","Census Tract 99.02, San Diego County, California",5
"06073010001","Census Tract 100.01, San Diego County, California",1127
"06073010003","Census Tract 100.03, San Diego County, California",1481
"06073010004","Census Tract 100.04, San Diego County, California",1095
"06073010005","Census Tract 100.05, San Diego County, California",2044
"06073010009","Census Tract 100.09, San Diego County, California",1644
"06073010010","Census Tract 100.10, San Diego County, California",1720
"06073010011","Census Tract 100.11, San Diego County, California",934
"06073010012","Census Tract 100.12, San Diego County, California",1294
"06073010013","Census Tract 100.13, San Diego County, California",1723
"06073010015","Census Tract 100.15, San Diego County, California",1049
"06073010016","Census Tract 100.16, San Diego County, California",6
"06073010017","Census Tract 100.17, San Diego County, California",1754
"06073010018","Census Tract 100.18, San Diego County, California",2015
"06073010019","Census Tract 100.19, San Diego County, California",1120
"06073010103","Census Tract 101.03, San Diego County, California",1967
"06073010104","Census Tract 101.04, San Diego County, California",1043
"06073010106","Census Tract 101.06, San Diego County, California",1552
"06073010107","Census Tract 101.07, San Diego County, California",1851
"06073010109","Census Tract 101.09, San Diego County, California",1205
"06073010110","Census Tract 101.10, San Diego County, California",2242
"06073010111","Census Tract 101.11, San Diego County, California",841
"06073010112","Census Tract 101.12, San Diego County, California",1521
"06073010201","Census Tract 102.01, San Diego County, California",1504
"06073010202","Census Tract 102.02, San Diego County, California",1483
"06073010300","Census Tract 103, San Diego County, California",1607
"06073010401","Census Tract 104.01, San Diego County, California",822
"06073010402","Census Tract 104.02, San Diego County, California",1954
"06073010501","Census Tract 105.01, San Diego County, California",597
"06073010502","Census Tract 105.02, San Diego County, California",2136
"06073010601","Census Tract 106.01, San Diego County, California",1169
"06073010800","Census Tract 108, San Diego County, California",1216
"06073010900","Census Tract 109, San Diego County, California",816
"06073011000","Census Tract 110, San Diego County, California",1568
"06073011100","Census Tract 111, San Diego County, California",1800
"06073011300","Census Tract 113, San Diego County, California",62
"06073011601","Census Tract 116.01, San Diego County, California",1768
"06073011602","Census Tract 116.02, San Diego County, California",1200
"06073011700","Census Tract 117, San Diego County, California",2679
"06073011801","Census Tract 118.01, San Diego County, California",1120
"06073011802","Census Tract 118.02, San Diego County, California",1888
"06073011902","Census Tract 119.02, San Diego County, California",1670
"06073012002","Census Tract 120.02, San Diego County, California",1217
"06073012003","Census Tract 120.03, San Diego County, California",926
"06073012101","Census Tract 121.01, San Diego County, California",697
"06073012102","Census Tract 121.02, San Diego County, California",939
"06073012200","Census Tract 122, San Diego County, California",972
"06073012302","Census Tract 123.02, San Diego County, California",885
"06073012303","Census Tract 123.03, San Diego County, California",1503
"06073012304","Census Tract 123.04, San Diego County, California",1479
"06073012401","Census Tract 124.01, San Diego County, California",1375
"06073012402","Census Tract 124.02, San Diego County, California",2044
"06073012501","Census Tract 125.01, San Diego County, California",1583
"06073012502","Census Tract 125.02, San Diego County, California",1685
"06073012600","Census Tract 126, San Diego County, California",1623
"06073012700","Census Tract 127, San Diego County, California",2020
"06073012800","Census Tract 128, San Diego County, California",1439
"06073012900","Census Tract 129, San Diego County, California",1162
"06073013000","Census Tract 130, San Diego County, California",1958
"06073013102","Census Tract 131.02, San Diego County, California",2455
"06073013103","Census Tract 131.03, San Diego County, California",859
"06073013104","Census Tract 131.04, San Diego County, California",1973
"06073013203","Census Tract 132.03, San Diego County, California",2203
"06073013204","Census Tract 132.04, San Diego County, California",1152
"06073013205","Census Tract 132.05, San Diego County, California",693
"06073013206","Census Tract 132.06, San Diego County, California",2501
"06073013301","Census Tract 133.01, San Diego County, California",1556
"06073013302","Census Tract 133.02, San Diego County, California",1379
"06073013303","Census Tract 133.03, San Diego County, California",1507
"06073013306","Census Tract 133.06, San Diego County, California",1298
"06073013307","Census Tract 133.07, San Diego County, California",1115
"06073013308","Census Tract 133.08, San Diego County, California",1095
"06073013309","Census Tract 133.09, San Diego County, California",1963
"06073013312","Census Tract 133.12, San Diego County, California",816
"06073013315","Census Tract 133.15, San Diego County, California",1129
"06073013316","Census Tract 133.16, San Diego County, California",2220
"06073013317","Census Tract 133.17, San Diego County, California",4707
"06073013318","Census Tract 133.18, San Diego County, California",2248
"06073013319","Census Tract 133.19, San Diego County, California",2748
"06073013320","Census Tract 133.20, San Diego County, California",2003
"06073013321","Census Tract 133.21, San Diego County, California",2252
"06073013322","Census Tract 133.22, San Diego County, California",1325
"06073013323","Census Tract 133.23, San Diego County, California",1813
"06073013324","Census Tract 133.24, San Diego County, California",864
"06073013325","Census Tract 133.25, San Diego County, California",1753
"06073013326","Census Tract 133.26, San Diego County, California",1076
"06073013327","Census Tract 133.27, San Diego County, California",1704
"06073013401","Census Tract 134.01, San Diego County, California",1441
"06073013409","Census Tract 134.09, San Diego County, California",1895
"06073013411","Census Tract 134.11, San Diego County, California",1740
"06073013412","Census Tract 134.12, San Diego County, California",1760
"06073013414","Census Tract 134.14, San Diego County, California",2264
"06073013415","Census Tract 134.15, San Diego County, California",548
"06073013416","Census Tract 134.16, San Diego County, California",1268
"06073013417","Census Tract 134.17, San Diego County, California",625
"06073013418","Census Tract 134.18, San Diego County, California",2137
"06073013420","Census Tract 134.20, San Diego County, California",1153
"06073013421","Census Tract 134.21, San Diego County, California",1473
"06073013422","Census Tract 134.22, San Diego County, California",1279
"06073013423","Census Tract 134.23, San Diego County, California",1138
"06073013424","Census Tract 134.24, San Diego County, California",1771
"06073013425","Census Tract 134.25, San Diego County, California",607
"06073013503","Census Tract 135.03, San Diego County, California",2122
"06073013504","Census Tract 135.04, San Diego County, California",1339
"06073013505","Census Tract 135.05, San Diego County, California",1984
"06073013506","Census Tract 135.06, San Diego County, California",1237
"06073013601","Census Tract 136.01, San Diego County, California",1997
"06073013604","Census Tract 136.04, San Diego County, California",2202
"06073013605","Census Tract 136.05, San Diego County, California",2145
"06073013607","Census Tract 136.07, San Diego County, California",1105
"06073013608","Census Tract 136.08, San Diego County, California",1719
"06073013701","Census Tract 137.01, San Diego County, California",988
"06073013702","Census Tract 137.02, San Diego County, California",1742
"06073013801","Census Tract 138.01, San Diego County, California",1793
"06073013802","Census Tract 138.02, San Diego County, California",984
"06073013903","Census Tract 139.03, San Diego County, California",1196
"06073013905","Census Tract 139.05, San Diego County, California",1243
"06073013906","Census Tract 139.06, San Diego County, California",1636
"06073013907","Census Tract 139.07, San Diego County, California",1340
"06073013908","Census Tract 139.08, San Diego County, California",1119
"06073013909","Census Tract 139.09, San Diego County, California",1284
"06073014001","Census Tract 140.01, San Diego County, California",1593
"06073014002","Census Tract 140.02, San Diego County, California",1274
"06073014101","Census Tract 141.01, San Diego County, California",1202
"06073014102","Census Tract 141.02, San Diego County, California",1109
"06073014200","Census Tract 142, San Diego County, California",2209
"06073014300","Census Tract 143, San Diego County, California",1314
"06073014400","Census Tract 144, San Diego County, California",1887
"06073014500","Census Tract 145, San Diego County, California",1479
"06073014601","Census Tract 146.01, San Diego County, California",2135
"06073014602","Census Tract 146.02, San Diego County, California",1885
"06073014701","Census Tract 147.01, San Diego County, California",1702
"06073014702","Census Tract 147.02, San Diego County, California",1646
"06073014803","Census Tract 148.03, San Diego County, California",2376
"06073014804","Census Tract 148.04, San Diego County, California",2049
"06073014805","Census Tract 148.05, San Diego County, California",2422
"06073014806","Census Tract 148.06, San Diego County, California",1316
"06073014901","Census Tract 149.01, San Diego County, California",2024
"06073014902","Census Tract 149.02, San Diego County, California",1484
"06073015001","Census Tract 150.01, San Diego County, California",1749
"06073015002","Census Tract 150.02, San Diego County, California",1078
"06073015100","Census Tract 151, San Diego County, California",2051
"06073015200","Census Tract 152, San Diego County, California",1528
"06073015301","Census Tract 153.01, San Diego County, California",1080
"06073015302","Census Tract 153.02, San Diego County, California",1549
"06073015403","Census Tract 154.03, San Diego County, California",899
"06073015405","Census Tract 154.05, San Diego County, California",1999
"06073015406","Census Tract 154.06, San Diego County, California",906
"06073015407","Census Tract 154.07, San Diego County, California",1379
"06073015408","Census Tract 154.08, San Diego County, California",1413
"06073015501","Census Tract 155.01, San Diego County, California",1926
"06073015502","Census Tract 155.02, San Diego County, California",1084
"06073015601","Census Tract 156.01, San Diego County, California",2116
"06073015602","Census Tract 156.02, San Diego County, California",817
"06073015701","Census Tract 157.01, San Diego County, California",2379
"06073015704","Census Tract 157.04, San Diego County, California",1501
"06073015705","Census Tract 157.05, San Diego County, California",1592
"06073015706","Census Tract 157.06, San Diego County, California",958
"06073015801","Census Tract 158.01, San Diego County, California",1555
"06073015802","Census Tract 158.02, San Diego County, California",1568
"06073015901","Census Tract 159.01, San Diego County, California",1064
"06073015902","Census Tract 159.02, San Diego County, California",1856
"06073016000","Census Tract 160, San Diego County, California",954
"06073016100","Census Tract 161, San Diego County, California",2346
"06073016201","Census Tract 162.01, San Diego County, California",2240
"06073016202","Census Tract 162.02, San Diego County, California",1571
"06073016301","Census Tract 163.01, San Diego County, California",1921
"06073016302","Census Tract 163.02, San Diego County, California",1878
"06073016401","Census Tract 164.01, San Diego County, California",1714
"06073016403","Census Tract 164.03, San Diego County, California",1594
"06073016404","Census Tract 164.04, San Diego County, California",1035
"06073016502","Census Tract 165.02, San Diego County, California",2403
"06073016503","Census Tract 165.03, San Diego County, California",1127
"06073016504","Census Tract 165.04, San Diego County, California",2542
"06073016606","Census Tract 166.06, San Diego County, California",1300
"06073016607","Census Tract 166.07, San Diego County, California",2624
"06073016608","Census Tract 166.08, San Diego County, California",852
"06073016609","Census Tract 166.09, San Diego County, California",1878
"06073016610","Census Tract 166.10, San Diego County, California",1521
"06073016613","Census Tract 166.13, San Diego County, California",745
"06073016614","Census Tract 166.14, San Diego County, California",1395
"06073016615","Census Tract 166.15, San Diego County, California",1138
"06073016616","Census Tract 166.16, San Diego County, California",1572
"06073016617","Census Tract 166.17, San Diego County, California",1640
"06073016618","Census Tract 166.18, San Diego County, California",1718
"06073016619","Census Tract 166.19, San Diego County, California",1895
"06073016620","Census Tract 166.20, San Diego County, California",942
"06073016621","Census Tract 166.21, San Diego County, California",1527
"06073016703","Census Tract 167.03, San Diego County, California",972
"06073016704","Census Tract 167.04, San Diego County, California",2596
"06073016705","Census Tract 167.05, San Diego County, California",1943
"06073016706","Census Tract 167.06, San Diego County, California",982
"06073016804","Census Tract 168.04, San Diego County, California",2732
"06073016806","Census Tract 168.06, San Diego County, California",1497
"06073016807","Census Tract 168.07, San Diego County, California",2679
"06073016809","Census Tract 168.09, San Diego County, California",2121
"06073016810","Census Tract 168.10, San Diego County, California",921
"06073016811","Census Tract 168.11, San Diego County, California",1724
"06073016812","Census Tract 168.12, San Diego County, California",1400
"06073016813","Census Tract 168.13, San Diego County, California",1372
"06073016901","Census Tract 169.01, San Diego County, California",2576
"06073016902","Census Tract 169.02, San Diego County, California",890
"06073017006","Census Tract 170.06, San Diego County, California",1065
"06073017009","Census Tract 170.09, San Diego County, California",1590
"06073017010","Census Tract 170.10, San Diego County, California",1013
"06073017014","Census Tract 170.14, San Diego County, California",1495
"06073017018","Census Tract 170.18, San Diego County, California",1565
"06073017020","Census Tract 170.20, San Diego County, California",1458
"06073017021","Census Tract 170.21, San Diego County, California",1133
"06073017022","Census Tract 170.22, San Diego County, California",2207
"06073017031","Census Tract 170.31, San Diego County, California",1446
"06073017033","Census Tract 170.33, San Diego County, California",1846
"06073017034","Census Tract 170.34, San Diego County, California",1707
"06073017035","Census Tract 170.35, San Diego County, California",1237
"06073017036","Census Tract 170.36, San Diego County, California",1225
"06073017037","Census Tract 170.37, San Diego County, California",2076
"06073017039","Census Tract 170.39, San Diego County, California",2647
"06073017040","Census Tract 170.40, San Diego County, California",1434
"06073017041","Census Tract 170.41, San Diego County, California",2177
"06073017043","Census Tract 170.43, San Diego County, California",2194
"06073017044","Census Tract 170.44, San Diego County, California",1885
"06073017045","Census Tract 170.45, San Diego County, California",866
"06073017046","Census Tract 170.46, San Diego County, California",1433
"06073017047","Census Tract 170.47, San Diego County, California",1413
"06073017048","Census Tract 170.48, San Diego County, California",2355
"06073017049","Census Tract 170.49, San Diego County, California",945
"06073017050","Census Tract 170.50, San Diego County, California",1078
"06073017051","Census Tract 170.51, San Diego County, California",2139
"06073017052","Census Tract 170.52, San Diego County, California",2344
"06073017053","Census Tract 170.53, San Diego County, California",1134
"06073017054","Census Tract 170.54, San Diego County, California",1965
"06073017055","Census Tract 170.55, San Diego County, California",1962
"06073017056","Census Tract 170.56, San Diego County, California",1840
"06073017057","Census Tract 170.57, San Diego County, California",1519
"06073017058","Census Tract 170.58, San Diego County, California",1707
"06073017059","Census Tract 170.59, San Diego County, California",1890
"06073017060","Census Tract 170.60, San Diego County, California",1265
"06073017061","Census Tract 170.61, San Diego County, California",1680
"06073017062","Census Tract 170.62, San Diego County, California",1938
"06073017063","Census Tract 170.63, San Diego County, California",1901
"06073017064","Census Tract 170.64, San Diego County, California",2257
"06073017065","Census Tract 170.65, San Diego County, California",3066
"06073017066","Census Tract 170.66, San Diego County, California",2115
"06073017067","Census Tract 170.67, San Diego County, California",931
"06073017068","Census Tract 170.68, San Diego County, California",1796
"06073017069","Census Tract 170.69, San Diego County, California",928
"06073017070","Census Tract 170.70, San Diego County, California",1900
"06073017071","Census Tract 170.71, San Diego County, California",1593
"06073017104","Census Tract 171.04, San Diego County, California",1498
"06073017106","Census Tract 171.06, San Diego County, California",2151
"06073017107","Census Tract 171.07, San Diego County, California",1029
"06073017108","Census Tract 171.08, San Diego County, California",1708
"06073017109","Census Tract 171.09, San Diego County, California",2346
"06073017111","Census Tract 171.11, San Diego County, California",1711
"06073017112","Census Tract 171.12, San Diego County, California",829
"06073017113","Census Tract 171.13, San Diego County, California",1810
"06073017201","Census Tract 172.01, San Diego County, California",1448
"06073017202","Census Tract 172.02, San Diego County, California",1119
"06073017303","Census Tract 173.03, San Diego County, California",1307
"06073017305","Census Tract 173.05, San Diego County, California",1348
"06073017306","Census Tract 173.06, San Diego County, California",1300
"06073017307","Census Tract 173.07, San Diego County, California",1680
"06073017308","Census Tract 173.08, San Diego County, California",1566
"06073017403","Census Tract 174.03, San Diego County, California",2157
"06073017405","Census Tract 174.05, San Diego County, California",1342
"06073017406","Census Tract 174.06, San Diego County, California",1358
"06073017407","Census Tract 174.07, San Diego County, California",1522
"06073017408","Census Tract 174.08, San Diego County, California",1392
"06073017501","Census Tract 175.01, San Diego County, California",1492
"06073017502","Census Tract 175.02, San Diego County, California",1369
"06073017601","Census Tract 176.01, San Diego County, California",2532
"06073017603","Census Tract 176.03, San Diego County, California",1051
"06073017605","Census Tract 176.05, San Diego County, California",1378
"06073017606","Census Tract 176.06, San Diego County, California",1825
"06073017701","Census Tract 177.01, San Diego County, California",2771
"06073017702","Census Tract 177.02, San Diego County, California",1554
"06073017801","Census Tract 178.01, San Diego County, California",2875
"06073017808","Census Tract 178.08, San Diego County, California",2542
"06073017809","Census Tract 178.09, San Diego County, California",911
"06073017810","Census Tract 178.10, San Diego County, California",2180
"06073017811","Census Tract 178.11, San Diego County, California",2991
"06073017813","Census Tract 178.13, San Diego County, California",2088
"06073017901","Census Tract 179.01, San Diego County, California",2047
"06073017902","Census Tract 179.02, San Diego County, California",1296
"06073018000","Census Tract 180, San Diego County, California",2219
"06073018101","Census Tract 181.01, San Diego County, California",1459
"06073018102","Census Tract 181.02, San Diego County, California",1424
"06073018201","Census Tract 182.01, San Diego County, California",1379
"06073018202","Census Tract 182.02, San Diego County, California",1312
"06073018301","Census Tract 183.01, San Diego County, California",1454
"06073018302","Census Tract 183.02, San Diego County, California",1170
"06073018400","Census Tract 184, San Diego County, California",2051
"06073018504","Census Tract 185.04, San Diego County, California",2689
"06073018509","Census Tract 185.09, San Diego County, California",1798
"06073018510","Census Tract 185.10, San Diego County, California",1181
"06073018511","Census Tract 185.11, San Diego County, California",1911
"06073018512","Census Tract 185.12, San Diego County, California",2209
"06073018515","Census Tract 185.15, San Diego County, California",2165
"06073018516","Census Tract 185.16, San Diego County, California",1323
"06073018517","Census Tract 185.17, San Diego County, California",2021
"06073018518","Census Tract 185.18, San Diego County, California",854
"06073018519","Census Tract 185.19, San Diego County, California",1440
"06073018520","Census Tract 185.20, San Diego County, California",1679
"06073018521","Census Tract 185.21, San Diego County, California",1779
"06073018522","Census Tract 185.22, San Diego County, California",1916
"06073018523","Census Tract 185.23, San Diego County, California",1944
"06073018524","Census Tract 185.24, San Diego County, California",1547
"06073018525","Census Tract 185.25, San Diego County, California",1482
"06073018601","Census Tract 186.01, San Diego County, California",1575
"06073018608","Census Tract 186.08, San Diego County, California",1121
"06073018609","Census Tract 186.09, San Diego County, California",1846
"06073018612","Census Tract 186.12, San Diego County, California",1309
"06073018613","Census Tract 186.13, San Diego County, California",1390
"06073018615","Census Tract 186.15, San Diego County, California",953
"06073018616","Census Tract 186.16, San Diego County, California",1438
"06073018617","Census Tract 186.17, San Diego County, California",1042
"06073018618","Census Tract 186.18, San Diego County, California",1020
"06073018619","Census Tract 186.19, San Diego County, California",2036
"06073018620","Census Tract 186.20, San Diego County, California",721
"06073018621","Census Tract 186.21, San Diego County, California",629
"06073018622","Census Tract 186.22, San Diego County, California",2021
"06073018700","Census Tract 187, San Diego County, California",7730
"06073018801","Census Tract 188.01, San Diego County, California",1388
"06073018803","Census Tract 188.03, San Diego County, California",2070
"06073018804","Census Tract 188.04, San Diego County, California",2186
"06073018805","Census Tract 188.05, San Diego County, California",1588
"06073018903","Census Tract 189.03, San Diego County, California",1768
"06073018904","Census Tract 189.04, San Diego County, California",1915
"06073018905","Census Tract 189.05, San Diego County, California",2090
"06073018906","Census Tract 189.06, San Diego County, California",2164
"06073019001","Census Tract 190.01, San Diego County, California",2619
"06073019002","Census Tract 190.02, San Diego County, California",1166
"06073019103","Census Tract 191.03, San Diego County, California",2410
"06073019105","Census Tract 191.05, San Diego County, California",3171
"06073019107","Census Tract 191.07, San Diego County, California",940
"06073019108","Census Tract 191.08, San Diego County, California",1064
"06073019109","Census Tract 191.09, San Diego County, California",1514
"06073019110","Census Tract 191.10, San Diego County, California",1949
"06073019111","Census Tract 191.11, San Diego County, California",1388
"06073019203","Census Tract 192.03, San Diego County, California",994
"06073019205","Census Tract 192.05, San Diego County, California",2197
"06073019206","Census Tract 192.06, San Diego County, California",1385
"06073019208","Census Tract 192.08, San Diego County, California",1220
"06073019209","Census Tract 192.09, San Diego County, California",1245
"06073019210","Census Tract 192.10, San Diego County, California",1845
"06073019301","Census Tract 193.01, San Diego County, California",2330
"06073019303","Census Tract 193.03, San Diego County, California",2782
"06073019304","Census Tract 193.04, San Diego County, California",1246
"06073019305","Census Tract 193.05, San Diego County, California",1884
"06073019403","Census Tract 194.03, San Diego County, California",2119
"06073019404","Census Tract 194.04, San Diego County, California",848
"06073019405","Census Tract 194.05, San Diego County, California",1268
"06073019406","Census Tract 194.06, San Diego County, California",1636
"06073019501","Census Tract 195.01, San Diego County, California",890
"06073019502","Census Tract 195.02, San Diego County, California",1432
"06073019503","Census Tract 195.03, San Diego County, California",1629
"06073019601","Census Tract 196.01, San Diego County, California",2244
"06073019602","Census Tract 196.02, San Diego County, California",1742
"06073019701","Census Tract 197.01, San Diego County, California",2689
"06073019702","Census Tract 197.02, San Diego County, California",1737
"06073019803","Census Tract 198.03, San Diego County, California",2424
"06073019804","Census Tract 198.04, San Diego County, California",1722
"06073019805","Census Tract 198.05, San Diego County, California",1534
"06073019808","Census Tract 198.08, San Diego County, California",2589
"06073019809","Census Tract 198.09, San Diego County, California",1717
"06073019810","Census Tract 198.10, San Diego County, California",2236
"06073019811","Census Tract 198.11, San Diego County, California",2913
"06073019902","Census Tract 199.02, San Diego County, California",1362
"06073019903","Census Tract 199.03, San Diego County, California",1598
"06073019904","Census Tract 199.04, San Diego County, California",2932
"06073019905","Census Tract 199.05, San Diego County, California",1875
"06073020015","Census Tract 200.15, San Diego County, California",2239
"06073020017","Census Tract 200.17, San Diego County, California",1245
"06073020019","Census Tract 200.19, San Diego County, California",2952
"06073020021","Census Tract 200.21, San Diego County, California",1708
"06073020023","Census Tract 200.23, San Diego County, California",1486
"06073020024","Census Tract 200.24, San Diego County, California",1516
"06073020025","Census Tract 200.25, San Diego County, California",1884
"06073020026","Census Tract 200.26, San Diego County, California",1792
"06073020028","Census Tract 200.28, San Diego County, California",1096
"06073020029","Census Tract 200.29, San Diego County, California",2637
"06073020030","Census Tract 200.30, San Diego County, California",2571
"06073020031","Census Tract 200.31, San Diego County, California",2477
"06073020032","Census Tract 200.32, San Diego County, California",1678
"06073020033","Census Tract 200.33, San Diego County, California",1604
"06073020034","Census Tract 200.34, San Diego County, California",914
"06073020035","Census Tract 200.35, San Diego County, California",2411
"06073020036","Census Tract 200.36, San Diego County, California",945
"06073020037","Census Tract 200.37, San Diego County, California",1226
"06073020038","Census Tract 200.38, San Diego County, California",1589
"06073020039","Census Tract 200.39, San Diego County, California",641
"06073020040","Census Tract 200.40, San Diego County, California",1494
"06073020041","Census Tract 200.41, San Diego County, California",1012
"06073020042","Census Tract 200.42, San Diego County, California",1755
"06073020043","Census Tract 200.43, San Diego County, California",1967
"06073020044","Census Tract 200.44, San Diego County, California",2824
"06073020105","Census Tract 201.05, San Diego County, California",1587
"06073020106","Census Tract 201.06, San Diego County, California",1217
"06073020107","Census Tract 201.07, San Diego County, California",1278
"06073020108","Census Tract 201.08, San Diego County, California",1706
"06073020109","Census Tract 201.09, San Diego County, California",1341
"06073020110","Census Tract 201.10, San Diego County, California",2502
"06073020111","Census Tract 201.11, San Diego County, California",1342
"06073020202","Census Tract 202.02, San Diego County, California",1847
"06073020206","Census Tract 202.06, San Diego County, California",1294
"06073020207","Census Tract 202.07, San Diego County, California",1471
"06073020208","Census Tract 202.08, San Diego County, California",672
"06073020209","Census Tract 202.09, San Diego County, California",1899
"06073020210","Census Tract 202.10, San Diego County, California",1697
"06073020211","Census Tract 202.11, San Diego County, California",2265
"06073020213","Census Tract 202.13, San Diego County, California",1088
"06073020214","Census Tract 202.14, San Diego County, California",1985
"06073020304","Census Tract 203.04, San Diego County, California",2473
"06073020305","Census Tract 203.05, San Diego County, California",2366
"06073020308","Census Tract 203.08, San Diego County, California",2757
"06073020309","Census Tract 203.09, San Diego County, California",1304
"06073020310","Census Tract 203.10, San Diego County, California",2946
"06073020311","Census Tract 203.11, San Diego County, California",1554
"06073020312","Census Tract 203.12, San Diego County, California",1599
"06073020313","Census Tract 203.13, San Diego County, California",1361
"06073020401","Census Tract 204.01, San Diego County, California",974
"06073020403","Census Tract 204.03, San Diego County, California",1286
"06073020404","Census Tract 204.04, San Diego County, California",2052
"06073020405","Census Tract 204.05, San Diego County, California",1362
"06073020500","Census Tract 205, San Diego County, California",1377
"06073020601","Census Tract 206.01, San Diego County, California",1704
"06073020602","Census Tract 206.02, San Diego County, California",2074
"06073020705","Census Tract 207.05, San Diego County, California",1504
"06073020706","Census Tract 207.06, San Diego County, California",2288
"06073020707","Census Tract 207.07, San Diego County, California",1675
"06073020708","Census Tract 207.08, San Diego County, California",1380
"06073020710","Census Tract 207.10, San Diego County, California",709
"06073020711","Census Tract 207.11, San Diego County, California",1145
"06073020712","Census Tract 207.12, San Diego County, California",1501
"06073020801","Census Tract 208.01, San Diego County, California",1971
"06073020805","Census Tract 208.05, San Diego County, California",1195
"06073020806","Census Tract 208.06, San Diego County, California",2249
"06073020807","Census Tract 208.07, San Diego County, California",1166
"06073020810","Census Tract 208.10, San Diego County, California",1846
"06073020811","Census Tract 208.11, San Diego County, California",2110
"06073020812","Census Tract 208.12, San Diego County, California",689
"06073020813","Census Tract 208.13, San Diego County, California",1589
"06073020902","Census Tract 209.02, San Diego County, California",1166
"06073020903","Census Tract 209.03, San Diego County, California",1658
"06073020904","Census Tract 209.04, San Diego County, California",1980
"06073021001","Census Tract 210.01, San Diego County, California",1901
"06073021002","Census Tract 210.02, San Diego County, California",1489
"06073021101","Census Tract 211.01, San Diego County, California",1894
"06073021102","Census Tract 211.02, San Diego County, California",1168
"06073021202","Census Tract 212.02, San Diego County, California",1359
"06073021204","Census Tract 212.04, San Diego County, California",1955
"06073021205","Census Tract 212.05, San Diego County, California",2730
"06073021206","Census Tract 212.06, San Diego County, California",1162
"06073021302","Census Tract 213.02, San Diego County, California",1669
"06073021304","Census Tract 213.04, San Diego County, California",922
"06073021305","Census Tract 213.05, San Diego County, California",1481
"06073021306","Census Tract 213.06, San Diego County, California",1647
"06073021401","Census Tract 214.01, San Diego County, California",1657
"06073021402","Census Tract 214.02, San Diego County, California",1435
"06073021501","Census Tract 215.01, San Diego County, California",1187
"06073021502","Census Tract 215.02, San Diego County, California",3316
"06073021600","Census Tract 216, San Diego County, California",1922
"06073021800","Census Tract 218, San Diego County, California",1022
"06073021900","Census Tract 219, San Diego County, California",956
"06073022000","Census Tract 220, San Diego County, California",1450
"06073022101","Census Tract 221.01, San Diego County, California",1115
"06073022102","Census Tract 221.02, San Diego County, California",2720
"06073990100","Census Tract 9901, San Diego County, California",0
"06075010101","Census Tract 101.01, San Francisco County, California",1383
"06075010102","Census Tract 101.02, San Francisco County, California",942
"06075010201","Census Tract 102.01, San Francisco County, California",1666
"06075010202","Census Tract 102.02, San Francisco County, California",1451
"06075010300","Census Tract 103, San Francisco County, California",2399
"06075010401","Census Tract 104.01, San Francisco County, California",1229
"06075010402","Census Tract 104.02, San Francisco County, California",1675
"06075010500","Census Tract 105, San Francisco County, California",2145
"06075010600","Census Tract 106, San Francisco County, California",2200
"06075010701","Census Tract 107.01, San Francisco County, California",2027
"06075010702","Census Tract 107.02, San Francisco County, California",840
"06075010800","Census Tract 108, San Francisco County, California",2765
"06075010901","Census Tract 109.01, San Francisco County, California",1429
"06075010902","Census Tract 109.02, San Francisco County, California",1540
"06075011001","Census Tract 110.01, San Francisco County, California",1658
"06075011002","Census Tract 110.02, San Francisco County, California",1419
"06075011101","Census Tract 111.01, San Francisco County, California",2021
"06075011102","Census Tract 111.02, San Francisco County, California",1617
"06075011200","Census Tract 112, San Francisco County, California",2351
"06075011300","Census Tract 113, San Francisco County, California",1660
"06075011700","Census Tract 117, San Francisco County, California",1320
"06075011800","Census Tract 118, San Francisco County, California",813
"06075011901","Census Tract 119.01, San Francisco County, California",1968
"06075011902","Census Tract 119.02, San Francisco County, California",2127
"06075012001","Census Tract 120.01, San Francisco County, California",1616
"06075012002","Census Tract 120.02, San Francisco County, California",1556
"06075012100","Census Tract 121, San Francisco County, California",2480
"06075012202","Census Tract 122.02, San Francisco County, California",1588
"06075012203","Census Tract 122.03, San Francisco County, California",1108
"06075012204","Census Tract 122.04, San Francisco County, California",1777
"06075012301","Census Tract 123.01, San Francisco County, California",1577
"06075012302","Census Tract 123.02, San Francisco County, California",2274
"06075012403","Census Tract 124.03, San Francisco County, California",1126
"06075012404","Census Tract 124.04, San Francisco County, California",2103
"06075012405","Census Tract 124.05, San Francisco County, California",2408
"06075012406","Census Tract 124.06, San Francisco County, California",1120
"06075012502","Census Tract 125.02, San Francisco County, California",2868
"06075012503","Census Tract 125.03, San Francisco County, California",2342
"06075012504","Census Tract 125.04, San Francisco County, California",516
"06075012601","Census Tract 126.01, San Francisco County, California",1665
"06075012602","Census Tract 126.02, San Francisco County, California",1857
"06075012700","Census Tract 127, San Francisco County, California",2281
"06075012801","Census Tract 128.01, San Francisco County, California",1609
"06075012802","Census Tract 128.02, San Francisco County, California",1102
"06075012901","Census Tract 129.01, San Francisco County, California",1751
"06075012902","Census Tract 129.02, San Francisco County, California",2265
"06075013001","Census Tract 130.01, San Francisco County, California",1437
"06075013002","Census Tract 130.02, San Francisco County, California",1275
"06075013101","Census Tract 131.01, San Francisco County, California",2655
"06075013102","Census Tract 131.02, San Francisco County, California",1785
"06075013200","Census Tract 132, San Francisco County, California",2562
"06075013300","Census Tract 133, San Francisco County, California",2129
"06075013401","Census Tract 134.01, San Francisco County, California",902
"06075013402","Census Tract 134.02, San Francisco County, California",1265
"06075013500","Census Tract 135, San Francisco County, California",1935
"06075015100","Census Tract 151, San Francisco County, California",2256
"06075015201","Census Tract 152.01, San Francisco County, California",1355
"06075015202","Census Tract 152.02, San Francisco County, California",1306
"06075015300","Census Tract 153, San Francisco County, California",1182
"06075015401","Census Tract 154.01, San Francisco County, California",1846
"06075015402","Census Tract 154.02, San Francisco County, California",1285
"06075015500","Census Tract 155, San Francisco County, California",2380
"06075015600","Census Tract 156, San Francisco County, California",1604
"06075015701","Census Tract 157.01, San Francisco County, California",1301
"06075015702","Census Tract 157.02, San Francisco County, California",1577
"06075015801","Census Tract 158.01, San Francisco County, California",1862
"06075015802","Census Tract 158.02, San Francisco County, California",1672
"06075015900","Census Tract 159, San Francisco County, California",2320
"06075016000","Census Tract 160, San Francisco County, California",1903
"06075016101","Census Tract 161.01, San Francisco County, California",1749
"06075016102","Census Tract 161.02, San Francisco County, California",1303
"06075016200","Census Tract 162, San Francisco County, California",2482
"06075016300","Census Tract 163, San Francisco County, California",2148
"06075016400","Census Tract 164, San Francisco County, California",1991
"06075016500","Census Tract 165, San Francisco County, California",2530
"06075016601","Census Tract 166.01, San Francisco County, California",1565
"06075016602","Census Tract 166.02, San Francisco County, California",1173
"06075016700","Census Tract 167, San Francisco County, California",2501
"06075016801","Census Tract 168.01, San Francisco County, California",2264
"06075016802","Census Tract 168.02, San Francisco County, California",2241
"06075016900","Census Tract 169, San Francisco County, California",1954
"06075017000","Census Tract 170, San Francisco County, California",2372
"06075017101","Census Tract 171.01, San Francisco County, California",1912
"06075017102","Census Tract 171.02, San Francisco County, California",1829
"06075017602","Census Tract 176.02, San Francisco County, California",2109
"06075017603","Census Tract 176.03, San Francisco County, California",2926
"06075017604","Census Tract 176.04, San Francisco County, California",2462
"06075017700","Census Tract 177, San Francisco County, California",975
"06075017801","Census Tract 178.01, San Francisco County, California",2581
"06075017803","Census Tract 178.03, San Francisco County, California",1288
"06075017804","Census Tract 178.04, San Francisco County, California",2463
"06075017903","Census Tract 179.03, San Francisco County, California",722
"06075018000","Census Tract 180, San Francisco County, California",2084
"06075020101","Census Tract 201.01, San Francisco County, California",2089
"06075020102","Census Tract 201.02, San Francisco County, California",1577
"06075020201","Census Tract 202.01, San Francisco County, California",1381
"06075020202","Census Tract 202.02, San Francisco County, California",2067
"06075020300","Census Tract 203, San Francisco County, California",2020
"06075020401","Census Tract 204.01, San Francisco County, California",1776
"06075020402","Census Tract 204.02, San Francisco County, California",2646
"06075020500","Census Tract 205, San Francisco County, California",1431
"06075020601","Census Tract 206.01, San Francisco County, California",1668
"06075020602","Census Tract 206.02, San Francisco County, California",1263
"06075020701","Census Tract 207.01, San Francisco County, California",1630
"06075020702","Census Tract 207.02, San Francisco County, California",1307
"06075020801","Census Tract 208.01, San Francisco County, California",1793
"06075020802","Census Tract 208.02, San Francisco County, California",1358
"06075020900","Census Tract 209, San Francisco County, California",1973
"06075021000","Census Tract 210, San Francisco County, California",2256
"06075021100","Census Tract 211, San Francisco County, California",2044
"06075021200","Census Tract 212, San Francisco County, California",1526
"06075021300","Census Tract 213, San Francisco County, California",1289
"06075021400","Census Tract 214, San Francisco County, California",1772
"06075021500","Census Tract 215, San Francisco County, California",2613
"06075021600","Census Tract 216, San Francisco County, California",2251
"06075021700","Census Tract 217, San Francisco County, California",1902
"06075021800","Census Tract 218, San Francisco County, California",1893
"06075022600","Census Tract 226, San Francisco County, California",2524
"06075022702","Census Tract 227.02, San Francisco County, California",1118
"06075022704","Census Tract 227.04, San Francisco County, California",2176
"06075022801","Census Tract 228.01, San Francisco County, California",2005
"06075022802","Census Tract 228.02, San Francisco County, California",725
"06075022803","Census Tract 228.03, San Francisco County, California",1682
"06075022901","Census Tract 229.01, San Francisco County, California",1557
"06075022902","Census Tract 229.02, San Francisco County, California",841
"06075022903","Census Tract 229.03, San Francisco County, California",1206
"06075023001","Census Tract 230.01, San Francisco County, California",1367
"06075023003","Census Tract 230.03, San Francisco County, California",1227
"06075023102","Census Tract 231.02, San Francisco County, California",1260
"06075023103","Census Tract 231.03, San Francisco County, California",1707
"06075023200","Census Tract 232, San Francisco County, California",1382
"06075023300","Census Tract 233, San Francisco County, California",1453
"06075023400","Census Tract 234, San Francisco County, California",1164
"06075025100","Census Tract 251, San Francisco County, California",1383
"06075025200","Census Tract 252, San Francisco County, California",2264
"06075025300","Census Tract 253, San Francisco County, California",1980
"06075025401","Census Tract 254.01, San Francisco County, California",1365
"06075025402","Census Tract 254.02, San Francisco County, California",1101
"06075025403","Census Tract 254.03, San Francisco County, California",1560
"06075025501","Census Tract 255.01, San Francisco County, California",1169
"06075025502","Census Tract 255.02, San Francisco County, California",1430
"06075025600","Census Tract 256, San Francisco County, California",1672
"06075025701","Census Tract 257.01, San Francisco County, California",1415
"06075025702","Census Tract 257.02, San Francisco County, California",1310
"06075025800","Census Tract 258, San Francisco County, California",652
"06075025900","Census Tract 259, San Francisco County, California",1467
"06075026001","Census Tract 260.01, San Francisco County, California",1625
"06075026002","Census Tract 260.02, San Francisco County, California",1001
"06075026003","Census Tract 260.03, San Francisco County, California",1402
"06075026004","Census Tract 260.04, San Francisco County, California",1210
"06075026100","Census Tract 261, San Francisco County, California",2048
"06075026201","Census Tract 262.01, San Francisco County, California",1100
"06075026202","Census Tract 262.02, San Francisco County, California",937
"06075026301","Census Tract 263.01, San Francisco County, California",1347
"06075026302","Census Tract 263.02, San Francisco County, California",1486
"06075026303","Census Tract 263.03, San Francisco County, California",1291
"06075026401","Census Tract 264.01, San Francisco County, California",1061
"06075026402","Census Tract 264.02, San Francisco County, California",1173
"06075026403","Census Tract 264.03, San Francisco County, California",1110
"06075026404","Census Tract 264.04, San Francisco County, California",757
"06075030101","Census Tract 301.01, San Francisco County, California",2202
"06075030102","Census Tract 301.02, San Francisco County, California",2417
"06075030201","Census Tract 302.01, San Francisco County, California",1978
"06075030202","Census Tract 302.02, San Francisco County, California",2288
"06075030301","Census Tract 303.01, San Francisco County, California",2594
"06075030302","Census Tract 303.02, San Francisco County, California",1453
"06075030400","Census Tract 304, San Francisco County, California",2026
"06075030500","Census Tract 305, San Francisco County, California",1070
"06075030600","Census Tract 306, San Francisco County, California",917
"06075030700","Census Tract 307, San Francisco County, California",2766
"06075030800","Census Tract 308, San Francisco County, California",2334
"06075030900","Census Tract 309, San Francisco County, California",2429
"06075031000","Census Tract 310, San Francisco County, California",1616
"06075031100","Census Tract 311, San Francisco County, California",2582
"06075031201","Census Tract 312.01, San Francisco County, California",1947
"06075031202","Census Tract 312.02, San Francisco County, California",876
"06075031301","Census Tract 313.01, San Francisco County, California",1303
"06075031302","Census Tract 313.02, San Francisco County, California",1893
"06075031401","Census Tract 314.01, San Francisco County, California",790
"06075031402","Census Tract 314.02, San Francisco County, California",1214
"06075032601","Census Tract 326.01, San Francisco County, California",1889
"06075032602","Census Tract 326.02, San Francisco County, California",1638
"06075032700","Census Tract 327, San Francisco County, California",2532
"06075032801","Census Tract 328.01, San Francisco County, California",1531
"06075032802","Census Tract 328.02, San Francisco County, California",1518
"06075032901","Census Tract 329.01, San Francisco County, California",1811
"06075032902","Census Tract 329.02, San Francisco County, California",1374
"06075033001","Census Tract 330.01, San Francisco County, California",1358
"06075033002","Census Tract 330.02, San Francisco County, California",1462
"06075033100","Census Tract 331, San Francisco County, California",1508
"06075033201","Census Tract 332.01, San Francisco County, California",942
"06075033203","Census Tract 332.03, San Francisco County, California",1777
"06075033204","Census Tract 332.04, San Francisco County, California",1847
"06075035101","Census Tract 351.01, San Francisco County, California",1415
"06075035102","Census Tract 351.02, San Francisco County, California",1446
"06075035201","Census Tract 352.01, San Francisco County, California",1982
"06075035202","Census Tract 352.02, San Francisco County, California",1930
"06075035300","Census Tract 353, San Francisco County, California",2569
"06075035400","Census Tract 354, San Francisco County, California",2502
"06075040100","Census Tract 401, San Francisco County, California",2149
"06075040200","Census Tract 402, San Francisco County, California",2643
"06075042601","Census Tract 426.01, San Francisco County, California",1884
"06075042602","Census Tract 426.02, San Francisco County, California",1604
"06075042700","Census Tract 427, San Francisco County, California",2668
"06075042800","Census Tract 428, San Francisco County, California",1029
"06075045100","Census Tract 451, San Francisco County, California",2289
"06075045201","Census Tract 452.01, San Francisco County, California",1457
"06075045202","Census Tract 452.02, San Francisco County, California",1597
"06075047600","Census Tract 476, San Francisco County, California",2349
"06075047701","Census Tract 477.01, San Francisco County, California",2057
"06075047702","Census Tract 477.02, San Francisco County, California",1667
"06075047801","Census Tract 478.01, San Francisco County, California",1782
"06075047802","Census Tract 478.02, San Francisco County, California",1630
"06075047902","Census Tract 479.02, San Francisco County, California",1705
"06075047903","Census Tract 479.03, San Francisco County, California",1601
"06075047904","Census Tract 479.04, San Francisco County, California",1386
"06075060100","Census Tract 601, San Francisco County, California",1430
"06075060400","Census Tract 604, San Francisco County, California",1451
"06075060502","Census Tract 605.02, San Francisco County, California",989
"06075060701","Census Tract 607.01, San Francisco County, California",3843
"06075060702","Census Tract 607.02, San Francisco County, California",1488
"06075060703","Census Tract 607.03, San Francisco County, California",3083
"06075061000","Census Tract 610, San Francisco County, California",1679
"06075061101","Census Tract 611.01, San Francisco County, California",1110
"06075061102","Census Tract 611.02, San Francisco County, California",1167
"06075061200","Census Tract 612, San Francisco County, California",1279
"06075061401","Census Tract 614.01, San Francisco County, California",1505
"06075061402","Census Tract 614.02, San Francisco County, California",1325
"06075061501","Census Tract 615.01, San Francisco County, California",1500
"06075061502","Census Tract 615.02, San Francisco County, California",1618
"06075061503","Census Tract 615.03, San Francisco County, California",3012
"06075061504","Census Tract 615.04, San Francisco County, California",1459
"06075061505","Census Tract 615.05, San Francisco County, California",654
"06075061506","Census Tract 615.06, San Francisco County, California",2960
"06075061507","Census Tract 615.07, San Francisco County, California",1028
"06075061508","Census Tract 615.08, San Francisco County, California",1427
"06075980200","Census Tract 9802, San Francisco County, California",1
"06075980300","Census Tract 9803, San Francisco County, California",36
"06075980401","Census Tract 9804.01, San Francisco County, California",0
"06075980501","Census Tract 9805.01, San Francisco County, California",94
"06075980600","Census Tract 9806, San Francisco County, California",681
"06075980900","Census Tract 9809, San Francisco County, California",299
"06075990100","Census Tract 9901, San Francisco County, California",0
"06075990200","Census Tract 9902, San Francisco County, California",0
"06077000101","Census Tract 1.01, San Joaquin County, California",661
"06077000102","Census Tract 1.02, San Joaquin County, California",1583
"06077000300","Census Tract 3, San Joaquin County, California",1074
"06077000401","Census Tract 4.01, San Joaquin County, California",1410
"06077000402","Census Tract 4.02, San Joaquin County, California",2186
"06077000500","Census Tract 5, San Joaquin County, California",920
"06077000600","Census Tract 6, San Joaquin County, California",660
"06077000700","Census Tract 7, San Joaquin County, California",1506
"06077000802","Census Tract 8.02, San Joaquin County, California",458
"06077000803","Census Tract 8.03, San Joaquin County, California",1325
"06077000900","Census Tract 9, San Joaquin County, California",2146
"06077001000","Census Tract 10, San Joaquin County, California",2131
"06077001101","Census Tract 11.01, San Joaquin County, California",1902
"06077001102","Census Tract 11.02, San Joaquin County, California",2172
"06077001200","Census Tract 12, San Joaquin County, California",1886
"06077001300","Census Tract 13, San Joaquin County, California",2085
"06077001400","Census Tract 14, San Joaquin County, California",2037
"06077001501","Census Tract 15.01, San Joaquin County, California",1334
"06077001502","Census Tract 15.02, San Joaquin County, California",1382
"06077001600","Census Tract 16, San Joaquin County, California",722
"06077001700","Census Tract 17, San Joaquin County, California",1228
"06077001800","Census Tract 18, San Joaquin County, California",1177
"06077001900","Census Tract 19, San Joaquin County, California",1571
"06077002000","Census Tract 20, San Joaquin County, California",1258
"06077002100","Census Tract 21, San Joaquin County, California",1602
"06077002201","Census Tract 22.01, San Joaquin County, California",864
"06077002202","Census Tract 22.02, San Joaquin County, California",1507
"06077002300","Census Tract 23, San Joaquin County, California",1495
"06077002401","Census Tract 24.01, San Joaquin County, California",1390
"06077002402","Census Tract 24.02, San Joaquin County, California",638
"06077002503","Census Tract 25.03, San Joaquin County, California",722
"06077002504","Census Tract 25.04, San Joaquin County, California",1064
"06077002701","Census Tract 27.01, San Joaquin County, California",1951
"06077002702","Census Tract 27.02, San Joaquin County, California",1144
"06077002800","Census Tract 28, San Joaquin County, California",1783
"06077003106","Census Tract 31.06, San Joaquin County, California",1785
"06077003108","Census Tract 31.08, San Joaquin County, California",1979
"06077003109","Census Tract 31.09, San Joaquin County, California",2337
"06077003110","Census Tract 31.10, San Joaquin County, California",1680
"06077003111","Census Tract 31.11, San Joaquin County, California",1879
"06077003112","Census Tract 31.12, San Joaquin County, California",1423
"06077003115","Census Tract 31.15, San Joaquin County, California",1545
"06077003116","Census Tract 31.16, San Joaquin County, California",913
"06077003117","Census Tract 31.17, San Joaquin County, California",1491
"06077003118","Census Tract 31.18, San Joaquin County, California",1174
"06077003119","Census Tract 31.19, San Joaquin County, California",1207
"06077003203","Census Tract 32.03, San Joaquin County, California",1451
"06077003205","Census Tract 32.05, San Joaquin County, California",1343
"06077003209","Census Tract 32.09, San Joaquin County, California",1326
"06077003210","Census Tract 32.10, San Joaquin County, California",940
"06077003213","Census Tract 32.13, San Joaquin County, California",1473
"06077003214","Census Tract 32.14, San Joaquin County, California",1007
"06077003215","Census Tract 32.15, San Joaquin County, California",1753
"06077003216","Census Tract 32.16, San Joaquin County, California",911
"06077003217","Census Tract 32.17, San Joaquin County, California",1031
"06077003218","Census Tract 32.18, San Joaquin County, California",1071
"06077003219","Census Tract 32.19, San Joaquin County, California",2908
"06077003305","Census Tract 33.05, San Joaquin County, California",1510
"06077003306","Census Tract 33.06, San Joaquin County, California",1463
"06077003307","Census Tract 33.07, San Joaquin County, California",1865
"06077003308","Census Tract 33.08, San Joaquin County, California",717
"06077003310","Census Tract 33.10, San Joaquin County, California",1516
"06077003311","Census Tract 33.11, San Joaquin County, California",1131
"06077003312","Census Tract 33.12, San Joaquin County, California",1132
"06077003313","Census Tract 33.13, San Joaquin County, California",1020
"06077003403","Census Tract 34.03, San Joaquin County, California",1208
"06077003404","Census Tract 34.04, San Joaquin County, California",1835
"06077003405","Census Tract 34.05, San Joaquin County, California",1117
"06077003406","Census Tract 34.06, San Joaquin County, California",1249
"06077003407","Census Tract 34.07, San Joaquin County, California",1058
"06077003409","Census Tract 34.09, San Joaquin County, California",1410
"06077003410","Census Tract 34.10, San Joaquin County, California",1745
"06077003501","Census Tract 35.01, San Joaquin County, California",1036
"06077003502","Census Tract 35.02, San Joaquin County, California",1180
"06077003503","Census Tract 35.03, San Joaquin County, California",2436
"06077003504","Census Tract 35.04, San Joaquin County, California",1996
"06077003601","Census Tract 36.01, San Joaquin County, California",1350
"06077003602","Census Tract 36.02, San Joaquin County, California",1091
"06077003700","Census Tract 37, San Joaquin County, California",1192
"06077003803","Census Tract 38.03, San Joaquin County, California",1193
"06077003804","Census Tract 38.04, San Joaquin County, California",1636
"06077003805","Census Tract 38.05, San Joaquin County, California",792
"06077003806","Census Tract 38.06, San Joaquin County, California",920
"06077003807","Census Tract 38.07, San Joaquin County, California",583
"06077003808","Census Tract 38.08, San Joaquin County, California",1210
"06077003900","Census Tract 39, San Joaquin County, California",494
"06077004001","Census Tract 40.01, San Joaquin County, California",968
"06077004003","Census Tract 40.03, San Joaquin County, California",1671
"06077004004","Census Tract 40.04, San Joaquin County, California",1896
"06077004104","Census Tract 41.04, San Joaquin County, California",1576
"06077004105","Census Tract 41.05, San Joaquin County, California",1961
"06077004106","Census Tract 41.06, San Joaquin County, California",760
"06077004107","Census Tract 41.07, San Joaquin County, California",1386
"06077004108","Census Tract 41.08, San Joaquin County, California",2309
"06077004202","Census Tract 42.02, San Joaquin County, California",735
"06077004203","Census Tract 42.03, San Joaquin County, California",1558
"06077004204","Census Tract 42.04, San Joaquin County, California",1454
"06077004205","Census Tract 42.05, San Joaquin County, California",1391
"06077004206","Census Tract 42.06, San Joaquin County, California",1311
"06077004302","Census Tract 43.02, San Joaquin County, California",2377
"06077004305","Census Tract 43.05, San Joaquin County, California",2190
"06077004307","Census Tract 43.07, San Joaquin County, California",1606
"06077004308","Census Tract 43.08, San Joaquin County, California",1263
"06077004309","Census Tract 43.09, San Joaquin County, California",973
"06077004310","Census Tract 43.10, San Joaquin County, California",1123
"06077004402","Census Tract 44.02, San Joaquin County, California",1836
"06077004403","Census Tract 44.03, San Joaquin County, California",1135
"06077004404","Census Tract 44.04, San Joaquin County, California",1106
"06077004501","Census Tract 45.01, San Joaquin County, California",957
"06077004502","Census Tract 45.02, San Joaquin County, California",1321
"06077004600","Census Tract 46, San Joaquin County, California",2224
"06077004701","Census Tract 47.01, San Joaquin County, California",1069
"06077004703","Census Tract 47.03, San Joaquin County, California",1398
"06077004704","Census Tract 47.04, San Joaquin County, California",1792
"06077004800","Census Tract 48, San Joaquin County, California",2011
"06077004903","Census Tract 49.03, San Joaquin County, California",968
"06077004904","Census Tract 49.04, San Joaquin County, California",1794
"06077004905","Census Tract 49.05, San Joaquin County, California",1137
"06077004906","Census Tract 49.06, San Joaquin County, California",1046
"06077005001","Census Tract 50.01, San Joaquin County, California",2200
"06077005003","Census Tract 50.03, San Joaquin County, California",2271
"06077005004","Census Tract 50.04, San Joaquin County, California",2064
"06077005106","Census Tract 51.06, San Joaquin County, California",3678
"06077005108","Census Tract 51.08, San Joaquin County, California",1491
"06077005109","Census Tract 51.09, San Joaquin County, California",1475
"06077005119","Census Tract 51.19, San Joaquin County, California",2646
"06077005122","Census Tract 51.22, San Joaquin County, California",2145
"06077005123","Census Tract 51.23, San Joaquin County, California",1602
"06077005124","Census Tract 51.24, San Joaquin County, California",1267
"06077005125","Census Tract 51.25, San Joaquin County, California",671
"06077005126","Census Tract 51.26, San Joaquin County, California",1424
"06077005127","Census Tract 51.27, San Joaquin County, California",1550
"06077005129","Census Tract 51.29, San Joaquin County, California",1121
"06077005130","Census Tract 51.30, San Joaquin County, California",950
"06077005131","Census Tract 51.31, San Joaquin County, California",1302
"06077005132","Census Tract 51.32, San Joaquin County, California",1092
"06077005133","Census Tract 51.33, San Joaquin County, California",1404
"06077005134","Census Tract 51.34, San Joaquin County, California",1536
"06077005135","Census Tract 51.35, San Joaquin County, California",3333
"06077005136","Census Tract 51.36, San Joaquin County, California",891
"06077005137","Census Tract 51.37, San Joaquin County, California",2404
"06077005138","Census Tract 51.38, San Joaquin County, California",1278
"06077005139","Census Tract 51.39, San Joaquin County, California",1286
"06077005140","Census Tract 51.40, San Joaquin County, California",1258
"06077005141","Census Tract 51.41, San Joaquin County, California",1048
"06077005208","Census Tract 52.08, San Joaquin County, California",2049
"06077005211","Census Tract 52.11, San Joaquin County, California",1442
"06077005212","Census Tract 52.12, San Joaquin County, California",1901
"06077005213","Census Tract 52.13, San Joaquin County, California",1121
"06077005214","Census Tract 52.14, San Joaquin County, California",2775
"06077005215","Census Tract 52.15, San Joaquin County, California",1304
"06077005216","Census Tract 52.16, San Joaquin County, California",1492
"06077005217","Census Tract 52.17, San Joaquin County, California",965
"06077005218","Census Tract 52.18, San Joaquin County, California",1174
"06077005219","Census Tract 52.19, San Joaquin County, California",1442
"06077005220","Census Tract 52.20, San Joaquin County, California",827
"06077005221","Census Tract 52.21, San Joaquin County, California",2706
"06077005222","Census Tract 52.22, San Joaquin County, California",1258
"06077005223","Census Tract 52.23, San Joaquin County, California",3399
"06077005224","Census Tract 52.24, San Joaquin County, California",1382
"06077005225","Census Tract 52.25, San Joaquin County, California",1395
"06077005303","Census Tract 53.03, San Joaquin County, California",1674
"06077005307","Census Tract 53.07, San Joaquin County, California",1076
"06077005308","Census Tract 53.08, San Joaquin County, California",1417
"06077005309","Census Tract 53.09, San Joaquin County, California",1089
"06077005310","Census Tract 53.10, San Joaquin County, California",1236
"06077005311","Census Tract 53.11, San Joaquin County, California",971
"06077005312","Census Tract 53.12, San Joaquin County, California",1064
"06077005403","Census Tract 54.03, San Joaquin County, California",1907
"06077005405","Census Tract 54.05, San Joaquin County, California",1149
"06077005406","Census Tract 54.06, San Joaquin County, California",1101
"06077005502","Census Tract 55.02, San Joaquin County, California",808
"06077005503","Census Tract 55.03, San Joaquin County, California",951
"06077980000","Census Tract 9800, San Joaquin County, California",3
"06079010016","Census Tract 100.16, San Luis Obispo County, California",2185
"06079010017","Census Tract 100.17, San Luis Obispo County, California",3108
"06079010101","Census Tract 101.01, San Luis Obispo County, California",816
"06079010103","Census Tract 101.03, San Luis Obispo County, California",1722
"06079010104","Census Tract 101.04, San Luis Obispo County, California",1180
"06079010202","Census Tract 102.02, San Luis Obispo County, California",2009
"06079010204","Census Tract 102.04, San Luis Obispo County, California",2233
"06079010205","Census Tract 102.05, San Luis Obispo County, California",1605
"06079010206","Census Tract 102.06, San Luis Obispo County, California",1468
"06079010207","Census Tract 102.07, San Luis Obispo County, California",1879
"06079010301","Census Tract 103.01, San Luis Obispo County, California",1548
"06079010302","Census Tract 103.02, San Luis Obispo County, California",1484
"06079010303","Census Tract 103.03, San Luis Obispo County, California",1191
"06079010403","Census Tract 104.03, San Luis Obispo County, California",2738
"06079010404","Census Tract 104.04, San Luis Obispo County, California",1311
"06079010504","Census Tract 105.04, San Luis Obispo County, California",2382
"06079010505","Census Tract 105.05, San Luis Obispo County, California",2092
"06079010506","Census Tract 105.06, San Luis Obispo County, California",1348
"06079010602","Census Tract 106.02, San Luis Obispo County, California",2486
"06079010603","Census Tract 106.03, San Luis Obispo County, California",784
"06079010701","Census Tract 107.01, San Luis Obispo County, California",2057
"06079010703","Census Tract 107.03, San Luis Obispo County, California",1424
"06079010707","Census Tract 107.07, San Luis Obispo County, California",2889
"06079010902","Census Tract 109.02, San Luis Obispo County, California",1515
"06079010903","Census Tract 109.03, San Luis Obispo County, California",890
"06079010904","Census Tract 109.04, San Luis Obispo County, California",34
"06079011001","Census Tract 110.01, San Luis Obispo County, California",2376
"06079011002","Census Tract 110.02, San Luis Obispo County, California",1467
"06079011101","Census Tract 111.01, San Luis Obispo County, California",2157
"06079011103","Census Tract 111.03, San Luis Obispo County, California",1784
"06079011104","Census Tract 111.04, San Luis Obispo County, California",1147
"06079011105","Census Tract 111.05, San Luis Obispo County, California",1812
"06079011201","Census Tract 112.01, San Luis Obispo County, California",1761
"06079011202","Census Tract 112.02, San Luis Obispo County, California",1587
"06079011300","Census Tract 113, San Luis Obispo County, California",3147
"06079011400","Census Tract 114, San Luis Obispo County, California",0
"06079011501","Census Tract 115.01, San Luis Obispo County, California",841
"06079011505","Census Tract 115.05, San Luis Obispo County, California",1853
"06079011600","Census Tract 116, San Luis Obispo County, California",2240
"06079011704","Census Tract 117.04, San Luis Obispo County, California",2760
"06079011705","Census Tract 117.05, San Luis Obispo County, California",1112
"06079011706","Census Tract 117.06, San Luis Obispo County, California",1940
"06079011800","Census Tract 118, San Luis Obispo County, California",3240
"06079011901","Census Tract 119.01, San Luis Obispo County, California",1472
"06079011903","Census Tract 119.03, San Luis Obispo County, California",827
"06079011904","Census Tract 119.04, San Luis Obispo County, California",2964
"06079012001","Census Tract 120.01, San Luis Obispo County, California",1076
"06079012002","Census Tract 120.02, San Luis Obispo County, California",2125
"06079012102","Census Tract 121.02, San Luis Obispo County, California",2625
"06079012201","Census Tract 122.01, San Luis Obispo County, California",1443
"06079012202","Census Tract 122.02, San Luis Obispo County, California",1613
"06079012302","Census Tract 123.02, San Luis Obispo County, California",2404
"06079012305","Census Tract 123.05, San Luis Obispo County, California",2781
"06079012306","Census Tract 123.06, San Luis Obispo County, California",2182
"06079012403","Census Tract 124.03, San Luis Obispo County, California",1403
"06079012404","Census Tract 124.04, San Luis Obispo County, California",2332
"06079012405","Census Tract 124.05, San Luis Obispo County, California",1041
"06079012406","Census Tract 124.06, San Luis Obispo County, California",1201
"06079012502","Census Tract 125.02, San Luis Obispo County, California",2114
"06079012503","Census Tract 125.03, San Luis Obispo County, California",2699
"06079012505","Census Tract 125.05, San Luis Obispo County, California",2040
"06079012601","Census Tract 126.01, San Luis Obispo County, California",2484
"06079012602","Census Tract 126.02, San Luis Obispo County, California",683
"06079012705","Census Tract 127.05, San Luis Obispo County, California",2518
"06079012706","Census Tract 127.06, San Luis Obispo County, California",1903
"06079012707","Census Tract 127.07, San Luis Obispo County, California",1911
"06079012708","Census Tract 127.08, San Luis Obispo County, California",581
"06079013000","Census Tract 130, San Luis Obispo County, California",1339
"06079013100","Census Tract 131, San Luis Obispo County, California",2352
"06079990000","Census Tract 9900, San Luis Obispo County, California",0
"06081600100","Census Tract 6001, San Mateo County, California",2297
"06081600200","Census Tract 6002, San Mateo County, California",1209
"06081600300","Census Tract 6003, San Mateo County, California",1342
"06081600401","Census Tract 6004.01, San Mateo County, California",1110
"06081600402","Census Tract 6004.02, San Mateo County, California",1290
"06081600501","Census Tract 6005.01, San Mateo County, California",1270
"06081600502","Census Tract 6005.02, San Mateo County, California",1019
"06081600600","Census Tract 6006, San Mateo County, California",1615
"06081600701","Census Tract 6007.01, San Mateo County, California",1424
"06081600702","Census Tract 6007.02, San Mateo County, California",869
"06081600800","Census Tract 6008, San Mateo County, California",2975
"06081600900","Census Tract 6009, San Mateo County, California",1501
"06081601000","Census Tract 6010, San Mateo County, California",2080
"06081601100","Census Tract 6011, San Mateo County, California",1960
"06081601200","Census Tract 6012, San Mateo County, California",2181
"06081601301","Census Tract 6013.01, San Mateo County, California",1356
"06081601302","Census Tract 6013.02, San Mateo County, California",1534
"06081601400","Census Tract 6014, San Mateo County, California",2188
"06081601501","Census Tract 6015.01, San Mateo County, California",1350
"06081601502","Census Tract 6015.02, San Mateo County, California",1862
"06081601601","Census Tract 6016.01, San Mateo County, California",984
"06081601603","Census Tract 6016.03, San Mateo County, California",1968
"06081601604","Census Tract 6016.04, San Mateo County, California",1178
"06081601605","Census Tract 6016.05, San Mateo County, California",1740
"06081601700","Census Tract 6017, San Mateo County, California",1376
"06081601800","Census Tract 6018, San Mateo County, California",2085
"06081601901","Census Tract 6019.01, San Mateo County, California",1421
"06081601902","Census Tract 6019.02, San Mateo County, California",2398
"06081602001","Census Tract 6020.01, San Mateo County, California",1694
"06081602002","Census Tract 6020.02, San Mateo County, California",987
"06081602100","Census Tract 6021, San Mateo County, California",1039
"06081602201","Census Tract 6022.01, San Mateo County, California",1648
"06081602202","Census Tract 6022.02, San Mateo County, California",1464
"06081602300","Census Tract 6023, San Mateo County, California",1293
"06081602400","Census Tract 6024, San Mateo County, California",2748
"06081602500","Census Tract 6025, San Mateo County, California",1539
"06081602601","Census Tract 6026.01, San Mateo County, California",1507
"06081602602","Census Tract 6026.02, San Mateo County, California",1312
"06081602700","Census Tract 6027, San Mateo County, California",1990
"06081602800","Census Tract 6028, San Mateo County, California",1535
"06081602900","Census Tract 6029, San Mateo County, California",1682
"06081603000","Census Tract 6030, San Mateo County, California",2047
"06081603100","Census Tract 6031, San Mateo County, California",1289
"06081603200","Census Tract 6032, San Mateo County, California",1492
"06081603300","Census Tract 6033, San Mateo County, California",2495
"06081603400","Census Tract 6034, San Mateo County, California",2140
"06081603700","Census Tract 6037, San Mateo County, California",1846
"06081603801","Census Tract 6038.01, San Mateo County, California",1341
"06081603802","Census Tract 6038.02, San Mateo County, California",1975
"06081603900","Census Tract 6039, San Mateo County, California",2298
"06081604000","Census Tract 6040, San Mateo County, California",1187
"06081604102","Census Tract 6041.02, San Mateo County, California",2033
"06081604103","Census Tract 6041.03, San Mateo County, California",1679
"06081604104","Census Tract 6041.04, San Mateo County, California",1084
"06081604200","Census Tract 6042, San Mateo County, California",1170
"06081604400","Census Tract 6044, San Mateo County, California",1980
"06081604500","Census Tract 6045, San Mateo County, California",1386
"06081604600","Census Tract 6046, San Mateo County, California",974
"06081604700","Census Tract 6047, San Mateo County, California",1012
"06081604800","Census Tract 6048, San Mateo County, California",2006
"06081604900","Census Tract 6049, San Mateo County, California",1321
"06081605000","Census Tract 6050, San Mateo County, California",3099
"06081605100","Census Tract 6051, San Mateo County, California",1453
"06081605200","Census Tract 6052, San Mateo County, California",1347
"06081605300","Census Tract 6053, San Mateo County, California",2013
"06081605400","Census Tract 6054, San Mateo County, California",2807
"06081605501","Census Tract 6055.01, San Mateo County, California",1717
"06081605502","Census Tract 6055.02, San Mateo County, California",1179
"06081605600","Census Tract 6056, San Mateo County, California",2008
"06081605700","Census Tract 6057, San Mateo County, California",1929
"06081605800","Census Tract 6058, San Mateo County, California",1061
"06081605901","Census Tract 6059.01, San Mateo County, California",1526
"06081605902","Census Tract 6059.02, San Mateo County, California",1367
"06081606000","Census Tract 6060, San Mateo County, California",2296
"06081606100","Census Tract 6061, San Mateo County, California",1436
"06081606201","Census Tract 6062.01, San Mateo County, California",1091
"06081606202","Census Tract 6062.02, San Mateo County, California",1260
"06081606300","Census Tract 6063, San Mateo County, California",1999
"06081606400","Census Tract 6064, San Mateo County, California",2795
"06081606500","Census Tract 6065, San Mateo County, California",1377
"06081606600","Census Tract 6066, San Mateo County, California",1501
"06081606700","Census Tract 6067, San Mateo County, California",1021
"06081606800","Census Tract 6068, San Mateo County, California",1344
"06081606900","Census Tract 6069, San Mateo County, California",896
"06081607000","Census Tract 6070, San Mateo County, California",1458
"06081607100","Census Tract 6071, San Mateo County, California",1134
"06081607200","Census Tract 6072, San Mateo County, California",1837
"06081607300","Census Tract 6073, San Mateo County, California",1372
"06081607400","Census Tract 6074, San Mateo County, California",2142
"06081607500","Census Tract 6075, San Mateo County, California",2689
"06081607600","Census Tract 6076, San Mateo County, California",1872
"06081607701","Census Tract 6077.01, San Mateo County, California",1239
"06081607702","Census Tract 6077.02, San Mateo County, California",808
"06081607800","Census Tract 6078, San Mateo County, California",1026
"06081607900","Census Tract 6079, San Mateo County, California",1885
"06081608001","Census Tract 6080.01, San Mateo County, California",1549
"06081608002","Census Tract 6080.02, San Mateo County, California",1401
"06081608013","Census Tract 6080.13, San Mateo County, California",1624
"06081608023","Census Tract 6080.23, San Mateo County, California",873
"06081608024","Census Tract 6080.24, San Mateo County, California",1180
"06081608025","Census Tract 6080.25, San Mateo County, California",2842
"06081608100","Census Tract 6081, San Mateo County, California",1348
"06081608200","Census Tract 6082, San Mateo County, California",1358
"06081608300","Census Tract 6083, San Mateo County, California",1383
"06081608400","Census Tract 6084, San Mateo County, California",2263
"06081608501","Census Tract 6085.01, San Mateo County, California",1806
"06081608502","Census Tract 6085.02, San Mateo County, California",1231
"06081608600","Census Tract 6086, San Mateo County, California",1886
"06081608700","Census Tract 6087, San Mateo County, California",2981
"06081608800","Census Tract 6088, San Mateo County, California",2211
"06081608900","Census Tract 6089, San Mateo County, California",3176
"06081609000","Census Tract 6090, San Mateo County, California",1041
"06081609100","Census Tract 6091, San Mateo County, California",623
"06081609201","Census Tract 6092.01, San Mateo County, California",1735
"06081609202","Census Tract 6092.02, San Mateo County, California",2141
"06081609300","Census Tract 6093, San Mateo County, California",1301
"06081609400","Census Tract 6094, San Mateo County, California",1176
"06081609500","Census Tract 6095, San Mateo County, California",1817
"06081609601","Census Tract 6096.01, San Mateo County, California",1255
"06081609602","Census Tract 6096.02, San Mateo County, California",683
"06081609603","Census Tract 6096.03, San Mateo County, California",2201
"06081609700","Census Tract 6097, San Mateo County, California",1697
"06081609800","Census Tract 6098, San Mateo County, California",1744
"06081609900","Census Tract 6099, San Mateo County, California",1116
"06081610000","Census Tract 6100, San Mateo County, California",2099
"06081610100","Census Tract 6101, San Mateo County, California",934
"06081610201","Census Tract 6102.01, San Mateo County, California",1841
"06081610202","Census Tract 6102.02, San Mateo County, California",2761
"06081610203","Census Tract 6102.03, San Mateo County, California",1034
"06081610302","Census Tract 6103.02, San Mateo County, California",1743
"06081610303","Census Tract 6103.03, San Mateo County, California",3228
"06081610304","Census Tract 6103.04, San Mateo County, California",1952
"06081610400","Census Tract 6104, San Mateo County, California",1693
"06081610500","Census Tract 6105, San Mateo County, California",1356
"06081610601","Census Tract 6106.01, San Mateo County, California",1630
"06081610602","Census Tract 6106.02, San Mateo County, California",1218
"06081610700","Census Tract 6107, San Mateo County, California",2018
"06081610800","Census Tract 6108, San Mateo County, California",1668
"06081610901","Census Tract 6109.01, San Mateo County, California",1163
"06081610902","Census Tract 6109.02, San Mateo County, California",1335
"06081611000","Census Tract 6110, San Mateo County, California",2389
"06081611100","Census Tract 6111, San Mateo County, California",2386
"06081611200","Census Tract 6112, San Mateo County, California",1092
"06081611300","Census Tract 6113, San Mateo County, California",2043
"06081611400","Census Tract 6114, San Mateo County, California",1520
"06081611500","Census Tract 6115, San Mateo County, California",1006
"06081611600","Census Tract 6116, San Mateo County, California",840
"06081611700","Census Tract 6117, San Mateo County, California",2212
"06081611800","Census Tract 6118, San Mateo County, California",982
"06081611901","Census Tract 6119.01, San Mateo County, California",1130
"06081611902","Census Tract 6119.02, San Mateo County, California",1636
"06081612001","Census Tract 6120.01, San Mateo County, California",894
"06081612002","Census Tract 6120.02, San Mateo County, California",854
"06081612101","Census Tract 6121.01, San Mateo County, California",1520
"06081612102","Census Tract 6121.02, San Mateo County, California",1489
"06081612500","Census Tract 6125, San Mateo County, California",2154
"06081612600","Census Tract 6126, San Mateo County, California",2336
"06081612700","Census Tract 6127, San Mateo County, California",815
"06081612800","Census Tract 6128, San Mateo County, California",1202
"06081612900","Census Tract 6129, San Mateo County, California",1892
"06081613000","Census Tract 6130, San Mateo County, California",1606
"06081613200","Census Tract 6132, San Mateo County, California",2804
"06081613300","Census Tract 6133, San Mateo County, California",1092
"06081613400","Census Tract 6134, San Mateo County, California",1328
"06081613501","Census Tract 6135.01, San Mateo County, California",1417
"06081613502","Census Tract 6135.02, San Mateo County, California",2539
"06081613600","Census Tract 6136, San Mateo County, California",2272
"06081613701","Census Tract 6137.01, San Mateo County, California",1890
"06081613702","Census Tract 6137.02, San Mateo County, California",1957
"06081613800","Census Tract 6138, San Mateo County, California",1990
"06081613900","Census Tract 6139, San Mateo County, California",2323
"06081614000","Census Tract 6140, San Mateo County, California",2009
"06081984300","Census Tract 9843, San Mateo County, California",0
"06081990100","Census Tract 9901, San Mateo County, California",0
"06083000101","Census Tract 1.01, Santa Barbara County, California",2422
"06083000102","Census Tract 1.02, Santa Barbara County, California",2370
"06083000103","Census Tract 1.03, Santa Barbara County, California",1427
"06083000201","Census Tract 2.01, Santa Barbara County, California",905
"06083000202","Census Tract 2.02, Santa Barbara County, California",1184
"06083000301","Census Tract 3.01, Santa Barbara County, California",1393
"06083000302","Census Tract 3.02, Santa Barbara County, California",2007
"06083000400","Census Tract 4, Santa Barbara County, California",2567
"06083000501","Census Tract 5.01, Santa Barbara County, California",1485
"06083000502","Census Tract 5.02, Santa Barbara County, California",2546
"06083000600","Census Tract 6, Santa Barbara County, California",2457
"06083000700","Census Tract 7, Santa Barbara County, California",2446
"06083000801","Census Tract 8.01, Santa Barbara County, California",1258
"06083000805","Census Tract 8.05, Santa Barbara County, California",591
"06083000806","Census Tract 8.06, Santa Barbara County, California",1687
"06083000900","Census Tract 9, Santa Barbara County, California",1837
"06083001001","Census Tract 10.01, Santa Barbara County, California",1303
"06083001002","Census Tract 10.02, Santa Barbara County, California",1701
"06083001101","Census Tract 11.01, Santa Barbara County, California",1576
"06083001102","Census Tract 11.02, Santa Barbara County, California",1419
"06083001203","Census Tract 12.03, Santa Barbara County, California",1330
"06083001206","Census Tract 12.06, Santa Barbara County, California",1685
"06083001208","Census Tract 12.08, Santa Barbara County, California",1816
"06083001306","Census Tract 13.06, Santa Barbara County, California",1560
"06083001307","Census Tract 13.07, Santa Barbara County, California",1472
"06083001308","Census Tract 13.08, Santa Barbara County, California",1588
"06083001403","Census Tract 14.03, Santa Barbara County, California",1030
"06083001404","Census Tract 14.04, Santa Barbara County, California",964
"06083001500","Census Tract 15, Santa Barbara County, California",1562
"06083001601","Census Tract 16.01, Santa Barbara County, California",1871
"06083001604","Census Tract 16.04, Santa Barbara County, California",2623
"06083001704","Census Tract 17.04, Santa Barbara County, California",1219
"06083001706","Census Tract 17.06, Santa Barbara County, California",2394
"06083001800","Census Tract 18, Santa Barbara County, California",541
"06083001905","Census Tract 19.05, Santa Barbara County, California",1404
"06083001907","Census Tract 19.07, Santa Barbara County, California",508
"06083001908","Census Tract 19.08, Santa Barbara County, California",2208
"06083001909","Census Tract 19.09, Santa Barbara County, California",1632
"06083001910","Census Tract 19.10, Santa Barbara County, California",1226
"06083001911","Census Tract 19.11, Santa Barbara County, California",1133
"06083001912","Census Tract 19.12, Santa Barbara County, California",2079
"06083002005","Census Tract 20.05, Santa Barbara County, California",2038
"06083002006","Census Tract 20.06, Santa Barbara County, California",1123
"06083002008","Census Tract 20.08, Santa Barbara County, California",2356
"06083002009","Census Tract 20.09, Santa Barbara County, California",1477
"06083002010","Census Tract 20.10, Santa Barbara County, California",1646
"06083002011","Census Tract 20.11, Santa Barbara County, California",1915
"06083002012","Census Tract 20.12, Santa Barbara County, California",1298
"06083002013","Census Tract 20.13, Santa Barbara County, California",1121
"06083002014","Census Tract 20.14, Santa Barbara County, California",2093
"06083002015","Census Tract 20.15, Santa Barbara County, California",1651
"06083002101","Census Tract 21.01, Santa Barbara County, California",1534
"06083002102","Census Tract 21.02, Santa Barbara County, California",774
"06083002103","Census Tract 21.03, Santa Barbara County, California",1696
"06083002205","Census Tract 22.05, Santa Barbara County, California",1496
"06083002206","Census Tract 22.06, Santa Barbara County, California",1645
"06083002209","Census Tract 22.09, Santa Barbara County, California",905
"06083002210","Census Tract 22.10, Santa Barbara County, California",1638
"06083002211","Census Tract 22.11, Santa Barbara County, California",2238
"06083002303","Census Tract 23.03, Santa Barbara County, California",1361
"06083002304","Census Tract 23.04, Santa Barbara County, California",1408
"06083002307","Census Tract 23.07, Santa Barbara County, California",1218
"06083002308","Census Tract 23.08, Santa Barbara County, California",1187
"06083002309","Census Tract 23.09, Santa Barbara County, California",779
"06083002310","Census Tract 23.10, Santa Barbara County, California",710
"06083002405","Census Tract 24.05, Santa Barbara County, California",937
"06083002406","Census Tract 24.06, Santa Barbara County, California",837
"06083002407","Census Tract 24.07, Santa Barbara County, California",1126
"06083002408","Census Tract 24.08, Santa Barbara County, California",504
"06083002409","Census Tract 24.09, Santa Barbara County, California",2840
"06083002410","Census Tract 24.10, Santa Barbara County, California",1404
"06083002503","Census Tract 25.03, Santa Barbara County, California",662
"06083002504","Census Tract 25.04, Santa Barbara County, California",1556
"06083002703","Census Tract 27.03, Santa Barbara County, California",1448
"06083002705","Census Tract 27.05, Santa Barbara County, California",1647
"06083002706","Census Tract 27.06, Santa Barbara County, California",2032
"06083002707","Census Tract 27.07, Santa Barbara County, California",1030
"06083002708","Census Tract 27.08, Santa Barbara County, California",1205
"06083002709","Census Tract 27.09, Santa Barbara County, California",1208
"06083002710","Census Tract 27.10, Santa Barbara County, California",1358
"06083002802","Census Tract 28.02, Santa Barbara County, California",2622
"06083002806","Census Tract 28.06, Santa Barbara County, California",965
"06083002808","Census Tract 28.08, Santa Barbara County, California",2857
"06083002809","Census Tract 28.09, Santa Barbara County, California",1747
"06083002906","Census Tract 29.06, Santa Barbara County, California",1443
"06083002907","Census Tract 29.07, Santa Barbara County, California",1458
"06083002909","Census Tract 29.09, Santa Barbara County, California",1834
"06083002913","Census Tract 29.13, Santa Barbara County, California",1482
"06083002914","Census Tract 29.14, Santa Barbara County, California",1406
"06083002924","Census Tract 29.24, Santa Barbara County, California",1692
"06083002926","Census Tract 29.26, Santa Barbara County, California",1771
"06083002932","Census Tract 29.32, Santa Barbara County, California",894
"06083002933","Census Tract 29.33, Santa Barbara County, California",1548
"06083002934","Census Tract 29.34, Santa Barbara County, California",1470
"06083002935","Census Tract 29.35, Santa Barbara County, California",1503
"06083002936","Census Tract 29.36, Santa Barbara County, California",1202
"06083002937","Census Tract 29.37, Santa Barbara County, California",1007
"06083003001","Census Tract 30.01, Santa Barbara County, California",2531
"06083003004","Census Tract 30.04, Santa Barbara County, California",1597
"06083003005","Census Tract 30.05, Santa Barbara County, California",1587
"06083003007","Census Tract 30.07, Santa Barbara County, California",1605
"06083003102","Census Tract 31.02, Santa Barbara County, California",1296
"06083980000","Census Tract 9800, Santa Barbara County, California",4
"06083980100","Census Tract 9801, Santa Barbara County, California",2
"06083980200","Census Tract 9802, Santa Barbara County, California",992
"06083980300","Census Tract 9803, Santa Barbara County, California",149
"06083980400","Census Tract 9804, Santa Barbara County, California",80
"06083980500","Census Tract 9805, Santa Barbara County, California",8
"06083990000","Census Tract 9900, Santa Barbara County, California",0
"06085500100","Census Tract 5001, Santa Clara County, California",3043
"06085500200","Census Tract 5002, Santa Clara County, California",2240
"06085500300","Census Tract 5003, Santa Clara County, California",1699
"06085500400","Census Tract 5004, Santa Clara County, California",1059
"06085500500","Census Tract 5005, Santa Clara County, California",2176
"06085500600","Census Tract 5006, Santa Clara County, California",2686
"06085500800","Census Tract 5008, Santa Clara County, California",2974
"06085500901","Census Tract 5009.01, Santa Clara County, California",2249
"06085500902","Census Tract 5009.02, Santa Clara County, California",721
"06085501000","Census Tract 5010, Santa Clara County, California",2697
"06085501101","Census Tract 5011.01, Santa Clara County, California",2054
"06085501102","Census Tract 5011.02, Santa Clara County, California",1402
"06085501200","Census Tract 5012, Santa Clara County, California",1425
"06085501300","Census Tract 5013, Santa Clara County, California",1263
"06085501401","Census Tract 5014.01, Santa Clara County, California",1047
"06085501402","Census Tract 5014.02, Santa Clara County, California",903
"06085501501","Census Tract 5015.01, Santa Clara County, California",1287
"06085501502","Census Tract 5015.02, Santa Clara County, California",1260
"06085501601","Census Tract 5016.01, Santa Clara County, California",1441
"06085501602","Census Tract 5016.02, Santa Clara County, California",1584
"06085501700","Census Tract 5017, Santa Clara County, California",1673
"06085501800","Census Tract 5018, Santa Clara County, California",1732
"06085501901","Census Tract 5019.01, Santa Clara County, California",1682
"06085501902","Census Tract 5019.02, Santa Clara County, California",2022
"06085502001","Census Tract 5020.01, Santa Clara County, California",2126
"06085502002","Census Tract 5020.02, Santa Clara County, California",1878
"06085502101","Census Tract 5021.01, Santa Clara County, California",2064
"06085502103","Census Tract 5021.03, Santa Clara County, California",1705
"06085502104","Census Tract 5021.04, Santa Clara County, California",1003
"06085502202","Census Tract 5022.02, Santa Clara County, California",1466
"06085502203","Census Tract 5022.03, Santa Clara County, California",1968
"06085502204","Census Tract 5022.04, Santa Clara County, California",1269
"06085502301","Census Tract 5023.01, Santa Clara County, California",1385
"06085502302","Census Tract 5023.02, Santa Clara County, California",1305
"06085502400","Census Tract 5024, Santa Clara County, California",2956
"06085502500","Census Tract 5025, Santa Clara County, California",2517
"06085502601","Census Tract 5026.01, Santa Clara County, California",1271
"06085502603","Census Tract 5026.03, Santa Clara County, California",1072
"06085502604","Census Tract 5026.04, Santa Clara County, California",2515
"06085502701","Census Tract 5027.01, Santa Clara County, California",2050
"06085502703","Census Tract 5027.03, Santa Clara County, California",1825
"06085502704","Census Tract 5027.04, Santa Clara County, California",1481
"06085502800","Census Tract 5028, Santa Clara County, California",1429
"06085502901","Census Tract 5029.01, Santa Clara County, California",2295
"06085502902","Census Tract 5029.02, Santa Clara County, California",2795
"06085502903","Census Tract 5029.03, Santa Clara County, California",1958
"06085502906","Census Tract 5029.06, Santa Clara County, California",1720
"06085502907","Census Tract 5029.07, Santa Clara County, California",1331
"06085502908","Census Tract 5029.08, Santa Clara County, California",2410
"06085502909","Census Tract 5029.09, Santa Clara County, California",2060
"06085502910","Census Tract 5029.10, Santa Clara County, California",1505
"06085503001","Census Tract 5030.01, Santa Clara County, California",1647
"06085503002","Census Tract 5030.02, Santa Clara County, California",1286
"06085503003","Census Tract 5030.03, Santa Clara County, California",1806
"06085503105","Census Tract 5031.05, Santa Clara County, California",776
"06085503110","Census Tract 5031.10, Santa Clara County, California",1121
"06085503111","Census Tract 5031.11, Santa Clara County, California",1099
"06085503112","Census Tract 5031.12, Santa Clara County, California",1666
"06085503113","Census Tract 5031.13, Santa Clara County, California",1371
"06085503116","Census Tract 5031.16, Santa Clara County, California",2238
"06085503117","Census Tract 5031.17, Santa Clara County, California",742
"06085503118","Census Tract 5031.18, Santa Clara County, California",1663
"06085503121","Census Tract 5031.21, Santa Clara County, California",1614
"06085503122","Census Tract 5031.22, Santa Clara County, California",1369
"06085503123","Census Tract 5031.23, Santa Clara County, California",1720
"06085503124","Census Tract 5031.24, Santa Clara County, California",1688
"06085503125","Census Tract 5031.25, Santa Clara County, California",1389
"06085503126","Census Tract 5031.26, Santa Clara County, California",1428
"06085503127","Census Tract 5031.27, Santa Clara County, California",2183
"06085503207","Census Tract 5032.07, Santa Clara County, California",1030
"06085503208","Census Tract 5032.08, Santa Clara County, California",836
"06085503210","Census Tract 5032.10, Santa Clara County, California",935
"06085503211","Census Tract 5032.11, Santa Clara County, California",1173
"06085503212","Census Tract 5032.12, Santa Clara County, California",1004
"06085503213","Census Tract 5032.13, Santa Clara County, California",1370
"06085503217","Census Tract 5032.17, Santa Clara County, California",1059
"06085503218","Census Tract 5032.18, Santa Clara County, California",1129
"06085503219","Census Tract 5032.19, Santa Clara County, California",749
"06085503220","Census Tract 5032.20, Santa Clara County, California",1580
"06085503221","Census Tract 5032.21, Santa Clara County, California",1004
"06085503222","Census Tract 5032.22, Santa Clara County, California",1300
"06085503304","Census Tract 5033.04, Santa Clara County, California",1842
"06085503305","Census Tract 5033.05, Santa Clara County, California",1576
"06085503306","Census Tract 5033.06, Santa Clara County, California",879
"06085503312","Census Tract 5033.12, Santa Clara County, California",1089
"06085503313","Census Tract 5033.13, Santa Clara County, California",1295
"06085503315","Census Tract 5033.15, Santa Clara County, California",2020
"06085503321","Census Tract 5033.21, Santa Clara County, California",1071
"06085503322","Census Tract 5033.22, Santa Clara County, California",1050
"06085503323","Census Tract 5033.23, Santa Clara County, California",1222
"06085503324","Census Tract 5033.24, Santa Clara County, California",904
"06085503325","Census Tract 5033.25, Santa Clara County, California",1145
"06085503326","Census Tract 5033.26, Santa Clara County, California",1719
"06085503327","Census Tract 5033.27, Santa Clara County, California",1466
"06085503329","Census Tract 5033.29, Santa Clara County, California",1109
"06085503330","Census Tract 5033.30, Santa Clara County, California",2006
"06085503331","Census Tract 5033.31, Santa Clara County, California",1416
"06085503332","Census Tract 5033.32, Santa Clara County, California",2622
"06085503333","Census Tract 5033.33, Santa Clara County, California",1358
"06085503336","Census Tract 5033.36, Santa Clara County, California",838
"06085503337","Census Tract 5033.37, Santa Clara County, California",1011
"06085503338","Census Tract 5033.38, Santa Clara County, California",1350
"06085503339","Census Tract 5033.39, Santa Clara County, California",1308
"06085503401","Census Tract 5034.01, Santa Clara County, California",1005
"06085503402","Census Tract 5034.02, Santa Clara County, California",1188
"06085503504","Census Tract 5035.04, Santa Clara County, California",1138
"06085503506","Census Tract 5035.06, Santa Clara County, California",1253
"06085503507","Census Tract 5035.07, Santa Clara County, California",426
"06085503508","Census Tract 5035.08, Santa Clara County, California",1326
"06085503509","Census Tract 5035.09, Santa Clara County, California",875
"06085503510","Census Tract 5035.10, Santa Clara County, California",1371
"06085503511","Census Tract 5035.11, Santa Clara County, California",834
"06085503601","Census Tract 5036.01, Santa Clara County, California",912
"06085503602","Census Tract 5036.02, Santa Clara County, California",1322
"06085503703","Census Tract 5037.03, Santa Clara County, California",873
"06085503707","Census Tract 5037.07, Santa Clara County, California",1423
"06085503708","Census Tract 5037.08, Santa Clara County, California",751
"06085503709","Census Tract 5037.09, Santa Clara County, California",2377
"06085503710","Census Tract 5037.10, Santa Clara County, California",1120
"06085503711","Census Tract 5037.11, Santa Clara County, California",1086
"06085503712","Census Tract 5037.12, Santa Clara County, California",1376
"06085503713","Census Tract 5037.13, Santa Clara County, California",1120
"06085503802","Census Tract 5038.02, Santa Clara County, California",2314
"06085503803","Census Tract 5038.03, Santa Clara County, California",1362
"06085503804","Census Tract 5038.04, Santa Clara County, California",1810
"06085503902","Census Tract 5039.02, Santa Clara County, California",1658
"06085503903","Census Tract 5039.03, Santa Clara County, California",906
"06085504001","Census Tract 5040.01, Santa Clara County, California",1576
"06085504002","Census Tract 5040.02, Santa Clara County, California",1429
"06085504101","Census Tract 5041.01, Santa Clara County, California",1095
"06085504102","Census Tract 5041.02, Santa Clara County, California",1379
"06085504201","Census Tract 5042.01, Santa Clara County, California",1740
"06085504202","Census Tract 5042.02, Santa Clara County, California",1548
"06085504307","Census Tract 5043.07, Santa Clara County, California",1773
"06085504308","Census Tract 5043.08, Santa Clara County, California",1505
"06085504311","Census Tract 5043.11, Santa Clara County, California",3280
"06085504314","Census Tract 5043.14, Santa Clara County, California",1322
"06085504315","Census Tract 5043.15, Santa Clara County, California",1975
"06085504316","Census Tract 5043.16, Santa Clara County, California",1406
"06085504317","Census Tract 5043.17, Santa Clara County, California",1238
"06085504318","Census Tract 5043.18, Santa Clara County, California",2225
"06085504319","Census Tract 5043.19, Santa Clara County, California",2397
"06085504320","Census Tract 5043.20, Santa Clara County, California",845
"06085504321","Census Tract 5043.21, Santa Clara County, California",1648
"06085504322","Census Tract 5043.22, Santa Clara County, California",2156
"06085504323","Census Tract 5043.23, Santa Clara County, California",1832
"06085504410","Census Tract 5044.10, Santa Clara County, California",1259
"06085504411","Census Tract 5044.11, Santa Clara County, California",1537
"06085504412","Census Tract 5044.12, Santa Clara County, California",1290
"06085504413","Census Tract 5044.13, Santa Clara County, California",701
"06085504414","Census Tract 5044.14, Santa Clara County, California",1513
"06085504415","Census Tract 5044.15, Santa Clara County, California",1532
"06085504416","Census Tract 5044.16, Santa Clara County, California",1097
"06085504418","Census Tract 5044.18, Santa Clara County, California",1329
"06085504421","Census Tract 5044.21, Santa Clara County, California",1346
"06085504422","Census Tract 5044.22, Santa Clara County, California",1025
"06085504423","Census Tract 5044.23, Santa Clara County, California",655
"06085504424","Census Tract 5044.24, Santa Clara County, California",1506
"06085504505","Census Tract 5045.05, Santa Clara County, California",4035
"06085504506","Census Tract 5045.06, Santa Clara County, California",2381
"06085504507","Census Tract 5045.07, Santa Clara County, California",1711
"06085504508","Census Tract 5045.08, Santa Clara County, California",714
"06085504509","Census Tract 5045.09, Santa Clara County, California",2225
"06085504510","Census Tract 5045.10, Santa Clara County, California",1538
"06085504601","Census Tract 5046.01, Santa Clara County, California",367
"06085504602","Census Tract 5046.02, Santa Clara County, California",616
"06085504700","Census Tract 5047, Santa Clara County, California",191
"06085504802","Census Tract 5048.02, Santa Clara County, California",1853
"06085504805","Census Tract 5048.05, Santa Clara County, California",3220
"06085504806","Census Tract 5048.06, Santa Clara County, California",783
"06085504807","Census Tract 5048.07, Santa Clara County, California",2835
"06085504808","Census Tract 5048.08, Santa Clara County, California",655
"06085504902","Census Tract 5049.02, Santa Clara County, California",1796
"06085504903","Census Tract 5049.03, Santa Clara County, California",2326
"06085505006","Census Tract 5050.06, Santa Clara County, California",5929
"06085505007","Census Tract 5050.07, Santa Clara County, California",1002
"06085505010","Census Tract 5050.10, Santa Clara County, California",1407
"06085505011","Census Tract 5050.11, Santa Clara County, California",2206
"06085505012","Census Tract 5050.12, Santa Clara County, California",1594
"06085505013","Census Tract 5050.13, Santa Clara County, California",2757
"06085505014","Census Tract 5050.14, Santa Clara County, California",2699
"06085505015","Census Tract 5050.15, Santa Clara County, California",1793
"06085505100","Census Tract 5051, Santa Clara County, California",2247
"06085505202","Census Tract 5052.02, Santa Clara County, California",3598
"06085505203","Census Tract 5052.03, Santa Clara County, California",1573
"06085505301","Census Tract 5053.01, Santa Clara County, California",2126
"06085505302","Census Tract 5053.02, Santa Clara County, California",1781
"06085505303","Census Tract 5053.03, Santa Clara County, California",2271
"06085505304","Census Tract 5053.04, Santa Clara County, California",1108
"06085505305","Census Tract 5053.05, Santa Clara County, California",2302
"06085505401","Census Tract 5054.01, Santa Clara County, California",2801
"06085505402","Census Tract 5054.02, Santa Clara County, California",1155
"06085505403","Census Tract 5054.03, Santa Clara County, California",3615
"06085505500","Census Tract 5055, Santa Clara County, California",1637
"06085505600","Census Tract 5056, Santa Clara County, California",1553
"06085505700","Census Tract 5057, Santa Clara County, California",2403
"06085505800","Census Tract 5058, Santa Clara County, California",1656
"06085505901","Census Tract 5059.01, Santa Clara County, California",1583
"06085505902","Census Tract 5059.02, Santa Clara County, California",1875
"06085506000","Census Tract 5060, Santa Clara County, California",1953
"06085506101","Census Tract 5061.01, Santa Clara County, California",1736
"06085506102","Census Tract 5061.02, Santa Clara County, California",1879
"06085506103","Census Tract 5061.03, Santa Clara County, California",1714
"06085506202","Census Tract 5062.02, Santa Clara County, California",2625
"06085506203","Census Tract 5062.03, Santa Clara County, California",2823
"06085506204","Census Tract 5062.04, Santa Clara County, California",2178
"06085506301","Census Tract 5063.01, Santa Clara County, California",2479
"06085506302","Census Tract 5063.02, Santa Clara County, California",2826
"06085506304","Census Tract 5063.04, Santa Clara County, California",2285
"06085506305","Census Tract 5063.05, Santa Clara County, California",2613
"06085506401","Census Tract 5064.01, Santa Clara County, California",2397
"06085506402","Census Tract 5064.02, Santa Clara County, California",2314
"06085506502","Census Tract 5065.02, Santa Clara County, California",2326
"06085506503","Census Tract 5065.03, Santa Clara County, California",3038
"06085506504","Census Tract 5065.04, Santa Clara County, California",995
"06085506505","Census Tract 5065.05, Santa Clara County, California",1607
"06085506601","Census Tract 5066.01, Santa Clara County, California",1770
"06085506603","Census Tract 5066.03, Santa Clara County, California",1428
"06085506604","Census Tract 5066.04, Santa Clara County, California",2688
"06085506605","Census Tract 5066.05, Santa Clara County, California",1648
"06085506606","Census Tract 5066.06, Santa Clara County, California",1744
"06085506701","Census Tract 5067.01, Santa Clara County, California",1404
"06085506702","Census Tract 5067.02, Santa Clara County, California",2170
"06085506703","Census Tract 5067.03, Santa Clara County, California",1504
"06085506801","Census Tract 5068.01, Santa Clara County, California",2361
"06085506802","Census Tract 5068.02, Santa Clara County, California",1958
"06085506803","Census Tract 5068.03, Santa Clara County, California",2459
"06085506804","Census Tract 5068.04, Santa Clara County, California",1384
"06085506900","Census Tract 5069, Santa Clara County, California",2862
"06085507002","Census Tract 5070.02, Santa Clara County, California",1083
"06085507003","Census Tract 5070.03, Santa Clara County, California",1281
"06085507004","Census Tract 5070.04, Santa Clara County, California",2028
"06085507100","Census Tract 5071, Santa Clara County, California",1438
"06085507203","Census Tract 5072.03, Santa Clara County, California",1201
"06085507205","Census Tract 5072.05, Santa Clara County, California",1956
"06085507206","Census Tract 5072.06, Santa Clara County, California",1081
"06085507301","Census Tract 5073.01, Santa Clara County, California",2572
"06085507302","Census Tract 5073.02, Santa Clara County, California",1081
"06085507401","Census Tract 5074.01, Santa Clara County, California",1976
"06085507402","Census Tract 5074.02, Santa Clara County, California",1526
"06085507500","Census Tract 5075, Santa Clara County, California",2057
"06085507600","Census Tract 5076, Santa Clara County, California",2124
"06085507701","Census Tract 5077.01, Santa Clara County, California",1416
"06085507702","Census Tract 5077.02, Santa Clara County, California",2106
"06085507704","Census Tract 5077.04, Santa Clara County, California",1380
"06085507705","Census Tract 5077.05, Santa Clara County, California",1558
"06085507805","Census Tract 5078.05, Santa Clara County, California",2138
"06085507806","Census Tract 5078.06, Santa Clara County, California",2046
"06085507807","Census Tract 5078.07, Santa Clara County, California",1063
"06085507808","Census Tract 5078.08, Santa Clara County, California",1847
"06085507903","Census Tract 5079.03, Santa Clara County, California",1631
"06085507904","Census Tract 5079.04, Santa Clara County, California",1114
"06085507905","Census Tract 5079.05, Santa Clara County, California",2218
"06085507906","Census Tract 5079.06, Santa Clara County, California",1452
"06085508003","Census Tract 5080.03, Santa Clara County, California",770
"06085508004","Census Tract 5080.04, Santa Clara County, California",2200
"06085508005","Census Tract 5080.05, Santa Clara County, California",1771
"06085508006","Census Tract 5080.06, Santa Clara County, California",1216
"06085508101","Census Tract 5081.01, Santa Clara County, California",2377
"06085508102","Census Tract 5081.02, Santa Clara County, California",1623
"06085508203","Census Tract 5082.03, Santa Clara County, California",1873
"06085508204","Census Tract 5082.04, Santa Clara County, California",1503
"06085508205","Census Tract 5082.05, Santa Clara County, California",1729
"06085508206","Census Tract 5082.06, Santa Clara County, California",1567
"06085508301","Census Tract 5083.01, Santa Clara County, California",1566
"06085508303","Census Tract 5083.03, Santa Clara County, California",930
"06085508305","Census Tract 5083.05, Santa Clara County, California",1953
"06085508306","Census Tract 5083.06, Santa Clara County, California",1150
"06085508401","Census Tract 5084.01, Santa Clara County, California",2547
"06085508403","Census Tract 5084.03, Santa Clara County, California",1085
"06085508404","Census Tract 5084.04, Santa Clara County, California",2519
"06085508503","Census Tract 5085.03, Santa Clara County, California",2912
"06085508505","Census Tract 5085.05, Santa Clara County, California",1951
"06085508507","Census Tract 5085.07, Santa Clara County, California",1420
"06085508508","Census Tract 5085.08, Santa Clara County, California",2037
"06085508509","Census Tract 5085.09, Santa Clara County, California",2124
"06085508510","Census Tract 5085.10, Santa Clara County, California",1312
"06085508601","Census Tract 5086.01, Santa Clara County, California",1516
"06085508602","Census Tract 5086.02, Santa Clara County, California",2704
"06085508705","Census Tract 5087.05, Santa Clara County, California",1831
"06085508706","Census Tract 5087.06, Santa Clara County, California",1883
"06085508707","Census Tract 5087.07, Santa Clara County, California",1739
"06085508708","Census Tract 5087.08, Santa Clara County, California",2413
"06085508800","Census Tract 5088, Santa Clara County, California",1495
"06085508900","Census Tract 5089, Santa Clara County, California",1749
"06085509001","Census Tract 5090.01, Santa Clara County, California",1195
"06085509002","Census Tract 5090.02, Santa Clara County, California",1424
"06085509102","Census Tract 5091.02, Santa Clara County, California",2416
"06085509106","Census Tract 5091.06, Santa Clara County, California",1956
"06085509107","Census Tract 5091.07, Santa Clara County, California",2171
"06085509108","Census Tract 5091.08, Santa Clara County, California",1972
"06085509109","Census Tract 5091.09, Santa Clara County, California",2657
"06085509110","Census Tract 5091.10, Santa Clara County, California",1641
"06085509111","Census Tract 5091.11, Santa Clara County, California",1893
"06085509201","Census Tract 5092.01, Santa Clara County, California",2762
"06085509202","Census Tract 5092.02, Santa Clara County, California",1899
"06085509302","Census Tract 5093.02, Santa Clara County, California",1283
"06085509303","Census Tract 5093.03, Santa Clara County, California",1924
"06085509304","Census Tract 5093.04, Santa Clara County, California",1370
"06085509401","Census Tract 5094.01, Santa Clara County, California",2220
"06085509403","Census Tract 5094.03, Santa Clara County, California",2293
"06085509404","Census Tract 5094.04, Santa Clara County, California",3225
"06085509500","Census Tract 5095, Santa Clara County, California",2560
"06085509600","Census Tract 5096, Santa Clara County, California",1873
"06085509700","Census Tract 5097, Santa Clara County, California",1505
"06085509801","Census Tract 5098.01, Santa Clara County, California",2617
"06085509802","Census Tract 5098.02, Santa Clara County, California",1144
"06085509901","Census Tract 5099.01, Santa Clara County, California",768
"06085509902","Census Tract 5099.02, Santa Clara County, California",1986
"06085510001","Census Tract 5100.01, Santa Clara County, California",2137
"06085510002","Census Tract 5100.02, Santa Clara County, California",1323
"06085510100","Census Tract 5101, Santa Clara County, California",1117
"06085510200","Census Tract 5102, Santa Clara County, California",1556
"06085510300","Census Tract 5103, Santa Clara County, California",1888
"06085510400","Census Tract 5104, Santa Clara County, California",1411
"06085510500","Census Tract 5105, Santa Clara County, California",2086
"06085510600","Census Tract 5106, Santa Clara County, California",2484
"06085510700","Census Tract 5107, Santa Clara County, California",2320
"06085510801","Census Tract 5108.01, Santa Clara County, California",2217
"06085510802","Census Tract 5108.02, Santa Clara County, California",724
"06085510803","Census Tract 5108.03, Santa Clara County, California",1169
"06085510900","Census Tract 5109, Santa Clara County, California",2101
"06085511000","Census Tract 5110, Santa Clara County, California",2558
"06085511100","Census Tract 5111, Santa Clara County, California",1968
"06085511200","Census Tract 5112, Santa Clara County, California",1848
"06085511301","Census Tract 5113.01, Santa Clara County, California",1908
"06085511302","Census Tract 5113.02, Santa Clara County, California",2544
"06085511400","Census Tract 5114, Santa Clara County, California",1450
"06085511501","Census Tract 5115.01, Santa Clara County, California",2283
"06085511502","Census Tract 5115.02, Santa Clara County, California",913
"06085511608","Census Tract 5116.08, Santa Clara County, California",386
"06085511609","Census Tract 5116.09, Santa Clara County, California",2010
"06085511701","Census Tract 5117.01, Santa Clara County, California",1528
"06085511702","Census Tract 5117.02, Santa Clara County, California",1013
"06085511704","Census Tract 5117.04, Santa Clara County, California",1737
"06085511705","Census Tract 5117.05, Santa Clara County, California",607
"06085511707","Census Tract 5117.07, Santa Clara County, California",1265
"06085511800","Census Tract 5118, Santa Clara County, California",1705
"06085511905","Census Tract 5119.05, Santa Clara County, California",1085
"06085511907","Census Tract 5119.07, Santa Clara County, California",1353
"06085511910","Census Tract 5119.10, Santa Clara County, California",1062
"06085511911","Census Tract 5119.11, Santa Clara County, California",1895
"06085511912","Census Tract 5119.12, Santa Clara County, California",1771
"06085511913","Census Tract 5119.13, Santa Clara County, California",1447
"06085511914","Census Tract 5119.14, Santa Clara County, California",1978
"06085511915","Census Tract 5119.15, Santa Clara County, California",1279
"06085511916","Census Tract 5119.16, Santa Clara County, California",1683
"06085511917","Census Tract 5119.17, Santa Clara County, California",1698
"06085511918","Census Tract 5119.18, Santa Clara County, California",1125
"06085512001","Census Tract 5120.01, Santa Clara County, California",2083
"06085512005","Census Tract 5120.05, Santa Clara County, California",2224
"06085512019","Census Tract 5120.19, Santa Clara County, California",1574
"06085512021","Census Tract 5120.21, Santa Clara County, California",2065
"06085512022","Census Tract 5120.22, Santa Clara County, California",1943
"06085512023","Census Tract 5120.23, Santa Clara County, California",1980
"06085512024","Census Tract 5120.24, Santa Clara County, California",1843
"06085512025","Census Tract 5120.25, Santa Clara County, California",1083
"06085512026","Census Tract 5120.26, Santa Clara County, California",1357
"06085512027","Census Tract 5120.27, Santa Clara County, California",1710
"06085512029","Census Tract 5120.29, Santa Clara County, California",2309
"06085512030","Census Tract 5120.30, Santa Clara County, California",983
"06085512031","Census Tract 5120.31, Santa Clara County, California",1400
"06085512032","Census Tract 5120.32, Santa Clara County, California",1185
"06085512034","Census Tract 5120.34, Santa Clara County, California",1049
"06085512035","Census Tract 5120.35, Santa Clara County, California",1385
"06085512036","Census Tract 5120.36, Santa Clara County, California",1911
"06085512037","Census Tract 5120.37, Santa Clara County, California",985
"06085512038","Census Tract 5120.38, Santa Clara County, California",1093
"06085512039","Census Tract 5120.39, Santa Clara County, California",1460
"06085512042","Census Tract 5120.42, Santa Clara County, California",871
"06085512043","Census Tract 5120.43, Santa Clara County, California",1633
"06085512045","Census Tract 5120.45, Santa Clara County, California",1845
"06085512047","Census Tract 5120.47, Santa Clara County, California",1736
"06085512052","Census Tract 5120.52, Santa Clara County, California",1802
"06085512053","Census Tract 5120.53, Santa Clara County, California",1570
"06085512054","Census Tract 5120.54, Santa Clara County, California",1854
"06085512055","Census Tract 5120.55, Santa Clara County, California",966
"06085512056","Census Tract 5120.56, Santa Clara County, California",1126
"06085512057","Census Tract 5120.57, Santa Clara County, California",1092
"06085512058","Census Tract 5120.58, Santa Clara County, California",2608
"06085512059","Census Tract 5120.59, Santa Clara County, California",2052
"06085512100","Census Tract 5121, Santa Clara County, California",518
"06085512200","Census Tract 5122, Santa Clara County, California",1763
"06085512305","Census Tract 5123.05, Santa Clara County, California",1569
"06085512307","Census Tract 5123.07, Santa Clara County, California",2556
"06085512308","Census Tract 5123.08, Santa Clara County, California",2874
"06085512309","Census Tract 5123.09, Santa Clara County, California",1760
"06085512310","Census Tract 5123.10, Santa Clara County, California",1947
"06085512311","Census Tract 5123.11, Santa Clara County, California",1395
"06085512312","Census Tract 5123.12, Santa Clara County, California",1302
"06085512313","Census Tract 5123.13, Santa Clara County, California",1286
"06085512314","Census Tract 5123.14, Santa Clara County, California",2249
"06085512401","Census Tract 5124.01, Santa Clara County, California",1491
"06085512402","Census Tract 5124.02, Santa Clara County, California",1600
"06085512505","Census Tract 5125.05, Santa Clara County, California",2285
"06085512509","Census Tract 5125.09, Santa Clara County, California",1827
"06085512510","Census Tract 5125.10, Santa Clara County, California",2877
"06085512511","Census Tract 5125.11, Santa Clara County, California",1429
"06085512512","Census Tract 5125.12, Santa Clara County, California",1241
"06085512513","Census Tract 5125.13, Santa Clara County, California",1214
"06085512514","Census Tract 5125.14, Santa Clara County, California",938
"06085512515","Census Tract 5125.15, Santa Clara County, California",1693
"06085512516","Census Tract 5125.16, Santa Clara County, California",1323
"06085512602","Census Tract 5126.02, Santa Clara County, California",1192
"06085512603","Census Tract 5126.03, Santa Clara County, California",1387
"06085512604","Census Tract 5126.04, Santa Clara County, California",1333
"06085513000","Census Tract 5130, Santa Clara County, California",3530
"06085513500","Census Tract 5135, Santa Clara County, California",436
"06087100100","Census Tract 1001, Santa Cruz County, California",844
"06087100200","Census Tract 1002, Santa Cruz County, California",2792
"06087100300","Census Tract 1003, Santa Cruz County, California",1491
"06087100400","Census Tract 1004, Santa Cruz County, California",440
"06087100500","Census Tract 1005, Santa Cruz County, California",2248
"06087100600","Census Tract 1006, Santa Cruz County, California",1386
"06087100700","Census Tract 1007, Santa Cruz County, California",1104
"06087100801","Census Tract 1008.01, Santa Cruz County, California",1631
"06087100802","Census Tract 1008.02, Santa Cruz County, California",1510
"06087100900","Census Tract 1009, Santa Cruz County, California",2386
"06087101001","Census Tract 1010.01, Santa Cruz County, California",1589
"06087101002","Census Tract 1010.02, Santa Cruz County, California",2331
"06087101100","Census Tract 1011, Santa Cruz County, California",2453
"06087101200","Census Tract 1012, Santa Cruz County, California",1385
"06087110101","Census Tract 1101.01, Santa Cruz County, California",914
"06087110102","Census Tract 1101.02, Santa Cruz County, California",1567
"06087110201","Census Tract 1102.01, Santa Cruz County, California",744
"06087110202","Census Tract 1102.02, Santa Cruz County, California",1517
"06087110301","Census Tract 1103.01, Santa Cruz County, California",1181
"06087110302","Census Tract 1103.02, Santa Cruz County, California",763
"06087110401","Census Tract 1104.01, Santa Cruz County, California",814
"06087110402","Census Tract 1104.02, Santa Cruz County, California",1259
"06087110503","Census Tract 1105.03, Santa Cruz County, California",906
"06087110504","Census Tract 1105.04, Santa Cruz County, California",594
"06087110505","Census Tract 1105.05, Santa Cruz County, California",1296
"06087110506","Census Tract 1105.06, Santa Cruz County, California",911
"06087110601","Census Tract 1106.01, Santa Cruz County, California",1542
"06087110602","Census Tract 1106.02, Santa Cruz County, California",708
"06087110700","Census Tract 1107, Santa Cruz County, California",894
"06087120200","Census Tract 1202, Santa Cruz County, California",1945
"06087120301","Census Tract 1203.01, Santa Cruz County, California",2208
"06087120302","Census Tract 1203.02, Santa Cruz County, California",1354
"06087120400","Census Tract 1204, Santa Cruz County, California",2463
"06087120500","Census Tract 1205, Santa Cruz County, California",2751
"06087120600","Census Tract 1206, Santa Cruz County, California",1976
"06087120700","Census Tract 1207, Santa Cruz County, California",2126
"06087120800","Census Tract 1208, Santa Cruz County, California",2589
"06087120901","Census Tract 1209.01, Santa Cruz County, California",1528
"06087120902","Census Tract 1209.02, Santa Cruz County, California",2013
"06087121000","Census Tract 1210, Santa Cruz County, California",1498
"06087121100","Census Tract 1211, Santa Cruz County, California",1291
"06087121200","Census Tract 1212, Santa Cruz County, California",2641
"06087121300","Census Tract 1213, Santa Cruz County, California",1737
"06087121401","Census Tract 1214.01, Santa Cruz County, California",1012
"06087121402","Census Tract 1214.02, Santa Cruz County, California",1650
"06087121403","Census Tract 1214.03, Santa Cruz County, California",1439
"06087121501","Census Tract 1215.01, Santa Cruz County, California",1892
"06087121502","Census Tract 1215.02, Santa Cruz County, California",873
"06087121601","Census Tract 1216.01, Santa Cruz County, California",1922
"06087121602","Census Tract 1216.02, Santa Cruz County, California",1379
"06087121701","Census Tract 1217.01, Santa Cruz County, California",2120
"06087121702","Census Tract 1217.02, Santa Cruz County, California",1283
"06087121801","Census Tract 1218.01, Santa Cruz County, California",1305
"06087121802","Census Tract 1218.02, Santa Cruz County, California",1507
"06087122001","Census Tract 1220.01, Santa Cruz County, California",2054
"06087122002","Census Tract 1220.02, Santa Cruz County, California",1473
"06087122004","Census Tract 1220.04, Santa Cruz County, California",1258
"06087122005","Census Tract 1220.05, Santa Cruz County, California",1693
"06087122100","Census Tract 1221, Santa Cruz County, California",1950
"06087122202","Census Tract 1222.02, Santa Cruz County, California",982
"06087122203","Census Tract 1222.03, Santa Cruz County, California",1809
"06087122204","Census Tract 1222.04, Santa Cruz County, California",1197
"06087122205","Census Tract 1222.05, Santa Cruz County, California",2140
"06087122300","Census Tract 1223, Santa Cruz County, California",2356
"06087122401","Census Tract 1224.01, Santa Cruz County, California",1042
"06087122402","Census Tract 1224.02, Santa Cruz County, California",1747
"06087122500","Census Tract 1225, Santa Cruz County, California",1634
"06087123100","Census Tract 1231, Santa Cruz County, California",825
"06087123300","Census Tract 1233, Santa Cruz County, California",483
"06087990100","Census Tract 9901, Santa Cruz County, California",0
"06089010100","Census Tract 101, Shasta County, California",824
"06089010200","Census Tract 102, Shasta County, California",1166
"06089010300","Census Tract 103, Shasta County, California",1721
"06089010400","Census Tract 104, Shasta County, California",1875
"06089010500","Census Tract 105, Shasta County, California",2238
"06089010601","Census Tract 106.01, Shasta County, California",1008
"06089010602","Census Tract 106.02, Shasta County, California",2447
"06089010603","Census Tract 106.03, Shasta County, California",401
"06089010702","Census Tract 107.02, Shasta County, California",1634
"06089010703","Census Tract 107.03, Shasta County, California",1890
"06089010704","Census Tract 107.04, Shasta County, California",2175
"06089010803","Census Tract 108.03, Shasta County, California",2552
"06089010804","Census Tract 108.04, Shasta County, California",938
"06089010805","Census Tract 108.05, Shasta County, California",2030
"06089010806","Census Tract 108.06, Shasta County, California",1541
"06089010807","Census Tract 108.07, Shasta County, California",1778
"06089010900","Census Tract 109, Shasta County, California",1819
"06089011001","Census Tract 110.01, Shasta County, California",657
"06089011002","Census Tract 110.02, Shasta County, California",2310
"06089011100","Census Tract 111, Shasta County, California",1352
"06089011209","Census Tract 112.09, Shasta County, California",2543
"06089011300","Census Tract 113, Shasta County, California",2123
"06089011401","Census Tract 114.01, Shasta County, California",1541
"06089011402","Census Tract 114.02, Shasta County, California",1197
"06089011403","Census Tract 114.03, Shasta County, California",1261
"06089011501","Census Tract 115.01, Shasta County, California",1308
"06089011502","Census Tract 115.02, Shasta County, California",1182
"06089011600","Census Tract 116, Shasta County, California",1687
"06089011701","Census Tract 117.01, Shasta County, California",1047
"06089011702","Census Tract 117.02, Shasta County, California",1408
"06089011703","Census Tract 117.03, Shasta County, California",1359
"06089011801","Census Tract 118.01, Shasta County, California",988
"06089011802","Census Tract 118.02, Shasta County, California",1052
"06089011803","Census Tract 118.03, Shasta County, California",1357
"06089011900","Census Tract 119, Shasta County, California",1880
"06089012000","Census Tract 120, Shasta County, California",2189
"06089012101","Census Tract 121.01, Shasta County, California",2013
"06089012102","Census Tract 121.02, Shasta County, California",1029
"06089012200","Census Tract 122, Shasta County, California",2345
"06089012301","Census Tract 123.01, Shasta County, California",1138
"06089012302","Census Tract 123.02, Shasta County, California",2180
"06089012303","Census Tract 123.03, Shasta County, California",1523
"06089012400","Census Tract 124, Shasta County, California",1599
"06089012500","Census Tract 125, Shasta County, California",1142
"06089012603","Census Tract 126.03, Shasta County, California",2412
"06089012604","Census Tract 126.04, Shasta County, California",1072
"06089012605","Census Tract 126.05, Shasta County, California",934
"06089012606","Census Tract 126.06, Shasta County, California",1641
"06089012701","Census Tract 127.01, Shasta County, California",2134
"06089012702","Census Tract 127.02, Shasta County, California",1740
"06091010000","Census Tract 100, Sierra County, California",2127
"06093000100","Census Tract 1, Siskiyou County, California",528
"06093000200","Census Tract 2, Siskiyou County, California",791
"06093000300","Census Tract 3, Siskiyou County, California",1987
"06093000600","Census Tract 6, Siskiyou County, California",918
"06093000701","Census Tract 7.01, Siskiyou County, California",1697
"06093000702","Census Tract 7.02, Siskiyou County, California",2145
"06093000703","Census Tract 7.03, Siskiyou County, California",1553
"06093000800","Census Tract 8, Siskiyou County, California",1719
"06093000901","Census Tract 9.01, Siskiyou County, California",1951
"06093000902","Census Tract 9.02, Siskiyou County, California",1753
"06093001001","Census Tract 10.01, Siskiyou County, California",676
"06093001002","Census Tract 10.02, Siskiyou County, California",956
"06093001003","Census Tract 10.03, Siskiyou County, California",2296
"06093001100","Census Tract 11, Siskiyou County, California",1404
"06093001200","Census Tract 12, Siskiyou County, California",1103
"06093001300","Census Tract 13, Siskiyou County, California",1452
"06095250103","Census Tract 2501.03, Solano County, California",1679
"06095250104","Census Tract 2501.04, Solano County, California",864
"06095250105","Census Tract 2501.05, Solano County, California",2451
"06095250106","Census Tract 2501.06, Solano County, California",1172
"06095250200","Census Tract 2502, Solano County, California",1551
"06095250300","Census Tract 2503, Solano County, California",1213
"06095250400","Census Tract 2504, Solano County, California",1287
"06095250501","Census Tract 2505.01, Solano County, California",798
"06095250502","Census Tract 2505.02, Solano County, California",1190
"06095250601","Census Tract 2506.01, Solano County, California",1587
"06095250604","Census Tract 2506.04, Solano County, California",1559
"06095250605","Census Tract 2506.05, Solano County, California",1524
"06095250701","Census Tract 2507.01, Solano County, California",1241
"06095250801","Census Tract 2508.01, Solano County, California",1732
"06095250900","Census Tract 2509, Solano County, California",1638
"06095251000","Census Tract 2510, Solano County, California",1304
"06095251100","Census Tract 2511, Solano County, California",1234
"06095251200","Census Tract 2512, Solano County, California",1230
"06095251300","Census Tract 2513, Solano County, California",1285
"06095251400","Census Tract 2514, Solano County, California",2357
"06095251500","Census Tract 2515, Solano County, California",1550
"06095251600","Census Tract 2516, Solano County, California",1212
"06095251701","Census Tract 2517.01, Solano County, California",1622
"06095251702","Census Tract 2517.02, Solano County, California",1056
"06095251802","Census Tract 2518.02, Solano County, California",1324
"06095251803","Census Tract 2518.03, Solano County, California",1476
"06095251804","Census Tract 2518.04, Solano County, California",1051
"06095251901","Census Tract 2519.01, Solano County, California",1915
"06095251902","Census Tract 2519.02, Solano County, California",1727
"06095251903","Census Tract 2519.03, Solano County, California",1681
"06095252000","Census Tract 2520, Solano County, California",2259
"06095252102","Census Tract 2521.02, Solano County, California",1723
"06095252103","Census Tract 2521.03, Solano County, California",2118
"06095252104","Census Tract 2521.04, Solano County, California",1936
"06095252105","Census Tract 2521.05, Solano County, California",1340
"06095252106","Census Tract 2521.06, Solano County, California",1726
"06095252107","Census Tract 2521.07, Solano County, California",1448
"06095252108","Census Tract 2521.08, Solano County, California",1311
"06095252203","Census Tract 2522.03, Solano County, California",1877
"06095252204","Census Tract 2522.04, Solano County, California",1795
"06095252205","Census Tract 2522.05, Solano County, California",2545
"06095252206","Census Tract 2522.06, Solano County, California",1665
"06095252305","Census Tract 2523.05, Solano County, California",2222
"06095252306","Census Tract 2523.06, Solano County, California",1304
"06095252310","Census Tract 2523.10, Solano County, California",1367
"06095252311","Census Tract 2523.11, Solano County, California",1662
"06095252312","Census Tract 2523.12, Solano County, California",1479
"06095252313","Census Tract 2523.13, Solano County, California",2499
"06095252314","Census Tract 2523.14, Solano County, California",1554
"06095252315","Census Tract 2523.15, Solano County, California",1441
"06095252316","Census Tract 2523.16, Solano County, California",1171
"06095252317","Census Tract 2523.17, Solano County, California",3452
"06095252401","Census Tract 2524.01, Solano County, California",1490
"06095252402","Census Tract 2524.02, Solano County, California",1787
"06095252501","Census Tract 2525.01, Solano County, California",987
"06095252502","Census Tract 2525.02, Solano County, California",705
"06095252604","Census Tract 2526.04, Solano County, California",1268
"06095252605","Census Tract 2526.05, Solano County, California",2022
"06095252606","Census Tract 2526.06, Solano County, California",1826
"06095252607","Census Tract 2526.07, Solano County, California",1215
"06095252608","Census Tract 2526.08, Solano County, California",1341
"06095252610","Census Tract 2526.10, Solano County, California",1086
"06095252611","Census Tract 2526.11, Solano County, California",1214
"06095252702","Census Tract 2527.02, Solano County, California",2436
"06095252703","Census Tract 2527.03, Solano County, California",1328
"06095252704","Census Tract 2527.04, Solano County, California",1784
"06095252705","Census Tract 2527.05, Solano County, California",1898
"06095252706","Census Tract 2527.06, Solano County, California",1311
"06095252707","Census Tract 2527.07, Solano County, California",1738
"06095252801","Census Tract 2528.01, Solano County, California",866
"06095252802","Census Tract 2528.02, Solano County, California",223
"06095252903","Census Tract 2529.03, Solano County, California",1780
"06095252904","Census Tract 2529.04, Solano County, California",3202
"06095252908","Census Tract 2529.08, Solano County, California",1346
"06095252909","Census Tract 2529.09, Solano County, California",1528
"06095252910","Census Tract 2529.10, Solano County, California",2005
"06095252911","Census Tract 2529.11, Solano County, California",3047
"06095252912","Census Tract 2529.12, Solano County, California",1959
"06095252913","Census Tract 2529.13, Solano County, California",1768
"06095252914","Census Tract 2529.14, Solano County, California",1918
"06095252915","Census Tract 2529.15, Solano County, California",1938
"06095253000","Census Tract 2530, Solano County, California",4
"06095253101","Census Tract 2531.01, Solano County, California",2151
"06095253105","Census Tract 2531.05, Solano County, California",2597
"06095253106","Census Tract 2531.06, Solano County, California",1337
"06095253107","Census Tract 2531.07, Solano County, California",2464
"06095253108","Census Tract 2531.08, Solano County, California",1617
"06095253201","Census Tract 2532.01, Solano County, California",1877
"06095253203","Census Tract 2532.03, Solano County, California",1634
"06095253205","Census Tract 2532.05, Solano County, California",1053
"06095253206","Census Tract 2532.06, Solano County, California",1221
"06095253207","Census Tract 2532.07, Solano County, California",847
"06095253208","Census Tract 2532.08, Solano County, California",1738
"06095253300","Census Tract 2533, Solano County, California",939
"06095253402","Census Tract 2534.02, Solano County, California",2887
"06095253403","Census Tract 2534.03, Solano County, California",1802
"06095253404","Census Tract 2534.04, Solano County, California",2059
"06095253501","Census Tract 2535.01, Solano County, California",3649
"06095253502","Census Tract 2535.02, Solano County, California",1936
"06095980000","Census Tract 9800, Solano County, California",5
"06097150100","Census Tract 1501, Sonoma County, California",1096
"06097150203","Census Tract 1502.03, Sonoma County, California",2378
"06097150204","Census Tract 1502.04, Sonoma County, California",1805
"06097150205","Census Tract 1502.05, Sonoma County, California",2064
"06097150206","Census Tract 1502.06, Sonoma County, California",794
"06097150303","Census Tract 1503.03, Sonoma County, California",2389
"06097150304","Census Tract 1503.04, Sonoma County, California",2370
"06097150305","Census Tract 1503.05, Sonoma County, California",1855
"06097150306","Census Tract 1503.06, Sonoma County, California",1729
"06097150501","Census Tract 1505.01, Sonoma County, California",1430
"06097150502","Census Tract 1505.02, Sonoma County, California",874
"06097150601","Census Tract 1506.01, Sonoma County, California",1548
"06097150602","Census Tract 1506.02, Sonoma County, California",1563
"06097150603","Census Tract 1506.03, Sonoma County, California",2962
"06097150607","Census Tract 1506.07, Sonoma County, California",1874
"06097150609","Census Tract 1506.09, Sonoma County, California",2197
"06097150610","Census Tract 1506.10, Sonoma County, California",1430
"06097150611","Census Tract 1506.11, Sonoma County, California",1640
"06097150612","Census Tract 1506.12, Sonoma County, California",1889
"06097150701","Census Tract 1507.01, Sonoma County, California",2197
"06097150702","Census Tract 1507.02, Sonoma County, California",2038
"06097150800","Census Tract 1508, Sonoma County, California",2079
"06097150901","Census Tract 1509.01, Sonoma County, California",2080
"06097150902","Census Tract 1509.02, Sonoma County, California",1475
"06097151000","Census Tract 1510, Sonoma County, California",1443
"06097151100","Census Tract 1511, Sonoma County, California",1812
"06097151203","Census Tract 1512.03, Sonoma County, California",2114
"06097151204","Census Tract 1512.04, Sonoma County, California",1556
"06097151205","Census Tract 1512.05, Sonoma County, California",1281
"06097151206","Census Tract 1512.06, Sonoma County, California",2138
"06097151301","Census Tract 1513.01, Sonoma County, California",1659
"06097151305","Census Tract 1513.05, Sonoma County, California",2374
"06097151306","Census Tract 1513.06, Sonoma County, California",1661
"06097151307","Census Tract 1513.07, Sonoma County, California",1969
"06097151308","Census Tract 1513.08, Sonoma County, California",2164
"06097151309","Census Tract 1513.09, Sonoma County, California",2557
"06097151310","Census Tract 1513.10, Sonoma County, California",1558
"06097151311","Census Tract 1513.11, Sonoma County, California",2547
"06097151403","Census Tract 1514.03, Sonoma County, California",1773
"06097151404","Census Tract 1514.04, Sonoma County, California",974
"06097151405","Census Tract 1514.05, Sonoma County, California",2378
"06097151406","Census Tract 1514.06, Sonoma County, California",1454
"06097151503","Census Tract 1515.03, Sonoma County, California",1427
"06097151504","Census Tract 1515.04, Sonoma County, California",1398
"06097151505","Census Tract 1515.05, Sonoma County, California",621
"06097151506","Census Tract 1515.06, Sonoma County, California",2498
"06097151601","Census Tract 1516.01, Sonoma County, California",2063
"06097151602","Census Tract 1516.02, Sonoma County, California",2075
"06097151701","Census Tract 1517.01, Sonoma County, California",1365
"06097151702","Census Tract 1517.02, Sonoma County, California",1783
"06097151800","Census Tract 1518, Sonoma County, California",2224
"06097151900","Census Tract 1519, Sonoma County, California",1441
"06097152000","Census Tract 1520, Sonoma County, California",1146
"06097152100","Census Tract 1521, Sonoma County, California",957
"06097152201","Census Tract 1522.01, Sonoma County, California",1816
"06097152203","Census Tract 1522.03, Sonoma County, California",1946
"06097152204","Census Tract 1522.04, Sonoma County, California",2348
"06097152205","Census Tract 1522.05, Sonoma County, California",796
"06097152300","Census Tract 1523, Sonoma County, California",1884
"06097152401","Census Tract 1524.01, Sonoma County, California",1714
"06097152402","Census Tract 1524.02, Sonoma County, California",1728
"06097152501","Census Tract 1525.01, Sonoma County, California",1781
"06097152502","Census Tract 1525.02, Sonoma County, California",1571
"06097152601","Census Tract 1526.01, Sonoma County, California",2502
"06097152602","Census Tract 1526.02, Sonoma County, California",630
"06097152701","Census Tract 1527.01, Sonoma County, California",2133
"06097152702","Census Tract 1527.02, Sonoma County, California",2071
"06097152801","Census Tract 1528.01, Sonoma County, California",1699
"06097152803","Census Tract 1528.03, Sonoma County, California",1480
"06097152804","Census Tract 1528.04, Sonoma County, California",1350
"06097152903","Census Tract 1529.03, Sonoma County, California",1579
"06097152904","Census Tract 1529.04, Sonoma County, California",2055
"06097152905","Census Tract 1529.05, Sonoma County, California",1658
"06097152906","Census Tract 1529.06, Sonoma County, California",2324
"06097153001","Census Tract 1530.01, Sonoma County, California",2906
"06097153002","Census Tract 1530.02, Sonoma County, California",2106
"06097153003","Census Tract 1530.03, Sonoma County, California",2096
"06097153005","Census Tract 1530.05, Sonoma County, California",2475
"06097153006","Census Tract 1530.06, Sonoma County, California",2918
"06097153102","Census Tract 1531.02, Sonoma County, California",1465
"06097153103","Census Tract 1531.03, Sonoma County, California",1473
"06097153104","Census Tract 1531.04, Sonoma County, California",1368
"06097153201","Census Tract 1532.01, Sonoma County, California",1338
"06097153202","Census Tract 1532.02, Sonoma County, California",1128
"06097153301","Census Tract 1533.01, Sonoma County, California",2223
"06097153302","Census Tract 1533.02, Sonoma County, California",1617
"06097153403","Census Tract 1534.03, Sonoma County, California",1769
"06097153404","Census Tract 1534.04, Sonoma County, California",1774
"06097153405","Census Tract 1534.05, Sonoma County, California",1462
"06097153406","Census Tract 1534.06, Sonoma County, California",1282
"06097153501","Census Tract 1535.01, Sonoma County, California",1874
"06097153502","Census Tract 1535.02, Sonoma County, California",1613
"06097153601","Census Tract 1536.01, Sonoma County, California",795
"06097153602","Census Tract 1536.02, Sonoma County, California",1387
"06097153705","Census Tract 1537.05, Sonoma County, California",1718
"06097153707","Census Tract 1537.07, Sonoma County, California",1235
"06097153708","Census Tract 1537.08, Sonoma County, California",1272
"06097153709","Census Tract 1537.09, Sonoma County, California",913
"06097153710","Census Tract 1537.10, Sonoma County, California",1521
"06097153711","Census Tract 1537.11, Sonoma County, California",1343
"06097153712","Census Tract 1537.12, Sonoma County, California",903
"06097153804","Census Tract 1538.04, Sonoma County, California",1154
"06097153806","Census Tract 1538.06, Sonoma County, California",1044
"06097153807","Census Tract 1538.07, Sonoma County, California",1512
"06097153808","Census Tract 1538.08, Sonoma County, California",1734
"06097153809","Census Tract 1538.09, Sonoma County, California",1642
"06097153810","Census Tract 1538.10, Sonoma County, California",1312
"06097153811","Census Tract 1538.11, Sonoma County, California",1912
"06097153902","Census Tract 1539.02, Sonoma County, California",1831
"06097153903","Census Tract 1539.03, Sonoma County, California",1729
"06097153904","Census Tract 1539.04, Sonoma County, California",941
"06097153905","Census Tract 1539.05, Sonoma County, California",1533
"06097154000","Census Tract 1540, Sonoma County, California",1212
"06097154100","Census Tract 1541, Sonoma County, California",1678
"06097154201","Census Tract 1542.01, Sonoma County, California",1585
"06097154202","Census Tract 1542.02, Sonoma County, California",2567
"06097154304","Census Tract 1543.04, Sonoma County, California",1669
"06097154305","Census Tract 1543.05, Sonoma County, California",1291
"06097154306","Census Tract 1543.06, Sonoma County, California",1124
"06097154307","Census Tract 1543.07, Sonoma County, California",916
"06097154308","Census Tract 1543.08, Sonoma County, California",1151
"06097990100","Census Tract 9901, Sonoma County, California",0
"06099000101","Census Tract 1.01, Stanislaus County, California",2180
"06099000102","Census Tract 1.02, Stanislaus County, California",1428
"06099000201","Census Tract 2.01, Stanislaus County, California",2390
"06099000202","Census Tract 2.02, Stanislaus County, California",2717
"06099000204","Census Tract 2.04, Stanislaus County, California",2065
"06099000205","Census Tract 2.05, Stanislaus County, California",1535
"06099000301","Census Tract 3.01, Stanislaus County, California",724
"06099000302","Census Tract 3.02, Stanislaus County, California",891
"06099000303","Census Tract 3.03, Stanislaus County, California",1826
"06099000304","Census Tract 3.04, Stanislaus County, California",1450
"06099000403","Census Tract 4.03, Stanislaus County, California",1751
"06099000404","Census Tract 4.04, Stanislaus County, California",2244
"06099000405","Census Tract 4.05, Stanislaus County, California",905
"06099000406","Census Tract 4.06, Stanislaus County, California",1834
"06099000407","Census Tract 4.07, Stanislaus County, California",1009
"06099000501","Census Tract 5.01, Stanislaus County, California",2523
"06099000503","Census Tract 5.03, Stanislaus County, California",1957
"06099000505","Census Tract 5.05, Stanislaus County, California",1779
"06099000506","Census Tract 5.06, Stanislaus County, California",1919
"06099000511","Census Tract 5.11, Stanislaus County, California",1963
"06099000512","Census Tract 5.12, Stanislaus County, California",1220
"06099000513","Census Tract 5.13, Stanislaus County, California",1325
"06099000514","Census Tract 5.14, Stanislaus County, California",1093
"06099000601","Census Tract 6.01, Stanislaus County, California",1508
"06099000602","Census Tract 6.02, Stanislaus County, California",912
"06099000801","Census Tract 8.01, Stanislaus County, California",2775
"06099000803","Census Tract 8.03, Stanislaus County, California",1656
"06099000805","Census Tract 8.05, Stanislaus County, California",2094
"06099000806","Census Tract 8.06, Stanislaus County, California",1661
"06099000807","Census Tract 8.07, Stanislaus County, California",1668
"06099000905","Census Tract 9.05, Stanislaus County, California",2340
"06099000906","Census Tract 9.06, Stanislaus County, California",2461
"06099000907","Census Tract 9.07, Stanislaus County, California",1341
"06099000908","Census Tract 9.08, Stanislaus County, California",2028
"06099000909","Census Tract 9.09, Stanislaus County, California",1808
"06099000910","Census Tract 9.10, Stanislaus County, California",2483
"06099000911","Census Tract 9.11, Stanislaus County, California",1857
"06099000913","Census Tract 9.13, Stanislaus County, California",2412
"06099000914","Census Tract 9.14, Stanislaus County, California",2189
"06099000915","Census Tract 9.15, Stanislaus County, California",1599
"06099001001","Census Tract 10.01, Stanislaus County, California",2760
"06099001002","Census Tract 10.02, Stanislaus County, California",1417
"06099001100","Census Tract 11, Stanislaus County, California",1723
"06099001200","Census Tract 12, Stanislaus County, California",1772
"06099001300","Census Tract 13, Stanislaus County, California",2647
"06099001400","Census Tract 14, Stanislaus County, California",2618
"06099001500","Census Tract 15, Stanislaus County, California",2219
"06099001601","Census Tract 16.01, Stanislaus County, California",1306
"06099001603","Census Tract 16.03, Stanislaus County, California",1623
"06099001604","Census Tract 16.04, Stanislaus County, California",1028
"06099001700","Census Tract 17, Stanislaus County, California",819
"06099001800","Census Tract 18, Stanislaus County, California",963
"06099001900","Census Tract 19, Stanislaus County, California",2311
"06099002002","Census Tract 20.02, Stanislaus County, California",1504
"06099002004","Census Tract 20.04, Stanislaus County, California",2219
"06099002005","Census Tract 20.05, Stanislaus County, California",1154
"06099002006","Census Tract 20.06, Stanislaus County, California",1338
"06099002100","Census Tract 21, Stanislaus County, California",1050
"06099002200","Census Tract 22, Stanislaus County, California",1857
"06099002302","Census Tract 23.02, Stanislaus County, California",1171
"06099002303","Census Tract 23.03, Stanislaus County, California",1391
"06099002304","Census Tract 23.04, Stanislaus County, California",839
"06099002401","Census Tract 24.01, Stanislaus County, California",903
"06099002402","Census Tract 24.02, Stanislaus County, California",1361
"06099002503","Census Tract 25.03, Stanislaus County, California",1354
"06099002504","Census Tract 25.04, Stanislaus County, California",1254
"06099002505","Census Tract 25.05, Stanislaus County, California",1250
"06099002506","Census Tract 25.06, Stanislaus County, California",476
"06099002602","Census Tract 26.02, Stanislaus County, California",1702
"06099002603","Census Tract 26.03, Stanislaus County, California",1010
"06099002604","Census Tract 26.04, Stanislaus County, California",1481
"06099002605","Census Tract 26.05, Stanislaus County, California",1267
"06099002701","Census Tract 27.01, Stanislaus County, California",1253
"06099002702","Census Tract 27.02, Stanislaus County, California",2001
"06099002801","Census Tract 28.01, Stanislaus County, California",1890
"06099002802","Census Tract 28.02, Stanislaus County, California",2280
"06099002803","Census Tract 28.03, Stanislaus County, California",1210
"06099002901","Census Tract 29.01, Stanislaus County, California",1741
"06099002903","Census Tract 29.03, Stanislaus County, California",1929
"06099002904","Census Tract 29.04, Stanislaus County, California",892
"06099003002","Census Tract 30.02, Stanislaus County, California",2145
"06099003003","Census Tract 30.03, Stanislaus County, California",2017
"06099003004","Census Tract 30.04, Stanislaus County, California",649
"06099003100","Census Tract 31, Stanislaus County, California",1268
"06099003201","Census Tract 32.01, Stanislaus County, California",1653
"06099003203","Census Tract 32.03, Stanislaus County, California",1617
"06099003204","Census Tract 32.04, Stanislaus County, California",859
"06099003205","Census Tract 32.05, Stanislaus County, California",1239
"06099003206","Census Tract 32.06, Stanislaus County, California",1459
"06099003300","Census Tract 33, Stanislaus County, California",1932
"06099003400","Census Tract 34, Stanislaus County, California",618
"06099003501","Census Tract 35.01, Stanislaus County, California",2277
"06099003502","Census Tract 35.02, Stanislaus County, California",1619
"06099003603","Census Tract 36.03, Stanislaus County, California",1361
"06099003607","Census Tract 36.07, Stanislaus County, California",821
"06099003608","Census Tract 36.08, Stanislaus County, California",2205
"06099003609","Census Tract 36.09, Stanislaus County, California",1309
"06099003610","Census Tract 36.10, Stanislaus County, California",1586
"06099003611","Census Tract 36.11, Stanislaus County, California",1295
"06099003612","Census Tract 36.12, Stanislaus County, California",2349
"06099003700","Census Tract 37, Stanislaus County, California",1468
"06099003802","Census Tract 38.02, Stanislaus County, California",1646
"06099003803","Census Tract 38.03, Stanislaus County, California",834
"06099003804","Census Tract 38.04, Stanislaus County, California",2307
"06099003805","Census Tract 38.05, Stanislaus County, California",1098
"06099003904","Census Tract 39.04, Stanislaus County, California",1823
"06099003905","Census Tract 39.05, Stanislaus County, California",1501
"06099003906","Census Tract 39.06, Stanislaus County, California",1947
"06099003907","Census Tract 39.07, Stanislaus County, California",2847
"06099003908","Census Tract 39.08, Stanislaus County, California",996
"06099003909","Census Tract 39.09, Stanislaus County, California",2574
"06099004000","Census Tract 40, Stanislaus County, California",1318
"06101050101","Census Tract 501.01, Sutter County, California",2590
"06101050102","Census Tract 501.02, Sutter County, California",1970
"06101050201","Census Tract 502.01, Sutter County, California",1270
"06101050202","Census Tract 502.02, Sutter County, California",1575
"06101050301","Census Tract 503.01, Sutter County, California",1021
"06101050302","Census Tract 503.02, Sutter County, California",2101
"06101050401","Census Tract 504.01, Sutter County, California",1672
"06101050402","Census Tract 504.02, Sutter County, California",1363
"06101050403","Census Tract 504.03, Sutter County, California",1076
"06101050501","Census Tract 505.01, Sutter County, California",2000
"06101050503","Census Tract 505.03, Sutter County, California",2220
"06101050504","Census Tract 505.04, Sutter County, California",2264
"06101050601","Census Tract 506.01, Sutter County, California",2147
"06101050603","Census Tract 506.03, Sutter County, California",2181
"06101050604","Census Tract 506.04, Sutter County, California",1691
"06101050701","Census Tract 507.01, Sutter County, California",1523
"06101050702","Census Tract 507.02, Sutter County, California",2112
"06101050800","Census Tract 508, Sutter County, California",1328
"06101050900","Census Tract 509, Sutter County, California",563
"06101051000","Census Tract 510, Sutter County, California",827
"06101051100","Census Tract 511, Sutter County, California",1005
"06103000100","Census Tract 1, Tehama County, California",2457
"06103000201","Census Tract 2.01, Tehama County, California",1550
"06103000202","Census Tract 2.02, Tehama County, California",1849
"06103000300","Census Tract 3, Tehama County, California",2034
"06103000400","Census Tract 4, Tehama County, California",2425
"06103000500","Census Tract 5, Tehama County, California",2440
"06103000600","Census Tract 6, Tehama County, California",2523
"06103000701","Census Tract 7.01, Tehama County, California",1803
"06103000702","Census Tract 7.02, Tehama County, California",1396
"06103000800","Census Tract 8, Tehama County, California",1545
"06103000900","Census Tract 9, Tehama County, California",1634
"06103001000","Census Tract 10, Tehama County, California",2685
"06103001101","Census Tract 11.01, Tehama County, California",931
"06103001102","Census Tract 11.02, Tehama County, California",2069
"06105000101","Census Tract 1.01, Trinity County, California",1753
"06105000102","Census Tract 1.02, Trinity County, California",2317
"06105000200","Census Tract 2, Trinity County, California",1212
"06105000500","Census Tract 5, Trinity County, California",2901
"06107000101","Census Tract 1.01, Tulare County, California",1359
"06107000102","Census Tract 1.02, Tulare County, California",1508
"06107000202","Census Tract 2.02, Tulare County, California",704
"06107000203","Census Tract 2.03, Tulare County, California",1230
"06107000204","Census Tract 2.04, Tulare County, California",1026
"06107000302","Census Tract 3.02, Tulare County, California",790
"06107000303","Census Tract 3.03, Tulare County, California",1271
"06107000304","Census Tract 3.04, Tulare County, California",859
"06107000401","Census Tract 4.01, Tulare County, California",1843
"06107000402","Census Tract 4.02, Tulare County, California",2240
"06107000501","Census Tract 5.01, Tulare County, California",2054
"06107000502","Census Tract 5.02, Tulare County, California",994
"06107000600","Census Tract 6, Tulare County, California",1515
"06107000701","Census Tract 7.01, Tulare County, California",858
"06107000702","Census Tract 7.02, Tulare County, California",1670
"06107000801","Census Tract 8.01, Tulare County, California",1305
"06107000802","Census Tract 8.02, Tulare County, California",957
"06107000901","Census Tract 9.01, Tulare County, California",1594
"06107000902","Census Tract 9.02, Tulare County, California",849
"06107001005","Census Tract 10.05, Tulare County, California",1100
"06107001006","Census Tract 10.06, Tulare County, California",2427
"06107001007","Census Tract 10.07, Tulare County, California",1608
"06107001008","Census Tract 10.08, Tulare County, California",1890
"06107001009","Census Tract 10.09, Tulare County, California",1090
"06107001010","Census Tract 10.10, Tulare County, California",1070
"06107001011","Census Tract 10.11, Tulare County, California",2416
"06107001012","Census Tract 10.12, Tulare County, California",3084
"06107001101","Census Tract 11.01, Tulare County, California",771
"06107001102","Census Tract 11.02, Tulare County, California",1257
"06107001200","Census Tract 12, Tulare County, California",627
"06107001303","Census Tract 13.03, Tulare County, California",1645
"06107001304","Census Tract 13.04, Tulare County, California",1265
"06107001305","Census Tract 13.05, Tulare County, California",901
"06107001306","Census Tract 13.06, Tulare County, California",1825
"06107001400","Census Tract 14, Tulare County, California",1847
"06107001501","Census Tract 15.01, Tulare County, California",1946
"06107001502","Census Tract 15.02, Tulare County, California",2021
"06107001601","Census Tract 16.01, Tulare County, California",1368
"06107001602","Census Tract 16.02, Tulare County, California",1759
"06107001701","Census Tract 17.01, Tulare County, California",2458
"06107001703","Census Tract 17.03, Tulare County, California",2895
"06107001705","Census Tract 17.05, Tulare County, California",1087
"06107001706","Census Tract 17.06, Tulare County, California",1992
"06107001800","Census Tract 18, Tulare County, California",1950
"06107001901","Census Tract 19.01, Tulare County, California",1292
"06107001902","Census Tract 19.02, Tulare County, California",1520
"06107002002","Census Tract 20.02, Tulare County, California",1769
"06107002003","Census Tract 20.03, Tulare County, California",2188
"06107002004","Census Tract 20.04, Tulare County, California",1950
"06107002006","Census Tract 20.06, Tulare County, California",1658
"06107002008","Census Tract 20.08, Tulare County, California",1154
"06107002009","Census Tract 20.09, Tulare County, California",1664
"06107002010","Census Tract 20.10, Tulare County, California",1995
"06107002011","Census Tract 20.11, Tulare County, California",1115
"06107002100","Census Tract 21, Tulare County, California",752
"06107002202","Census Tract 22.02, Tulare County, California",1715
"06107002203","Census Tract 22.03, Tulare County, California",1463
"06107002204","Census Tract 22.04, Tulare County, California",1786
"06107002302","Census Tract 23.02, Tulare County, California",1650
"06107002303","Census Tract 23.03, Tulare County, California",2561
"06107002304","Census Tract 23.04, Tulare County, California",774
"06107002401","Census Tract 24.01, Tulare County, California",1660
"06107002402","Census Tract 24.02, Tulare County, California",1699
"06107002403","Census Tract 24.03, Tulare County, California",1969
"06107002500","Census Tract 25, Tulare County, California",1219
"06107002601","Census Tract 26.01, Tulare County, California",1234
"06107002602","Census Tract 26.02, Tulare County, California",1471
"06107002701","Census Tract 27.01, Tulare County, California",2171
"06107002702","Census Tract 27.02, Tulare County, California",2014
"06107002800","Census Tract 28, Tulare County, California",1162
"06107002901","Census Tract 29.01, Tulare County, California",1174
"06107002903","Census Tract 29.03, Tulare County, California",1656
"06107002904","Census Tract 29.04, Tulare County, California",1700
"06107003001","Census Tract 30.01, Tulare County, California",1262
"06107003002","Census Tract 30.02, Tulare County, California",989
"06107003100","Census Tract 31, Tulare County, California",1022
"06107003201","Census Tract 32.01, Tulare County, California",1015
"06107003202","Census Tract 32.02, Tulare County, California",652
"06107003301","Census Tract 33.01, Tulare County, California",1325
"06107003302","Census Tract 33.02, Tulare County, California",936
"06107003401","Census Tract 34.01, Tulare County, California",1235
"06107003402","Census Tract 34.02, Tulare County, California",1009
"06107003501","Census Tract 35.01, Tulare County, California",1017
"06107003503","Census Tract 35.03, Tulare County, California",1642
"06107003504","Census Tract 35.04, Tulare County, California",1639
"06107003601","Census Tract 36.01, Tulare County, California",2525
"06107003602","Census Tract 36.02, Tulare County, California",2464
"06107003700","Census Tract 37, Tulare County, California",2054
"06107003801","Census Tract 38.01, Tulare County, California",1118
"06107003802","Census Tract 38.02, Tulare County, California",1639
"06107003902","Census Tract 39.02, Tulare County, California",1719
"06107003903","Census Tract 39.03, Tulare County, California",877
"06107003904","Census Tract 39.04, Tulare County, California",1062
"06107004000","Census Tract 40, Tulare County, California",4
"06107004102","Census Tract 41.02, Tulare County, California",593
"06107004103","Census Tract 41.03, Tulare County, California",1388
"06107004104","Census Tract 41.04, Tulare County, California",1343
"06107004200","Census Tract 42, Tulare County, California",1812
"06107004301","Census Tract 43.01, Tulare County, California",786
"06107004302","Census Tract 43.02, Tulare County, California",632
"06107004401","Census Tract 44.01, Tulare County, California",971
"06107004402","Census Tract 44.02, Tulare County, California",989
"06107004500","Census Tract 45, Tulare County, California",1873
"06109001100","Census Tract 11, Tuolumne County, California",1785
"06109001200","Census Tract 12, Tuolumne County, California",2060
"06109002101","Census Tract 21.01, Tuolumne County, California",1651
"06109002102","Census Tract 21.02, Tuolumne County, California",1018
"06109002201","Census Tract 22.01, Tuolumne County, California",2435
"06109002202","Census Tract 22.02, Tuolumne County, California",1408
"06109003101","Census Tract 31.01, Tuolumne County, California",2052
"06109003102","Census Tract 31.02, Tuolumne County, California",2413
"06109003103","Census Tract 31.03, Tuolumne County, California",2567
"06109003200","Census Tract 32, Tuolumne County, California",2536
"06109004101","Census Tract 41.01, Tuolumne County, California",1328
"06109004102","Census Tract 41.02, Tuolumne County, California",1301
"06109004201","Census Tract 42.01, Tuolumne County, California",1705
"06109004202","Census Tract 42.02, Tuolumne County, California",2094
"06109005101","Census Tract 51.01, Tuolumne County, California",2655
"06109005102","Census Tract 51.02, Tuolumne County, California",1414
"06109005201","Census Tract 52.01, Tuolumne County, California",993
"06109985202","Census Tract 9852.02, Tuolumne County, California",0
"06111000302","Census Tract 3.02, Ventura County, California",2659
"06111000303","Census Tract 3.03, Ventura County, California",1430
"06111000304","Census Tract 3.04, Ventura County, California",1264
"06111000400","Census Tract 4, Ventura County, California",1854
"06111000500","Census Tract 5, Ventura County, California",645
"06111000600","Census Tract 6, Ventura County, California",1946
"06111000701","Census Tract 7.01, Ventura County, California",1886
"06111000702","Census Tract 7.02, Ventura County, California",902
"06111000800","Census Tract 8, Ventura County, California",2787
"06111000901","Census Tract 9.01, Ventura County, California",1261
"06111000902","Census Tract 9.02, Ventura County, California",996
"06111000903","Census Tract 9.03, Ventura County, California",2418
"06111001002","Census Tract 10.02, Ventura County, California",2841
"06111001101","Census Tract 11.01, Ventura County, California",1813
"06111001102","Census Tract 11.02, Ventura County, California",1422
"06111001201","Census Tract 12.01, Ventura County, California",2383
"06111001202","Census Tract 12.02, Ventura County, California",2452
"06111001204","Census Tract 12.04, Ventura County, California",840
"06111001302","Census Tract 13.02, Ventura County, California",968
"06111001303","Census Tract 13.03, Ventura County, California",1593
"06111001304","Census Tract 13.04, Ventura County, California",1196
"06111001401","Census Tract 14.01, Ventura County, California",1421
"06111001402","Census Tract 14.02, Ventura County, California",2222
"06111001506","Census Tract 15.06, Ventura County, California",1775
"06111001507","Census Tract 15.07, Ventura County, California",1746
"06111001508","Census Tract 15.08, Ventura County, California",2027
"06111001509","Census Tract 15.09, Ventura County, California",1816
"06111001510","Census Tract 15.10, Ventura County, California",1140
"06111001511","Census Tract 15.11, Ventura County, California",792
"06111001602","Census Tract 16.02, Ventura County, California",954
"06111001801","Census Tract 18.01, Ventura County, California",1451
"06111001901","Census Tract 19.01, Ventura County, California",1518
"06111002000","Census Tract 20, Ventura County, California",1161
"06111002102","Census Tract 21.02, Ventura County, California",1052
"06111002200","Census Tract 22, Ventura County, California",2404
"06111002301","Census Tract 23.01, Ventura County, California",1021
"06111002302","Census Tract 23.02, Ventura County, California",1397
"06111002400","Census Tract 24, Ventura County, California",1567
"06111002500","Census Tract 25, Ventura County, California",2822
"06111002600","Census Tract 26, Ventura County, California",1460
"06111002700","Census Tract 27, Ventura County, California",1878
"06111002800","Census Tract 28, Ventura County, California",2597
"06111002901","Census Tract 29.01, Ventura County, California",1908
"06111002905","Census Tract 29.05, Ventura County, California",1682
"06111003010","Census Tract 30.10, Ventura County, California",1060
"06111003011","Census Tract 30.11, Ventura County, California",1576
"06111003013","Census Tract 30.13, Ventura County, California",1621
"06111003101","Census Tract 31.01, Ventura County, California",1019
"06111003102","Census Tract 31.02, Ventura County, California",1139
"06111003201","Census Tract 32.01, Ventura County, California",819
"06111003301","Census Tract 33.01, Ventura County, California",889
"06111003302","Census Tract 33.02, Ventura County, California",1486
"06111003608","Census Tract 36.08, Ventura County, California",1033
"06111003613","Census Tract 36.13, Ventura County, California",1170
"06111003614","Census Tract 36.14, Ventura County, California",1835
"06111003615","Census Tract 36.15, Ventura County, California",1723
"06111003616","Census Tract 36.16, Ventura County, California",2483
"06111003617","Census Tract 36.17, Ventura County, California",1534
"06111003618","Census Tract 36.18, Ventura County, California",1298
"06111003700","Census Tract 37, Ventura County, California",1278
"06111003801","Census Tract 38.01, Ventura County, California",1177
"06111003802","Census Tract 38.02, Ventura County, California",565
"06111003901","Census Tract 39.01, Ventura County, California",710
"06111003902","Census Tract 39.02, Ventura County, California",918
"06111004000","Census Tract 40, Ventura County, California",1420
"06111004101","Census Tract 41.01, Ventura County, California",1360
"06111004200","Census Tract 42, Ventura County, California",1305
"06111004304","Census Tract 43.04, Ventura County, California",2871
"06111004305","Census Tract 43.05, Ventura County, California",815
"06111004400","Census Tract 44, Ventura County, California",3304
"06111004503","Census Tract 45.03, Ventura County, California",1151
"06111004504","Census Tract 45.04, Ventura County, California",1200
"06111004505","Census Tract 45.05, Ventura County, California",471
"06111004507","Census Tract 45.07, Ventura County, California",692
"06111004508","Census Tract 45.08, Ventura County, California",827
"06111004600","Census Tract 46, Ventura County, California",530
"06111004704","Census Tract 47.04, Ventura County, California",412
"06111004710","Census Tract 47.10, Ventura County, California",1335
"06111004711","Census Tract 47.11, Ventura County, California",798
"06111004715","Census Tract 47.15, Ventura County, California",1282
"06111004716","Census Tract 47.16, Ventura County, California",912
"06111004717","Census Tract 47.17, Ventura County, California",739
"06111004901","Census Tract 49.01, Ventura County, California",2092
"06111004902","Census Tract 49.02, Ventura County, California",1030
"06111005002","Census Tract 50.02, Ventura County, California",785
"06111005004","Census Tract 50.04, Ventura County, California",3795
"06111005005","Census Tract 50.05, Ventura County, California",1178
"06111005006","Census Tract 50.06, Ventura County, California",727
"06111005202","Census Tract 52.02, Ventura County, California",1144
"06111005203","Census Tract 52.03, Ventura County, California",2004
"06111005204","Census Tract 52.04, Ventura County, California",1270
"06111005205","Census Tract 52.05, Ventura County, California",3604
"06111005304","Census Tract 53.04, Ventura County, California",3201
"06111005305","Census Tract 53.05, Ventura County, California",1932
"06111005306","Census Tract 53.06, Ventura County, California",1751
"06111005307","Census Tract 53.07, Ventura County, California",2372
"06111005308","Census Tract 53.08, Ventura County, California",1013
"06111005401","Census Tract 54.01, Ventura County, California",1350
"06111005403","Census Tract 54.03, Ventura County, California",1022
"06111005404","Census Tract 54.04, Ventura County, California",1240
"06111005502","Census Tract 55.02, Ventura County, California",2234
"06111005503","Census Tract 55.03, Ventura County, California",1430
"06111005504","Census Tract 55.04, Ventura County, California",1581
"06111005601","Census Tract 56.01, Ventura County, California",2466
"06111005602","Census Tract 56.02, Ventura County, California",2157
"06111005700","Census Tract 57, Ventura County, California",642
"06111005801","Census Tract 58.01, Ventura County, California",1778
"06111005803","Census Tract 58.03, Ventura County, California",1369
"06111005804","Census Tract 58.04, Ventura County, California",1771
"06111005901","Census Tract 59.01, Ventura County, California",2298
"06111005906","Census Tract 59.06, Ventura County, California",2619
"06111005907","Census Tract 59.07, Ventura County, California",1852
"06111005908","Census Tract 59.08, Ventura County, California",1014
"06111005909","Census Tract 59.09, Ventura County, California",1495
"06111005910","Census Tract 59.10, Ventura County, California",633
"06111005911","Census Tract 59.11, Ventura County, California",1642
"06111006000","Census Tract 60, Ventura County, California",1540
"06111006101","Census Tract 61.01, Ventura County, California",1415
"06111006102","Census Tract 61.02, Ventura County, California",1609
"06111006200","Census Tract 62, Ventura County, California",1079
"06111006301","Census Tract 63.01, Ventura County, California",2688
"06111006302","Census Tract 63.02, Ventura County, California",859
"06111006400","Census Tract 64, Ventura County, California",2575
"06111006500","Census Tract 65, Ventura County, California",1097
"06111006600","Census Tract 66, Ventura County, California",1360
"06111006700","Census Tract 67, Ventura County, California",1160
"06111006800","Census Tract 68, Ventura County, California",1295
"06111006900","Census Tract 69, Ventura County, California",1837
"06111007000","Census Tract 70, Ventura County, California",1742
"06111007100","Census Tract 71, Ventura County, California",2961
"06111007201","Census Tract 72.01, Ventura County, California",1217
"06111007202","Census Tract 72.02, Ventura County, California",1684
"06111007300","Census Tract 73, Ventura County, California",1037
"06111007402","Census Tract 74.02, Ventura County, California",2675
"06111007403","Census Tract 74.03, Ventura County, California",2190
"06111007405","Census Tract 74.05, Ventura County, California",2289
"06111007406","Census Tract 74.06, Ventura County, California",847
"06111007505","Census Tract 75.05, Ventura County, California",1118
"06111007506","Census Tract 75.06, Ventura County, California",2543
"06111007507","Census Tract 75.07, Ventura County, California",2362
"06111007508","Census Tract 75.08, Ventura County, California",1483
"06111007509","Census Tract 75.09, Ventura County, California",1672
"06111007510","Census Tract 75.10, Ventura County, California",2129
"06111007511","Census Tract 75.11, Ventura County, California",1002
"06111007512","Census Tract 75.12, Ventura County, California",2182
"06111007513","Census Tract 75.13, Ventura County, California",539
"06111007515","Census Tract 75.15, Ventura County, California",1430
"06111007516","Census Tract 75.16, Ventura County, California",1770
"06111007607","Census Tract 76.07, Ventura County, California",2064
"06111007609","Census Tract 76.09, Ventura County, California",800
"06111007610","Census Tract 76.10, Ventura County, California",1697
"06111007611","Census Tract 76.11, Ventura County, California",1126
"06111007612","Census Tract 76.12, Ventura County, California",1842
"06111007613","Census Tract 76.13, Ventura County, California",1532
"06111007614","Census Tract 76.14, Ventura County, California",2408
"06111007700","Census Tract 77, Ventura County, California",2263
"06111007800","Census Tract 78, Ventura County, California",1609
"06111007901","Census Tract 79.01, Ventura County, California",1699
"06111007903","Census Tract 79.03, Ventura County, California",1554
"06111007904","Census Tract 79.04, Ventura County, California",1716
"06111008001","Census Tract 80.01, Ventura County, California",965
"06111008002","Census Tract 80.02, Ventura County, California",1556
"06111008004","Census Tract 80.04, Ventura County, California",1487
"06111008005","Census Tract 80.05, Ventura County, California",772
"06111008101","Census Tract 81.01, Ventura County, California",1109
"06111008201","Census Tract 82.01, Ventura County, California",1605
"06111008202","Census Tract 82.02, Ventura County, California",1450
"06111008302","Census Tract 83.02, Ventura County, California",2006
"06111008303","Census Tract 83.03, Ventura County, California",1490
"06111008304","Census Tract 83.04, Ventura County, California",2108
"06111008307","Census Tract 83.07, Ventura County, California",1360
"06111008308","Census Tract 83.08, Ventura County, California",1507
"06111008401","Census Tract 84.01, Ventura County, California",1947
"06111008402","Census Tract 84.02, Ventura County, California",1714
"06111008501","Census Tract 85.01, Ventura County, California",1695
"06111008502","Census Tract 85.02, Ventura County, California",1422
"06111008601","Census Tract 86.01, Ventura County, California",1168
"06111008602","Census Tract 86.02, Ventura County, California",1253
"06111008700","Census Tract 87, Ventura County, California",1913
"06111008800","Census Tract 88, Ventura County, California",1388
"06111008900","Census Tract 89, Ventura County, California",725
"06111009100","Census Tract 91, Ventura County, California",1407
"06111009200","Census Tract 92, Ventura County, California",1855
"06111009300","Census Tract 93, Ventura County, California",1843
"06111009400","Census Tract 94, Ventura County, California",851
"06111009500","Census Tract 95, Ventura County, California",1673
"06111009600","Census Tract 96, Ventura County, California",1325
"06111009700","Census Tract 97, Ventura County, California",1174
"06111980000","Census Tract 9800, Ventura County, California",1
"06111990100","Census Tract 9901, Ventura County, California",0
"06113010102","Census Tract 101.02, Yolo County, California",565
"06113010103","Census Tract 101.03, Yolo County, California",1990
"06113010104","Census Tract 101.04, Yolo County, California",2011
"06113010105","Census Tract 101.05, Yolo County, California",963
"06113010201","Census Tract 102.01, Yolo County, California",1813
"06113010203","Census Tract 102.03, Yolo County, California",2289
"06113010204","Census Tract 102.04, Yolo County, California",2190
"06113010310","Census Tract 103.10, Yolo County, California",1938
"06113010312","Census Tract 103.12, Yolo County, California",1976
"06113010313","Census Tract 103.13, Yolo County, California",1832
"06113010314","Census Tract 103.14, Yolo County, California",798
"06113010315","Census Tract 103.15, Yolo County, California",571
"06113010401","Census Tract 104.01, Yolo County, California",1851
"06113010402","Census Tract 104.02, Yolo County, California",1370
"06113010501","Census Tract 105.01, Yolo County, California",1682
"06113010505","Census Tract 105.05, Yolo County, California",2333
"06113010508","Census Tract 105.08, Yolo County, California",1086
"06113010509","Census Tract 105.09, Yolo County, California",1443
"06113010510","Census Tract 105.10, Yolo County, California",2111
"06113010511","Census Tract 105.11, Yolo County, California",1315
"06113010512","Census Tract 105.12, Yolo County, California",1233
"06113010513","Census Tract 105.13, Yolo County, California",1221
"06113010602","Census Tract 106.02, Yolo County, California",2604
"06113010605","Census Tract 106.05, Yolo County, California",1276
"06113010607","Census Tract 106.07, Yolo County, California",1812
"06113010608","Census Tract 106.08, Yolo County, California",2142
"06113010609","Census Tract 106.09, Yolo County, California",954
"06113010610","Census Tract 106.10, Yolo County, California",1509
"06113010611","Census Tract 106.11, Yolo County, California",651
"06113010701","Census Tract 107.01, Yolo County, California",2328
"06113010703","Census Tract 107.03, Yolo County, California",1930
"06113010704","Census Tract 107.04, Yolo County, California",958
"06113010800","Census Tract 108, Yolo County, California",1392
"06113010901","Census Tract 109.01, Yolo County, California",1923
"06113010902","Census Tract 109.02, Yolo County, California",2436
"06113011001","Census Tract 110.01, Yolo County, California",2648
"06113011002","Census Tract 110.02, Yolo County, California",1415
"06113011101","Census Tract 111.01, Yolo County, California",1141
"06113011102","Census Tract 111.02, Yolo County, California",1608
"06113011103","Census Tract 111.03, Yolo County, California",1075
"06113011203","Census Tract 112.03, Yolo County, California",1066
"06113011204","Census Tract 112.04, Yolo County, California",2027
"06113011207","Census Tract 112.07, Yolo County, California",1007
"06113011208","Census Tract 112.08, Yolo County, California",2489
"06113011209","Census Tract 112.09, Yolo County, California",1290
"06113011210","Census Tract 112.10, Yolo County, California",837
"06113011211","Census Tract 112.11, Yolo County, California",481
"06113011301","Census Tract 113.01, Yolo County, California",743
"06113011302","Census Tract 113.02, Yolo County, California",1246
"06113011303","Census Tract 113.03, Yolo County, California",570
"06113011304","Census Tract 113.04, Yolo County, California",488
"06113011400","Census Tract 114, Yolo County, California",1500
"06113011500","Census Tract 115, Yolo County, California",2061
"06115040100","Census Tract 401, Yuba County, California",2065
"06115040201","Census Tract 402.01, Yuba County, California",1487
"06115040202","Census Tract 402.02, Yuba County, California",1664
"06115040301","Census Tract 403.01, Yuba County, California",1244
"06115040302","Census Tract 403.02, Yuba County, California",846
"06115040304","Census Tract 403.04, Yuba County, California",2008
"06115040305","Census Tract 403.05, Yuba County, California",914
"06115040400","Census Tract 404, Yuba County, California",1800
"06115040500","Census Tract 405, Yuba County, California",1312
"06115040600","Census Tract 406, Yuba County, California",2043
"06115040701","Census Tract 407.01, Yuba County, California",2541
"06115040702","Census Tract 407.02, Yuba County, California",1933
"06115040800","Census Tract 408, Yuba County, California",1626
"06115040901","Census Tract 409.01, Yuba County, California",1129
"06115040902","Census Tract 409.02, Yuba County, California",1310
"06115041001","Census Tract 410.01, Yuba County, California",1415
"06115041002","Census Tract 410.02, Yuba County, California",1691
"06115041101","Census Tract 411.01, Yuba County, California",1703
"06115041102","Census Tract 411.02, Yuba County, California",727
